14:41:31 | INFO    | Iniciando coleta | bairros: Copacabana, Tijuca, Urca | até 1 página(s) por bairro | ordenação: {'ordem': 'MOST_RECENT'}
14:41:36 | INFO    | Navegador iniciado (Chrome via undetected-chromedriver).
14:41:36 | INFO    | ======================================================================
14:41:36 | INFO    | BAIRRO: Copacabana  (limite: 1 páginas)
14:41:36 | INFO    | [Copacabana] Página 1/1 → https://www.zapimoveis.com.br/aluguel/imoveis/rj+rio-de-janeiro+zona-sul+copacabana/?ordem=MOST_RECENT
14:41:43 | INFO    | Pop-up de cookies aceito (adopt-accept-all-button).
14:41:49 | INFO    | [Copacabana] O site informa 1.122 imóveis (~38 páginas).
14:41:50 | INFO    | [Copacabana] Página 1: 30 anúncios no HTML, 30 novos, 0 repetidos (sem condomínio: 0, sem quartos: 4).
14:41:50 | INFO    | [Copacabana] Concluído: 30 anúncios novos coletados.
14:41:50 | INFO    | Aguardando 16.7s (troca de bairro)
14:42:07 | INFO    | ======================================================================
14:42:07 | INFO    | BAIRRO: Tijuca  (limite: 1 páginas)
14:42:07 | INFO    | [Tijuca] Página 1/1 → https://www.zapimoveis.com.br/aluguel/imoveis/rj+rio-de-janeiro+zona-norte+tijuca/?ordem=MOST_RECENT
14:42:10 | INFO    | Pop-up de cookies aceito (//button[contains(translate(normalize-space(.), 'ABCDEFGHIJKLMNOPQRSTUVWXYZ', 'abcdefghijklmnopqrstuvwxyz'), 'aceitar')]).
14:42:18 | INFO    | [Tijuca] O site informa 700 imóveis (~24 páginas).
14:42:18 | INFO    | [Tijuca] Página 1: 30 anúncios no HTML, 30 novos, 0 repetidos (sem condomínio: 0, sem quartos: 10).
14:42:18 | INFO    | [Tijuca] Concluído: 30 anúncios novos coletados.
14:42:18 | INFO    | Aguardando 16.6s (troca de bairro)
14:42:34 | INFO    | ======================================================================
14:42:34 | INFO    | BAIRRO: Urca  (limite: 1 páginas)
14:42:34 | INFO    | [Urca] Página 1/1 → https://www.zapimoveis.com.br/aluguel/imoveis/rj+rio-de-janeiro+zona-sul+urca/?ordem=MOST_RECENT
14:42:43 | INFO    | [Urca] O site informa 35 imóveis (~2 páginas).
14:42:43 | INFO    | [Urca] Página 1: 30 anúncios no HTML, 30 novos, 0 repetidos (sem condomínio: 0, sem quartos: 6).
14:42:43 | INFO    | [Urca] Concluído: 30 anúncios novos coletados.
14:42:44 | INFO    | Coleta finalizada: 90 anúncios gravados em C:\Users\jaque\OneDrive\Área de Trabalho\Web Scrapping\zap-scraper\zap_imoveis_raw_rj.csv (1.2 min).
15:34:06 | WARNING | Não foi possível renomear o CSV anterior ([WinError 32] O arquivo já está sendo usado por outro processo: 'zap_imoveis_raw_rj.csv' -> 'zap_imoveis_raw_rj_anterior_20260906_144243.csv'); ele será sobrescrito.
15:34:06 | INFO    | Iniciando coleta | 162 bairro(s) pendente(s) de 162 selecionado(s) | até 30 página(s) por bairro | ordenação: {'ordem': 'MOST_RECENT'}
15:34:06 | INFO    | Bairros: Castelo, Catumbi, Centro, Cidade Nova, Estácio, Gamboa, Lapa, Mangueira, Paquetá, Rio Comprido, Santa Teresa, Santo Cristo, Saúde, Abolição, Acari, Água Santa, Alto da Boa Vista, Anchieta, Andaraí, Bancários, Barros Filho, Benfica, Bento Ribeiro, Bonsucesso, Brás de Pina, Braz de Pina, Cachambi, Cacuia, Caju, Campinho, Cascadura, Cavalcanti, Cocotá, Coelho Neto, Colégio, Cordovil, Del Castilho, Encantado, Engenheiro Leal, Engenho de Dentro, Engenho Novo, Freguesia (Ilha do Governador), Galeão, Grajaú, Guadalupe, Higienópolis, Honório Gurgel, Ilha do Governador, Inhaúma, Irajá, Jacaré, Jacarezinho, Jardim América, Jardim Carioca, Jardim Guanabara, Lins de Vasconcelos, Madureira, Manguinhos, Maracanã, Marechal Hermes, Maria da Graça, Méier, Moneró, Olaria, Oswaldo Cruz, Parada de Lucas, Parque Anchieta, Parque Colúmbia, Pavuna, Penha, Penha Circular, Piedade, Pilares, Pitangueiras, Portuguesa, Praça da Bandeira, Praia da Bandeira, Quintino Bocaiúva, Ramos, Riachuelo, Ribeira, Ricardo de Albuquerque, Rocha, Rocha Miranda, Sampaio, São Cristóvão, São Francisco Xavier, Tauá, Tijuca, Todos os Santos, Tomás Coelho, Turiaçu, Vasco da Gama, Vaz Lobo, Vicente de Carvalho, Vigário Geral, Vila da Penha, Vila Isabel, Vila Kosmos, Vila Valqueire, Vista Alegre, Zumbi, Anil, Bangu, Barra da Tijuca, Barra de Guaratiba, Barra Olímpica, Camorim, Campo dos Afonsos, Campo Grande, Cidade de Deus, Cosmos, Curicica, Freguesia (Jacarepaguá), Gardênia Azul, Guaratiba, Ilha de Guaratiba, Inhoaíba, Itanhangá, Jacarepaguá, Jardim Oceânico, Jardim Sulacap, Joá, Magalhães Bastos, Paciência, Padre Miguel, Pechincha, Pedra de Guaratiba, Península, Praça Seca, Realengo, Recreio dos Bandeirantes, Santa Cruz, Santíssimo, Senador Camará, Senador Vasconcelos, Sepetiba, Tanque, Taquara, Vargem Grande, Vargem Pequena, Vila Militar, Arpoador, Botafogo, Catete, Copacabana, Cosme Velho, Flamengo, Gávea, Glória, Humaitá, Ipanema, Jardim Botânico, Lagoa, Laranjeiras, Leblon, Leme, Rocinha, São Conrado, Urca, Vidigal, Vila Kennedy
15:34:09 | INFO    | Navegador iniciado (Chrome via undetected-chromedriver).
15:34:09 | INFO    | ======================================================================
15:34:09 | INFO    | BAIRRO: Castelo  (limite: 30 páginas)
15:34:09 | INFO    | [Castelo] Página 1/30 → https://www.zapimoveis.com.br/aluguel/imoveis/rj+rio-de-janeiro+zona-central+castelo/?ordem=MOST_RECENT
15:34:12 | INFO    | Pop-up de cookies aceito (adopt-accept-all-button).
15:34:16 | INFO    | [Castelo] O site informa 7 imóveis (~1 páginas).
15:34:16 | INFO    | [Castelo] Página 1: 7 anúncios no HTML, 7 novos, 0 repetidos (sem condomínio: 0, sem quartos: 6).
15:34:16 | ERROR   | Sem permissão para gravar zap_imoveis_raw_rj.csv (está aberto?). Salvo em zap_imoveis_raw_rj_20260906_153416.csv.
15:34:16 | INFO    | Aguardando 4.1s (entre páginas)
15:34:20 | INFO    | [Castelo] Página 2/30 → https://www.zapimoveis.com.br/aluguel/imoveis/rj+rio-de-janeiro+zona-central+castelo/?ordem=MOST_RECENT&pagina=2
15:34:24 | INFO    | [Castelo] Nenhum card na página 2 — fim dos resultados do bairro.
15:34:24 | INFO    | [Castelo] Concluído: 7 anúncios novos coletados.
15:34:24 | INFO    | Progresso: 1/162 bairros | 7 anúncios no total | 0 min decorridos | ~49 min restantes (estimativa).
15:34:24 | INFO    | Aguardando 12.0s (troca de bairro)
15:34:36 | INFO    | ======================================================================
15:34:36 | INFO    | BAIRRO: Catumbi  (limite: 30 páginas)
15:34:36 | INFO    | [Catumbi] Página 1/30 → https://www.zapimoveis.com.br/aluguel/imoveis/rj+rio-de-janeiro+zona-central+catumbi/?ordem=MOST_RECENT
15:34:40 | INFO    | [Catumbi] O site informa 5 imóveis (~1 páginas).
15:34:40 | INFO    | [Catumbi] Página 1: 5 anúncios no HTML, 5 novos, 0 repetidos (sem condomínio: 0, sem quartos: 1).
15:34:40 | ERROR   | Sem permissão para gravar zap_imoveis_raw_rj.csv (está aberto?). Salvo em zap_imoveis_raw_rj_20260906_153440.csv.
15:34:40 | INFO    | Aguardando 4.2s (entre páginas)
15:34:44 | INFO    | [Catumbi] Página 2/30 → https://www.zapimoveis.com.br/aluguel/imoveis/rj+rio-de-janeiro+zona-central+catumbi/?ordem=MOST_RECENT&pagina=2
15:34:47 | INFO    | [Catumbi] Nenhum card na página 2 — fim dos resultados do bairro.
15:34:47 | INFO    | [Catumbi] Concluído: 5 anúncios novos coletados.
15:34:47 | INFO    | Progresso: 2/162 bairros | 12 anúncios no total | 1 min decorridos | ~56 min restantes (estimativa).
15:34:47 | INFO    | Aguardando 15.5s (troca de bairro)
15:35:03 | INFO    | ======================================================================
15:35:03 | INFO    | BAIRRO: Centro  (limite: 30 páginas)
15:35:03 | INFO    | [Centro] Página 1/30 → https://www.zapimoveis.com.br/aluguel/imoveis/rj+rio-de-janeiro+zona-central+centro/?ordem=MOST_RECENT
15:35:08 | INFO    | [Centro] O site informa 4.843 imóveis (~162 páginas).
15:35:09 | INFO    | [Centro] Página 1: 30 anúncios no HTML, 30 novos, 0 repetidos (sem condomínio: 0, sem quartos: 26).
15:35:09 | ERROR   | Sem permissão para gravar zap_imoveis_raw_rj.csv (está aberto?). Salvo em zap_imoveis_raw_rj_20260906_153509.csv.
15:35:09 | INFO    | Aguardando 4.9s (entre páginas)
15:35:14 | INFO    | [Centro] Página 2/30 → https://www.zapimoveis.com.br/aluguel/imoveis/rj+rio-de-janeiro+zona-central+centro/?ordem=MOST_RECENT&pagina=2
15:35:19 | INFO    | [Centro] Página 2: 30 anúncios no HTML, 30 novos, 0 repetidos (sem condomínio: 0, sem quartos: 28).
15:35:19 | ERROR   | Sem permissão para gravar zap_imoveis_raw_rj.csv (está aberto?). Salvo em zap_imoveis_raw_rj_20260906_153519.csv.
15:35:19 | INFO    | Aguardando 7.8s (entre páginas)
15:35:27 | INFO    | [Centro] Página 3/30 → https://www.zapimoveis.com.br/aluguel/imoveis/rj+rio-de-janeiro+zona-central+centro/?ordem=MOST_RECENT&pagina=3
15:35:33 | INFO    | [Centro] Página 3: 30 anúncios no HTML, 30 novos, 0 repetidos (sem condomínio: 0, sem quartos: 20).
15:35:33 | ERROR   | Sem permissão para gravar zap_imoveis_raw_rj.csv (está aberto?). Salvo em zap_imoveis_raw_rj_20260906_153533.csv.
15:35:33 | INFO    | Aguardando 8.9s (entre páginas)
15:35:42 | INFO    | [Centro] Página 4/30 → https://www.zapimoveis.com.br/aluguel/imoveis/rj+rio-de-janeiro+zona-central+centro/?ordem=MOST_RECENT&pagina=4
15:35:48 | INFO    | [Centro] Página 4: 30 anúncios no HTML, 30 novos, 0 repetidos (sem condomínio: 0, sem quartos: 25).
15:35:48 | ERROR   | Sem permissão para gravar zap_imoveis_raw_rj.csv (está aberto?). Salvo em zap_imoveis_raw_rj_20260906_153548.csv.
15:35:48 | INFO    | Aguardando 4.3s (entre páginas)
15:35:52 | INFO    | [Centro] Página 5/30 → https://www.zapimoveis.com.br/aluguel/imoveis/rj+rio-de-janeiro+zona-central+centro/?ordem=MOST_RECENT&pagina=5
15:35:58 | INFO    | [Centro] Página 5: 30 anúncios no HTML, 30 novos, 0 repetidos (sem condomínio: 0, sem quartos: 22).
15:35:58 | ERROR   | Sem permissão para gravar zap_imoveis_raw_rj.csv (está aberto?). Salvo em zap_imoveis_raw_rj_20260906_153558.csv.
15:35:58 | INFO    | Aguardando 5.9s (entre páginas)
15:36:04 | INFO    | [Centro] Página 6/30 → https://www.zapimoveis.com.br/aluguel/imoveis/rj+rio-de-janeiro+zona-central+centro/?ordem=MOST_RECENT&pagina=6
15:36:11 | INFO    | [Centro] Página 6: 30 anúncios no HTML, 30 novos, 0 repetidos (sem condomínio: 0, sem quartos: 24).
15:36:11 | ERROR   | Sem permissão para gravar zap_imoveis_raw_rj.csv (está aberto?). Salvo em zap_imoveis_raw_rj_20260906_153611.csv.
15:36:11 | INFO    | Aguardando 5.8s (entre páginas)
15:36:17 | INFO    | [Centro] Página 7/30 → https://www.zapimoveis.com.br/aluguel/imoveis/rj+rio-de-janeiro+zona-central+centro/?ordem=MOST_RECENT&pagina=7
15:36:22 | INFO    | [Centro] Página 7: 30 anúncios no HTML, 30 novos, 0 repetidos (sem condomínio: 0, sem quartos: 25).
15:36:22 | ERROR   | Sem permissão para gravar zap_imoveis_raw_rj.csv (está aberto?). Salvo em zap_imoveis_raw_rj_20260906_153622.csv.
15:36:22 | INFO    | Aguardando 7.9s (entre páginas)
15:36:30 | INFO    | [Centro] Página 8/30 → https://www.zapimoveis.com.br/aluguel/imoveis/rj+rio-de-janeiro+zona-central+centro/?ordem=MOST_RECENT&pagina=8
15:36:36 | INFO    | [Centro] Página 8: 30 anúncios no HTML, 30 novos, 0 repetidos (sem condomínio: 0, sem quartos: 28).
15:36:36 | ERROR   | Sem permissão para gravar zap_imoveis_raw_rj.csv (está aberto?). Salvo em zap_imoveis_raw_rj_20260906_153636.csv.
15:36:36 | INFO    | Aguardando 8.4s (entre páginas)
15:36:44 | INFO    | [Centro] Página 9/30 → https://www.zapimoveis.com.br/aluguel/imoveis/rj+rio-de-janeiro+zona-central+centro/?ordem=MOST_RECENT&pagina=9
15:36:49 | INFO    | [Centro] Página 9: 30 anúncios no HTML, 30 novos, 0 repetidos (sem condomínio: 0, sem quartos: 28).
15:36:49 | ERROR   | Sem permissão para gravar zap_imoveis_raw_rj.csv (está aberto?). Salvo em zap_imoveis_raw_rj_20260906_153649.csv.
15:36:49 | INFO    | Aguardando 6.4s (entre páginas)
15:36:55 | INFO    | [Centro] Página 10/30 → https://www.zapimoveis.com.br/aluguel/imoveis/rj+rio-de-janeiro+zona-central+centro/?ordem=MOST_RECENT&pagina=10
15:37:01 | INFO    | [Centro] Página 10: 30 anúncios no HTML, 30 novos, 0 repetidos (sem condomínio: 0, sem quartos: 24).
15:37:01 | ERROR   | Sem permissão para gravar zap_imoveis_raw_rj.csv (está aberto?). Salvo em zap_imoveis_raw_rj_20260906_153701.csv.
15:37:01 | INFO    | Aguardando 6.2s (entre páginas)
15:37:07 | INFO    | [Centro] Página 11/30 → https://www.zapimoveis.com.br/aluguel/imoveis/rj+rio-de-janeiro+zona-central+centro/?ordem=MOST_RECENT&pagina=11
15:37:13 | INFO    | [Centro] Página 11: 30 anúncios no HTML, 30 novos, 0 repetidos (sem condomínio: 0, sem quartos: 24).
15:37:13 | ERROR   | Sem permissão para gravar zap_imoveis_raw_rj.csv (está aberto?). Salvo em zap_imoveis_raw_rj_20260906_153713.csv.
15:37:13 | INFO    | Aguardando 6.6s (entre páginas)
15:37:20 | INFO    | [Centro] Página 12/30 → https://www.zapimoveis.com.br/aluguel/imoveis/rj+rio-de-janeiro+zona-central+centro/?ordem=MOST_RECENT&pagina=12
15:37:25 | INFO    | [Centro] Página 12: 30 anúncios no HTML, 30 novos, 0 repetidos (sem condomínio: 0, sem quartos: 22).
15:37:25 | ERROR   | Sem permissão para gravar zap_imoveis_raw_rj.csv (está aberto?). Salvo em zap_imoveis_raw_rj_20260906_153725.csv.
15:37:25 | INFO    | Aguardando 4.6s (entre páginas)
15:37:30 | INFO    | [Centro] Página 13/30 → https://www.zapimoveis.com.br/aluguel/imoveis/rj+rio-de-janeiro+zona-central+centro/?ordem=MOST_RECENT&pagina=13
15:37:36 | INFO    | [Centro] Página 13: 30 anúncios no HTML, 30 novos, 0 repetidos (sem condomínio: 0, sem quartos: 28).
15:37:36 | ERROR   | Sem permissão para gravar zap_imoveis_raw_rj.csv (está aberto?). Salvo em zap_imoveis_raw_rj_20260906_153736.csv.
15:37:36 | INFO    | Aguardando 6.8s (entre páginas)
15:37:43 | INFO    | [Centro] Página 14/30 → https://www.zapimoveis.com.br/aluguel/imoveis/rj+rio-de-janeiro+zona-central+centro/?ordem=MOST_RECENT&pagina=14
15:37:48 | INFO    | [Centro] Página 14: 30 anúncios no HTML, 30 novos, 0 repetidos (sem condomínio: 0, sem quartos: 22).
15:37:48 | ERROR   | Sem permissão para gravar zap_imoveis_raw_rj.csv (está aberto?). Salvo em zap_imoveis_raw_rj_20260906_153748.csv.
15:37:48 | INFO    | Aguardando 8.0s (entre páginas)
15:37:56 | INFO    | [Centro] Página 15/30 → https://www.zapimoveis.com.br/aluguel/imoveis/rj+rio-de-janeiro+zona-central+centro/?ordem=MOST_RECENT&pagina=15
15:38:02 | INFO    | [Centro] Página 15: 30 anúncios no HTML, 30 novos, 0 repetidos (sem condomínio: 0, sem quartos: 25).
15:38:02 | ERROR   | Sem permissão para gravar zap_imoveis_raw_rj.csv (está aberto?). Salvo em zap_imoveis_raw_rj_20260906_153802.csv.
15:38:02 | INFO    | Aguardando 8.4s (entre páginas)
15:38:11 | INFO    | [Centro] Página 16/30 → https://www.zapimoveis.com.br/aluguel/imoveis/rj+rio-de-janeiro+zona-central+centro/?ordem=MOST_RECENT&pagina=16
15:38:16 | INFO    | [Centro] Página 16: 30 anúncios no HTML, 30 novos, 0 repetidos (sem condomínio: 0, sem quartos: 27).
15:38:16 | ERROR   | Sem permissão para gravar zap_imoveis_raw_rj.csv (está aberto?). Salvo em zap_imoveis_raw_rj_20260906_153816.csv.
15:38:16 | INFO    | Aguardando 5.2s (entre páginas)
15:38:21 | INFO    | [Centro] Página 17/30 → https://www.zapimoveis.com.br/aluguel/imoveis/rj+rio-de-janeiro+zona-central+centro/?ordem=MOST_RECENT&pagina=17
15:38:27 | INFO    | [Centro] Página 17: 30 anúncios no HTML, 30 novos, 0 repetidos (sem condomínio: 0, sem quartos: 25).
15:38:27 | ERROR   | Sem permissão para gravar zap_imoveis_raw_rj.csv (está aberto?). Salvo em zap_imoveis_raw_rj_20260906_153827.csv.
15:38:27 | INFO    | Aguardando 5.3s (entre páginas)
15:38:32 | INFO    | [Centro] Página 18/30 → https://www.zapimoveis.com.br/aluguel/imoveis/rj+rio-de-janeiro+zona-central+centro/?ordem=MOST_RECENT&pagina=18
15:38:38 | INFO    | [Centro] Página 18: 30 anúncios no HTML, 30 novos, 0 repetidos (sem condomínio: 0, sem quartos: 27).
15:38:38 | ERROR   | Sem permissão para gravar zap_imoveis_raw_rj.csv (está aberto?). Salvo em zap_imoveis_raw_rj_20260906_153838.csv.
15:38:38 | INFO    | Aguardando 8.1s (entre páginas)
15:38:46 | INFO    | [Centro] Página 19/30 → https://www.zapimoveis.com.br/aluguel/imoveis/rj+rio-de-janeiro+zona-central+centro/?ordem=MOST_RECENT&pagina=19
15:38:52 | INFO    | [Centro] Página 19: 30 anúncios no HTML, 30 novos, 0 repetidos (sem condomínio: 0, sem quartos: 23).
15:38:52 | ERROR   | Sem permissão para gravar zap_imoveis_raw_rj.csv (está aberto?). Salvo em zap_imoveis_raw_rj_20260906_153852.csv.
15:38:52 | INFO    | Aguardando 7.1s (entre páginas)
15:38:59 | INFO    | [Centro] Página 20/30 → https://www.zapimoveis.com.br/aluguel/imoveis/rj+rio-de-janeiro+zona-central+centro/?ordem=MOST_RECENT&pagina=20
15:39:05 | INFO    | [Centro] Página 20: 30 anúncios no HTML, 30 novos, 0 repetidos (sem condomínio: 0, sem quartos: 27).
15:39:05 | ERROR   | Sem permissão para gravar zap_imoveis_raw_rj.csv (está aberto?). Salvo em zap_imoveis_raw_rj_20260906_153905.csv.
15:39:05 | INFO    | Aguardando 6.2s (entre páginas)
15:39:11 | INFO    | [Centro] Página 21/30 → https://www.zapimoveis.com.br/aluguel/imoveis/rj+rio-de-janeiro+zona-central+centro/?ordem=MOST_RECENT&pagina=21
15:39:17 | INFO    | [Centro] Página 21: 30 anúncios no HTML, 30 novos, 0 repetidos (sem condomínio: 0, sem quartos: 29).
15:39:17 | ERROR   | Sem permissão para gravar zap_imoveis_raw_rj.csv (está aberto?). Salvo em zap_imoveis_raw_rj_20260906_153917.csv.
15:39:17 | INFO    | Aguardando 6.0s (entre páginas)
15:39:23 | INFO    | [Centro] Página 22/30 → https://www.zapimoveis.com.br/aluguel/imoveis/rj+rio-de-janeiro+zona-central+centro/?ordem=MOST_RECENT&pagina=22
15:39:29 | INFO    | [Centro] Página 22: 30 anúncios no HTML, 30 novos, 0 repetidos (sem condomínio: 0, sem quartos: 23).
15:39:29 | ERROR   | Sem permissão para gravar zap_imoveis_raw_rj.csv (está aberto?). Salvo em zap_imoveis_raw_rj_20260906_153929.csv.
15:39:29 | INFO    | Aguardando 7.2s (entre páginas)
15:39:36 | INFO    | [Centro] Página 23/30 → https://www.zapimoveis.com.br/aluguel/imoveis/rj+rio-de-janeiro+zona-central+centro/?ordem=MOST_RECENT&pagina=23
15:39:42 | INFO    | [Centro] Página 23: 30 anúncios no HTML, 30 novos, 0 repetidos (sem condomínio: 0, sem quartos: 30).
15:39:42 | ERROR   | Sem permissão para gravar zap_imoveis_raw_rj.csv (está aberto?). Salvo em zap_imoveis_raw_rj_20260906_153942.csv.
15:39:42 | INFO    | Aguardando 7.2s (entre páginas)
15:39:49 | INFO    | [Centro] Página 24/30 → https://www.zapimoveis.com.br/aluguel/imoveis/rj+rio-de-janeiro+zona-central+centro/?ordem=MOST_RECENT&pagina=24
15:39:55 | INFO    | [Centro] Página 24: 30 anúncios no HTML, 30 novos, 0 repetidos (sem condomínio: 0, sem quartos: 25).
15:39:55 | ERROR   | Sem permissão para gravar zap_imoveis_raw_rj.csv (está aberto?). Salvo em zap_imoveis_raw_rj_20260906_153955.csv.
15:39:55 | INFO    | Aguardando 5.8s (entre páginas)
15:40:01 | INFO    | [Centro] Página 25/30 → https://www.zapimoveis.com.br/aluguel/imoveis/rj+rio-de-janeiro+zona-central+centro/?ordem=MOST_RECENT&pagina=25
15:40:07 | INFO    | [Centro] Página 25: 30 anúncios no HTML, 30 novos, 0 repetidos (sem condomínio: 0, sem quartos: 26).
15:40:07 | ERROR   | Sem permissão para gravar zap_imoveis_raw_rj.csv (está aberto?). Salvo em zap_imoveis_raw_rj_20260906_154007.csv.
15:40:07 | INFO    | Aguardando 6.3s (entre páginas)
15:40:13 | INFO    | [Centro] Página 26/30 → https://www.zapimoveis.com.br/aluguel/imoveis/rj+rio-de-janeiro+zona-central+centro/?ordem=MOST_RECENT&pagina=26
15:40:19 | INFO    | [Centro] Página 26: 30 anúncios no HTML, 30 novos, 0 repetidos (sem condomínio: 0, sem quartos: 28).
15:40:19 | ERROR   | Sem permissão para gravar zap_imoveis_raw_rj.csv (está aberto?). Salvo em zap_imoveis_raw_rj_20260906_154019.csv.
15:40:19 | INFO    | Aguardando 4.7s (entre páginas)
15:40:24 | INFO    | [Centro] Página 27/30 → https://www.zapimoveis.com.br/aluguel/imoveis/rj+rio-de-janeiro+zona-central+centro/?ordem=MOST_RECENT&pagina=27
15:40:29 | INFO    | [Centro] Página 27: 30 anúncios no HTML, 30 novos, 0 repetidos (sem condomínio: 0, sem quartos: 28).
15:40:29 | ERROR   | Sem permissão para gravar zap_imoveis_raw_rj.csv (está aberto?). Salvo em zap_imoveis_raw_rj_20260906_154029.csv.
15:40:29 | INFO    | Aguardando 5.5s (entre páginas)
15:40:34 | INFO    | [Centro] Página 28/30 → https://www.zapimoveis.com.br/aluguel/imoveis/rj+rio-de-janeiro+zona-central+centro/?ordem=MOST_RECENT&pagina=28
15:40:42 | INFO    | [Centro] Página 28: 30 anúncios no HTML, 30 novos, 0 repetidos (sem condomínio: 0, sem quartos: 20).
15:40:42 | ERROR   | Sem permissão para gravar zap_imoveis_raw_rj.csv (está aberto?). Salvo em zap_imoveis_raw_rj_20260906_154042.csv.
15:40:42 | INFO    | Aguardando 6.7s (entre páginas)
15:40:49 | INFO    | [Centro] Página 29/30 → https://www.zapimoveis.com.br/aluguel/imoveis/rj+rio-de-janeiro+zona-central+centro/?ordem=MOST_RECENT&pagina=29
15:40:55 | INFO    | [Centro] Página 29: 30 anúncios no HTML, 30 novos, 0 repetidos (sem condomínio: 0, sem quartos: 29).
15:40:55 | ERROR   | Sem permissão para gravar zap_imoveis_raw_rj.csv (está aberto?). Salvo em zap_imoveis_raw_rj_20260906_154055.csv.
15:40:55 | INFO    | Aguardando 5.8s (entre páginas)
15:41:01 | INFO    | [Centro] Página 30/30 → https://www.zapimoveis.com.br/aluguel/imoveis/rj+rio-de-janeiro+zona-central+centro/?ordem=MOST_RECENT&pagina=30
15:41:07 | INFO    | [Centro] Página 30: 30 anúncios no HTML, 30 novos, 0 repetidos (sem condomínio: 0, sem quartos: 24).
15:41:07 | ERROR   | Sem permissão para gravar zap_imoveis_raw_rj.csv (está aberto?). Salvo em zap_imoveis_raw_rj_20260906_154107.csv.
15:41:07 | INFO    | [Centro] Concluído: 900 anúncios novos coletados.
15:41:07 | INFO    | Progresso: 3/162 bairros | 912 anúncios no total | 7 min decorridos | ~372 min restantes (estimativa).
15:41:07 | INFO    | Aguardando 17.4s (troca de bairro)
15:41:24 | INFO    | ======================================================================
15:41:24 | INFO    | BAIRRO: Cidade Nova  (limite: 30 páginas)
15:41:24 | INFO    | [Cidade Nova] Página 1/30 → https://www.zapimoveis.com.br/aluguel/imoveis/rj+rio-de-janeiro+zona-central+cid-nova/?ordem=MOST_RECENT
15:41:29 | INFO    | [Cidade Nova] O site informa 149 imóveis (~5 páginas).
15:41:29 | INFO    | [Cidade Nova] Página 1: 30 anúncios no HTML, 27 novos, 3 repetidos (sem condomínio: 0, sem quartos: 25).
15:41:29 | ERROR   | Sem permissão para gravar zap_imoveis_raw_rj.csv (está aberto?). Salvo em zap_imoveis_raw_rj_20260906_154129.csv.
15:41:29 | INFO    | Aguardando 8.0s (entre páginas)
15:41:37 | INFO    | [Cidade Nova] Página 2/30 → https://www.zapimoveis.com.br/aluguel/imoveis/rj+rio-de-janeiro+zona-central+cid-nova/?ordem=MOST_RECENT&pagina=2
15:41:43 | INFO    | [Cidade Nova] Página 2: 30 anúncios no HTML, 30 novos, 0 repetidos (sem condomínio: 0, sem quartos: 30).
15:41:43 | ERROR   | Sem permissão para gravar zap_imoveis_raw_rj.csv (está aberto?). Salvo em zap_imoveis_raw_rj_20260906_154143.csv.
15:41:43 | INFO    | Aguardando 6.4s (entre páginas)
15:41:49 | INFO    | [Cidade Nova] Página 3/30 → https://www.zapimoveis.com.br/aluguel/imoveis/rj+rio-de-janeiro+zona-central+cid-nova/?ordem=MOST_RECENT&pagina=3
15:41:55 | INFO    | [Cidade Nova] Página 3: 30 anúncios no HTML, 29 novos, 1 repetidos (sem condomínio: 0, sem quartos: 25).
15:41:55 | ERROR   | Sem permissão para gravar zap_imoveis_raw_rj.csv (está aberto?). Salvo em zap_imoveis_raw_rj_20260906_154155.csv.
15:41:55 | INFO    | Aguardando 4.9s (entre páginas)
15:42:00 | INFO    | [Cidade Nova] Página 4/30 → https://www.zapimoveis.com.br/aluguel/imoveis/rj+rio-de-janeiro+zona-central+cid-nova/?ordem=MOST_RECENT&pagina=4
15:42:05 | INFO    | [Cidade Nova] Página 4: 30 anúncios no HTML, 30 novos, 0 repetidos (sem condomínio: 0, sem quartos: 26).
15:42:05 | ERROR   | Sem permissão para gravar zap_imoveis_raw_rj.csv (está aberto?). Salvo em zap_imoveis_raw_rj_20260906_154205.csv.
15:42:05 | INFO    | Aguardando 7.6s (entre páginas)
15:42:13 | INFO    | [Cidade Nova] Página 5/30 → https://www.zapimoveis.com.br/aluguel/imoveis/rj+rio-de-janeiro+zona-central+cid-nova/?ordem=MOST_RECENT&pagina=5
15:42:19 | INFO    | [Cidade Nova] Página 5: 29 anúncios no HTML, 29 novos, 0 repetidos (sem condomínio: 0, sem quartos: 29).
15:42:19 | ERROR   | Sem permissão para gravar zap_imoveis_raw_rj.csv (está aberto?). Salvo em zap_imoveis_raw_rj_20260906_154219.csv.
15:42:19 | INFO    | Aguardando 7.9s (entre páginas)
15:42:27 | INFO    | [Cidade Nova] Página 6/30 → https://www.zapimoveis.com.br/aluguel/imoveis/rj+rio-de-janeiro+zona-central+cid-nova/?ordem=MOST_RECENT&pagina=6
15:42:32 | INFO    | [Cidade Nova] Nenhum card na página 6 — fim dos resultados do bairro.
15:42:32 | INFO    | [Cidade Nova] Concluído: 145 anúncios novos coletados.
15:42:32 | INFO    | Progresso: 4/162 bairros | 1057 anúncios no total | 8 min decorridos | ~334 min restantes (estimativa).
15:42:32 | INFO    | Aguardando 13.7s (troca de bairro)
15:42:46 | INFO    | ======================================================================
15:42:46 | INFO    | BAIRRO: Estácio  (limite: 30 páginas)
15:42:46 | INFO    | [Estácio] Página 1/30 → https://www.zapimoveis.com.br/aluguel/imoveis/rj+rio-de-janeiro+zona-central+estacio/?ordem=MOST_RECENT
15:42:52 | INFO    | [Estácio] O site informa 33 imóveis (~2 páginas).
15:42:52 | INFO    | [Estácio] Página 1: 30 anúncios no HTML, 30 novos, 0 repetidos (sem condomínio: 0, sem quartos: 22).
15:42:53 | ERROR   | Sem permissão para gravar zap_imoveis_raw_rj.csv (está aberto?). Salvo em zap_imoveis_raw_rj_20260906_154253.csv.
15:42:53 | INFO    | Aguardando 4.0s (entre páginas)
15:42:57 | INFO    | [Estácio] Página 2/30 → https://www.zapimoveis.com.br/aluguel/imoveis/rj+rio-de-janeiro+zona-central+estacio/?ordem=MOST_RECENT&pagina=2
15:43:04 | INFO    | [Estácio] Página 2: 3 anúncios no HTML, 3 novos, 0 repetidos (sem condomínio: 0, sem quartos: 1).
15:43:04 | ERROR   | Sem permissão para gravar zap_imoveis_raw_rj.csv (está aberto?). Salvo em zap_imoveis_raw_rj_20260906_154304.csv.
15:43:04 | INFO    | Aguardando 8.1s (entre páginas)
15:43:13 | INFO    | [Estácio] Página 3/30 → https://www.zapimoveis.com.br/aluguel/imoveis/rj+rio-de-janeiro+zona-central+estacio/?ordem=MOST_RECENT&pagina=3
15:43:16 | INFO    | [Estácio] Nenhum card na página 3 — fim dos resultados do bairro.
15:43:16 | INFO    | [Estácio] Concluído: 33 anúncios novos coletados.
15:43:16 | INFO    | Progresso: 5/162 bairros | 1090 anúncios no total | 9 min decorridos | ~288 min restantes (estimativa).
15:43:16 | INFO    | Aguardando 17.4s (troca de bairro)
15:43:34 | INFO    | ======================================================================
15:43:34 | INFO    | BAIRRO: Gamboa  (limite: 30 páginas)
15:43:34 | INFO    | [Gamboa] Página 1/30 → https://www.zapimoveis.com.br/aluguel/imoveis/rj+rio-de-janeiro+zona-central+gamboa/?ordem=MOST_RECENT
15:43:40 | INFO    | [Gamboa] O site informa 15 imóveis (~1 páginas).
15:43:40 | INFO    | [Gamboa] Página 1: 15 anúncios no HTML, 15 novos, 0 repetidos (sem condomínio: 0, sem quartos: 12).
15:43:40 | ERROR   | Sem permissão para gravar zap_imoveis_raw_rj.csv (está aberto?). Salvo em zap_imoveis_raw_rj_20260906_154340.csv.
15:43:40 | INFO    | Aguardando 8.8s (entre páginas)
15:43:49 | INFO    | [Gamboa] Página 2/30 → https://www.zapimoveis.com.br/aluguel/imoveis/rj+rio-de-janeiro+zona-central+gamboa/?ordem=MOST_RECENT&pagina=2
15:43:53 | INFO    | [Gamboa] Nenhum card na página 2 — fim dos resultados do bairro.
15:43:53 | INFO    | [Gamboa] Concluído: 15 anúncios novos coletados.
15:43:53 | INFO    | Progresso: 6/162 bairros | 1105 anúncios no total | 10 min decorridos | ~254 min restantes (estimativa).
15:43:53 | INFO    | Aguardando 13.4s (troca de bairro)
15:44:06 | INFO    | ======================================================================
15:44:06 | INFO    | BAIRRO: Lapa  (limite: 30 páginas)
15:44:06 | INFO    | [Lapa] Página 1/30 → https://www.zapimoveis.com.br/aluguel/imoveis/rj+rio-de-janeiro+zona-central+lapa/?ordem=MOST_RECENT
15:44:11 | INFO    | [Lapa] O site informa 17 imóveis (~1 páginas).
15:44:12 | INFO    | [Lapa] Página 1: 17 anúncios no HTML, 10 novos, 7 repetidos (sem condomínio: 0, sem quartos: 3).
15:44:12 | ERROR   | Sem permissão para gravar zap_imoveis_raw_rj.csv (está aberto?). Salvo em zap_imoveis_raw_rj_20260906_154412.csv.
15:44:12 | INFO    | Aguardando 8.2s (entre páginas)
15:44:20 | INFO    | [Lapa] Página 2/30 → https://www.zapimoveis.com.br/aluguel/imoveis/rj+rio-de-janeiro+zona-central+lapa/?ordem=MOST_RECENT&pagina=2
15:44:23 | INFO    | [Lapa] Nenhum card na página 2 — fim dos resultados do bairro.
15:44:23 | INFO    | [Lapa] Concluído: 10 anúncios novos coletados.
15:44:23 | INFO    | Progresso: 7/162 bairros | 1115 anúncios no total | 10 min decorridos | ~228 min restantes (estimativa).
15:44:23 | INFO    | Aguardando 19.9s (troca de bairro)
15:44:43 | INFO    | ======================================================================
15:44:43 | INFO    | BAIRRO: Mangueira  (limite: 30 páginas)
15:44:43 | INFO    | [Mangueira] Página 1/30 → https://www.zapimoveis.com.br/aluguel/imoveis/rj+rio-de-janeiro+zona-central+mangueira/?ordem=MOST_RECENT
15:44:46 | INFO    | [Mangueira] O site informa 1 imóveis (~1 páginas).
15:44:46 | INFO    | [Mangueira] Página 1: 1 anúncios no HTML, 1 novos, 0 repetidos (sem condomínio: 0, sem quartos: 1).
15:44:46 | ERROR   | Sem permissão para gravar zap_imoveis_raw_rj.csv (está aberto?). Salvo em zap_imoveis_raw_rj_20260906_154446.csv.
15:44:46 | INFO    | Aguardando 4.5s (entre páginas)
15:44:51 | INFO    | [Mangueira] Página 2/30 → https://www.zapimoveis.com.br/aluguel/imoveis/rj+rio-de-janeiro+zona-central+mangueira/?ordem=MOST_RECENT&pagina=2
15:44:54 | INFO    | [Mangueira] Nenhum card na página 2 — fim dos resultados do bairro.
15:44:54 | INFO    | [Mangueira] Concluído: 1 anúncios novos coletados.
15:44:54 | INFO    | Progresso: 8/162 bairros | 1116 anúncios no total | 11 min decorridos | ~208 min restantes (estimativa).
15:44:54 | INFO    | Aguardando 14.0s (troca de bairro)
15:45:08 | INFO    | ======================================================================
15:45:08 | INFO    | BAIRRO: Paquetá  (limite: 30 páginas)
15:45:08 | INFO    | [Paquetá] Página 1/30 → https://www.zapimoveis.com.br/aluguel/imoveis/rj+rio-de-janeiro+zona-central+paqueta/?ordem=MOST_RECENT
15:45:12 | INFO    | [Paquetá] O site informa 7 imóveis (~1 páginas).
15:45:12 | INFO    | [Paquetá] Página 1: 7 anúncios no HTML, 7 novos, 0 repetidos (sem condomínio: 0, sem quartos: 0).
15:45:12 | ERROR   | Sem permissão para gravar zap_imoveis_raw_rj.csv (está aberto?). Salvo em zap_imoveis_raw_rj_20260906_154512.csv.
15:45:12 | INFO    | Aguardando 4.3s (entre páginas)
15:45:17 | INFO    | [Paquetá] Página 2/30 → https://www.zapimoveis.com.br/aluguel/imoveis/rj+rio-de-janeiro+zona-central+paqueta/?ordem=MOST_RECENT&pagina=2
15:45:21 | INFO    | [Paquetá] Nenhum card na página 2 — fim dos resultados do bairro.
15:45:21 | INFO    | [Paquetá] Concluído: 7 anúncios novos coletados.
15:45:21 | INFO    | Progresso: 9/162 bairros | 1123 anúncios no total | 11 min decorridos | ~191 min restantes (estimativa).
15:45:21 | INFO    | Aguardando 15.9s (troca de bairro)
15:45:37 | INFO    | ======================================================================
15:45:37 | INFO    | BAIRRO: Rio Comprido  (limite: 30 páginas)
15:45:37 | INFO    | [Rio Comprido] Página 1/30 → https://www.zapimoveis.com.br/aluguel/imoveis/rj+rio-de-janeiro+zona-central+rio-comprido/?ordem=MOST_RECENT
15:45:42 | INFO    | [Rio Comprido] O site informa 81 imóveis (~3 páginas).
15:45:43 | INFO    | [Rio Comprido] Página 1: 30 anúncios no HTML, 30 novos, 0 repetidos (sem condomínio: 0, sem quartos: 12).
15:45:43 | ERROR   | Sem permissão para gravar zap_imoveis_raw_rj.csv (está aberto?). Salvo em zap_imoveis_raw_rj_20260906_154543.csv.
15:45:43 | INFO    | Aguardando 6.1s (entre páginas)
15:45:49 | INFO    | [Rio Comprido] Página 2/30 → https://www.zapimoveis.com.br/aluguel/imoveis/rj+rio-de-janeiro+zona-central+rio-comprido/?ordem=MOST_RECENT&pagina=2
15:45:55 | INFO    | [Rio Comprido] Página 2: 30 anúncios no HTML, 29 novos, 1 repetidos (sem condomínio: 0, sem quartos: 16).
15:45:55 | ERROR   | Sem permissão para gravar zap_imoveis_raw_rj.csv (está aberto?). Salvo em zap_imoveis_raw_rj_20260906_154555.csv.
15:45:55 | INFO    | Aguardando 7.3s (entre páginas)
15:46:03 | INFO    | [Rio Comprido] Página 3/30 → https://www.zapimoveis.com.br/aluguel/imoveis/rj+rio-de-janeiro+zona-central+rio-comprido/?ordem=MOST_RECENT&pagina=3
15:46:08 | INFO    | [Rio Comprido] Página 3: 21 anúncios no HTML, 21 novos, 0 repetidos (sem condomínio: 0, sem quartos: 13).
15:46:09 | ERROR   | Sem permissão para gravar zap_imoveis_raw_rj.csv (está aberto?). Salvo em zap_imoveis_raw_rj_20260906_154608.csv.
15:46:09 | INFO    | Aguardando 6.3s (entre páginas)
15:46:15 | INFO    | [Rio Comprido] Página 4/30 → https://www.zapimoveis.com.br/aluguel/imoveis/rj+rio-de-janeiro+zona-central+rio-comprido/?ordem=MOST_RECENT&pagina=4
15:46:19 | INFO    | [Rio Comprido] Nenhum card na página 4 — fim dos resultados do bairro.
15:46:19 | INFO    | [Rio Comprido] Concluído: 80 anúncios novos coletados.
15:46:19 | INFO    | Progresso: 10/162 bairros | 1203 anúncios no total | 12 min decorridos | ~186 min restantes (estimativa).
15:46:19 | INFO    | Aguardando 19.8s (troca de bairro)
15:46:39 | INFO    | ======================================================================
15:46:39 | INFO    | BAIRRO: Santa Teresa  (limite: 30 páginas)
15:46:39 | INFO    | [Santa Teresa] Página 1/30 → https://www.zapimoveis.com.br/aluguel/imoveis/rj+rio-de-janeiro+zona-central+sta-teresa/?ordem=MOST_RECENT
15:46:45 | INFO    | [Santa Teresa] O site informa 18 imóveis (~1 páginas).
15:46:45 | INFO    | [Santa Teresa] Página 1: 18 anúncios no HTML, 18 novos, 0 repetidos (sem condomínio: 0, sem quartos: 0).
15:46:45 | ERROR   | Sem permissão para gravar zap_imoveis_raw_rj.csv (está aberto?). Salvo em zap_imoveis_raw_rj_20260906_154645.csv.
15:46:45 | INFO    | Aguardando 6.4s (entre páginas)
15:46:51 | INFO    | [Santa Teresa] Página 2/30 → https://www.zapimoveis.com.br/aluguel/imoveis/rj+rio-de-janeiro+zona-central+sta-teresa/?ordem=MOST_RECENT&pagina=2
15:46:57 | INFO    | [Santa Teresa] Nenhum card na página 2 — fim dos resultados do bairro.
15:46:57 | INFO    | [Santa Teresa] Concluído: 18 anúncios novos coletados.
15:46:57 | INFO    | Progresso: 11/162 bairros | 1221 anúncios no total | 13 min decorridos | ~176 min restantes (estimativa).
15:46:57 | INFO    | Aguardando 19.1s (troca de bairro)
15:47:16 | INFO    | ======================================================================
15:47:16 | INFO    | BAIRRO: Santo Cristo  (limite: 30 páginas)
15:47:16 | INFO    | [Santo Cristo] Página 1/30 → https://www.zapimoveis.com.br/aluguel/imoveis/rj+rio-de-janeiro+zona-central+sto-cristo/?ordem=MOST_RECENT
15:47:21 | INFO    | [Santo Cristo] O site informa 183 imóveis (~7 páginas).
15:47:22 | INFO    | [Santo Cristo] Página 1: 30 anúncios no HTML, 28 novos, 2 repetidos (sem condomínio: 0, sem quartos: 7).
15:47:22 | ERROR   | Sem permissão para gravar zap_imoveis_raw_rj.csv (está aberto?). Salvo em zap_imoveis_raw_rj_20260906_154722.csv.
15:47:22 | INFO    | Aguardando 4.6s (entre páginas)
15:47:27 | INFO    | [Santo Cristo] Página 2/30 → https://www.zapimoveis.com.br/aluguel/imoveis/rj+rio-de-janeiro+zona-central+sto-cristo/?ordem=MOST_RECENT&pagina=2
15:47:32 | INFO    | [Santo Cristo] Página 2: 30 anúncios no HTML, 29 novos, 1 repetidos (sem condomínio: 0, sem quartos: 19).
15:47:32 | ERROR   | Sem permissão para gravar zap_imoveis_raw_rj.csv (está aberto?). Salvo em zap_imoveis_raw_rj_20260906_154732.csv.
15:47:32 | INFO    | Aguardando 8.9s (entre páginas)
15:47:41 | INFO    | [Santo Cristo] Página 3/30 → https://www.zapimoveis.com.br/aluguel/imoveis/rj+rio-de-janeiro+zona-central+sto-cristo/?ordem=MOST_RECENT&pagina=3
15:47:47 | INFO    | [Santo Cristo] Página 3: 30 anúncios no HTML, 30 novos, 0 repetidos (sem condomínio: 0, sem quartos: 30).
15:47:47 | ERROR   | Sem permissão para gravar zap_imoveis_raw_rj.csv (está aberto?). Salvo em zap_imoveis_raw_rj_20260906_154747.csv.
15:47:47 | INFO    | Aguardando 5.4s (entre páginas)
15:47:53 | INFO    | [Santo Cristo] Página 4/30 → https://www.zapimoveis.com.br/aluguel/imoveis/rj+rio-de-janeiro+zona-central+sto-cristo/?ordem=MOST_RECENT&pagina=4
15:47:58 | INFO    | [Santo Cristo] Página 4: 30 anúncios no HTML, 30 novos, 0 repetidos (sem condomínio: 0, sem quartos: 28).
15:47:58 | ERROR   | Sem permissão para gravar zap_imoveis_raw_rj.csv (está aberto?). Salvo em zap_imoveis_raw_rj_20260906_154758.csv.
15:47:58 | INFO    | Aguardando 4.8s (entre páginas)
15:48:03 | INFO    | [Santo Cristo] Página 5/30 → https://www.zapimoveis.com.br/aluguel/imoveis/rj+rio-de-janeiro+zona-central+sto-cristo/?ordem=MOST_RECENT&pagina=5
15:48:13 | INFO    | [Santo Cristo] Página 5: 30 anúncios no HTML, 30 novos, 0 repetidos (sem condomínio: 0, sem quartos: 30).
15:48:13 | ERROR   | Sem permissão para gravar zap_imoveis_raw_rj.csv (está aberto?). Salvo em zap_imoveis_raw_rj_20260906_154813.csv.
15:48:13 | INFO    | Aguardando 7.8s (entre páginas)
15:48:21 | INFO    | [Santo Cristo] Página 6/30 → https://www.zapimoveis.com.br/aluguel/imoveis/rj+rio-de-janeiro+zona-central+sto-cristo/?ordem=MOST_RECENT&pagina=6
15:48:27 | INFO    | [Santo Cristo] Página 6: 30 anúncios no HTML, 30 novos, 0 repetidos (sem condomínio: 0, sem quartos: 26).
15:48:27 | ERROR   | Sem permissão para gravar zap_imoveis_raw_rj.csv (está aberto?). Salvo em zap_imoveis_raw_rj_20260906_154827.csv.
15:48:27 | INFO    | Aguardando 4.2s (entre páginas)
15:48:31 | INFO    | [Santo Cristo] Página 7/30 → https://www.zapimoveis.com.br/aluguel/imoveis/rj+rio-de-janeiro+zona-central+sto-cristo/?ordem=MOST_RECENT&pagina=7
15:48:38 | INFO    | [Santo Cristo] Página 7: 3 anúncios no HTML, 3 novos, 0 repetidos (sem condomínio: 0, sem quartos: 3).
15:48:38 | ERROR   | Sem permissão para gravar zap_imoveis_raw_rj.csv (está aberto?). Salvo em zap_imoveis_raw_rj_20260906_154838.csv.
15:48:38 | INFO    | Aguardando 5.5s (entre páginas)
15:48:43 | INFO    | [Santo Cristo] Página 8/30 → https://www.zapimoveis.com.br/aluguel/imoveis/rj+rio-de-janeiro+zona-central+sto-cristo/?ordem=MOST_RECENT&pagina=8
15:48:48 | INFO    | [Santo Cristo] Nenhum card na página 8 — fim dos resultados do bairro.
15:48:48 | INFO    | [Santo Cristo] Concluído: 180 anúncios novos coletados.
15:48:48 | INFO    | Progresso: 12/162 bairros | 1401 anúncios no total | 15 min decorridos | ~184 min restantes (estimativa).
15:48:48 | INFO    | Aguardando 10.7s (troca de bairro)
15:48:59 | INFO    | ======================================================================
15:48:59 | INFO    | BAIRRO: Saúde  (limite: 30 páginas)
15:48:59 | INFO    | [Saúde] Página 1/30 → https://www.zapimoveis.com.br/aluguel/imoveis/rj+rio-de-janeiro+zona-central+saude/?ordem=MOST_RECENT
15:49:05 | INFO    | [Saúde] O site informa 60 imóveis (~2 páginas).
15:49:06 | INFO    | [Saúde] Página 1: 30 anúncios no HTML, 27 novos, 3 repetidos (sem condomínio: 0, sem quartos: 26).
15:49:06 | ERROR   | Sem permissão para gravar zap_imoveis_raw_rj.csv (está aberto?). Salvo em zap_imoveis_raw_rj_20260906_154906.csv.
15:49:06 | INFO    | Aguardando 4.5s (entre páginas)
15:49:10 | INFO    | [Saúde] Página 2/30 → https://www.zapimoveis.com.br/aluguel/imoveis/rj+rio-de-janeiro+zona-central+saude/?ordem=MOST_RECENT&pagina=2
15:49:16 | INFO    | [Saúde] Página 2: 30 anúncios no HTML, 30 novos, 0 repetidos (sem condomínio: 0, sem quartos: 29).
15:49:16 | ERROR   | Sem permissão para gravar zap_imoveis_raw_rj.csv (está aberto?). Salvo em zap_imoveis_raw_rj_20260906_154916.csv.
15:49:16 | INFO    | Aguardando 8.6s (entre páginas)
15:49:24 | INFO    | [Saúde] Página 3/30 → https://www.zapimoveis.com.br/aluguel/imoveis/rj+rio-de-janeiro+zona-central+saude/?ordem=MOST_RECENT&pagina=3
15:49:28 | INFO    | [Saúde] Nenhum card na página 3 — fim dos resultados do bairro.
15:49:28 | INFO    | [Saúde] Concluído: 57 anúncios novos coletados.
15:49:28 | INFO    | Progresso: 13/162 bairros | 1458 anúncios no total | 15 min decorridos | ~176 min restantes (estimativa).
15:49:28 | INFO    | Aguardando 10.0s (troca de bairro)
15:49:38 | INFO    | ======================================================================
15:49:39 | INFO    | BAIRRO: Abolição  (limite: 30 páginas)
15:49:39 | INFO    | [Abolição] Página 1/30 → https://www.zapimoveis.com.br/aluguel/imoveis/rj+rio-de-janeiro+zona-norte+abolicao/?ordem=MOST_RECENT
15:49:45 | INFO    | [Abolição] O site informa 31 imóveis (~2 páginas).
15:49:45 | INFO    | [Abolição] Página 1: 30 anúncios no HTML, 30 novos, 0 repetidos (sem condomínio: 0, sem quartos: 14).
15:49:45 | ERROR   | Sem permissão para gravar zap_imoveis_raw_rj.csv (está aberto?). Salvo em zap_imoveis_raw_rj_20260906_154945.csv.
15:49:45 | INFO    | Aguardando 6.1s (entre páginas)
15:49:51 | INFO    | [Abolição] Página 2/30 → https://www.zapimoveis.com.br/aluguel/imoveis/rj+rio-de-janeiro+zona-norte+abolicao/?ordem=MOST_RECENT&pagina=2
15:49:55 | INFO    | [Abolição] Página 2: 1 anúncios no HTML, 1 novos, 0 repetidos (sem condomínio: 0, sem quartos: 1).
15:49:55 | ERROR   | Sem permissão para gravar zap_imoveis_raw_rj.csv (está aberto?). Salvo em zap_imoveis_raw_rj_20260906_154955.csv.
15:49:55 | INFO    | Aguardando 8.8s (entre páginas)
15:50:03 | INFO    | [Abolição] Página 3/30 → https://www.zapimoveis.com.br/aluguel/imoveis/rj+rio-de-janeiro+zona-norte+abolicao/?ordem=MOST_RECENT&pagina=3
15:50:07 | INFO    | [Abolição] Nenhum card na página 3 — fim dos resultados do bairro.
15:50:07 | INFO    | [Abolição] Concluído: 31 anúncios novos coletados.
15:50:07 | INFO    | Progresso: 14/162 bairros | 1489 anúncios no total | 16 min decorridos | ~169 min restantes (estimativa).
15:50:07 | INFO    | Aguardando 11.6s (troca de bairro)
15:50:19 | INFO    | ======================================================================
15:50:19 | INFO    | BAIRRO: Acari  (limite: 30 páginas)
15:50:19 | INFO    | [Acari] Página 1/30 → https://www.zapimoveis.com.br/aluguel/imoveis/rj+rio-de-janeiro+zona-norte+acari/?ordem=MOST_RECENT
15:50:21 | INFO    | [Acari] O site informa 2 imóveis (~1 páginas).
15:50:22 | INFO    | [Acari] Página 1: 2 anúncios no HTML, 2 novos, 0 repetidos (sem condomínio: 0, sem quartos: 0).
15:50:22 | ERROR   | Sem permissão para gravar zap_imoveis_raw_rj.csv (está aberto?). Salvo em zap_imoveis_raw_rj_20260906_155022.csv.
15:50:22 | INFO    | Aguardando 7.7s (entre páginas)
15:50:29 | INFO    | [Acari] Página 2/30 → https://www.zapimoveis.com.br/aluguel/imoveis/rj+rio-de-janeiro+zona-norte+acari/?ordem=MOST_RECENT&pagina=2
15:50:33 | INFO    | [Acari] Nenhum card na página 2 — fim dos resultados do bairro.
15:50:33 | INFO    | [Acari] Concluído: 2 anúncios novos coletados.
15:50:33 | INFO    | Progresso: 15/162 bairros | 1491 anúncios no total | 16 min decorridos | ~161 min restantes (estimativa).
15:50:33 | INFO    | Aguardando 13.5s (troca de bairro)
15:50:46 | INFO    | ======================================================================
15:50:46 | INFO    | BAIRRO: Água Santa  (limite: 30 páginas)
15:50:46 | INFO    | [Água Santa] Página 1/30 → https://www.zapimoveis.com.br/aluguel/imoveis/rj+rio-de-janeiro+zona-norte+agua-santa/?ordem=MOST_RECENT
15:50:50 | INFO    | [Água Santa] O site informa 8 imóveis (~1 páginas).
15:50:50 | INFO    | [Água Santa] Página 1: 8 anúncios no HTML, 8 novos, 0 repetidos (sem condomínio: 0, sem quartos: 2).
15:50:50 | ERROR   | Sem permissão para gravar zap_imoveis_raw_rj.csv (está aberto?). Salvo em zap_imoveis_raw_rj_20260906_155050.csv.
15:50:50 | INFO    | Aguardando 4.2s (entre páginas)
15:50:54 | INFO    | [Água Santa] Página 2/30 → https://www.zapimoveis.com.br/aluguel/imoveis/rj+rio-de-janeiro+zona-norte+agua-santa/?ordem=MOST_RECENT&pagina=2
15:50:58 | INFO    | [Água Santa] Nenhum card na página 2 — fim dos resultados do bairro.
15:50:58 | INFO    | [Água Santa] Concluído: 8 anúncios novos coletados.
15:50:58 | INFO    | Progresso: 16/162 bairros | 1499 anúncios no total | 17 min decorridos | ~154 min restantes (estimativa).
15:50:58 | INFO    | Aguardando 14.8s (troca de bairro)
15:51:13 | INFO    | ======================================================================
15:51:13 | INFO    | BAIRRO: Alto da Boa Vista  (limite: 30 páginas)
15:51:13 | INFO    | [Alto da Boa Vista] Página 1/30 → https://www.zapimoveis.com.br/aluguel/imoveis/rj+rio-de-janeiro+zona-norte+alto-da-boa-vista/?ordem=MOST_RECENT
15:51:19 | INFO    | [Alto da Boa Vista] O site informa 14 imóveis (~1 páginas).
15:51:19 | INFO    | [Alto da Boa Vista] Página 1: 14 anúncios no HTML, 14 novos, 0 repetidos (sem condomínio: 0, sem quartos: 7).
15:51:19 | ERROR   | Sem permissão para gravar zap_imoveis_raw_rj.csv (está aberto?). Salvo em zap_imoveis_raw_rj_20260906_155119.csv.
15:51:19 | INFO    | Aguardando 6.8s (entre páginas)
15:51:26 | INFO    | [Alto da Boa Vista] Página 2/30 → https://www.zapimoveis.com.br/aluguel/imoveis/rj+rio-de-janeiro+zona-norte+alto-da-boa-vista/?ordem=MOST_RECENT&pagina=2
15:51:30 | INFO    | [Alto da Boa Vista] Nenhum card na página 2 — fim dos resultados do bairro.
15:51:30 | INFO    | [Alto da Boa Vista] Concluído: 14 anúncios novos coletados.
15:51:30 | INFO    | Progresso: 17/162 bairros | 1513 anúncios no total | 17 min decorridos | ~148 min restantes (estimativa).
15:51:30 | INFO    | Aguardando 15.1s (troca de bairro)
15:51:45 | INFO    | ======================================================================
15:51:45 | INFO    | BAIRRO: Anchieta  (limite: 30 páginas)
15:51:45 | INFO    | [Anchieta] Página 1/30 → https://www.zapimoveis.com.br/aluguel/imoveis/rj+rio-de-janeiro+zona-norte+anchieta/?ordem=MOST_RECENT
15:51:52 | INFO    | [Anchieta] O site informa 8 imóveis (~1 páginas).
15:51:53 | INFO    | [Anchieta] Página 1: 8 anúncios no HTML, 8 novos, 0 repetidos (sem condomínio: 0, sem quartos: 4).
15:51:53 | ERROR   | Sem permissão para gravar zap_imoveis_raw_rj.csv (está aberto?). Salvo em zap_imoveis_raw_rj_20260906_155153.csv.
15:51:53 | INFO    | Aguardando 5.4s (entre páginas)
15:51:58 | INFO    | [Anchieta] Página 2/30 → https://www.zapimoveis.com.br/aluguel/imoveis/rj+rio-de-janeiro+zona-norte+anchieta/?ordem=MOST_RECENT&pagina=2
15:52:03 | INFO    | [Anchieta] Nenhum card na página 2 — fim dos resultados do bairro.
15:52:03 | INFO    | [Anchieta] Concluído: 8 anúncios novos coletados.
15:52:03 | INFO    | Progresso: 18/162 bairros | 1521 anúncios no total | 18 min decorridos | ~144 min restantes (estimativa).
15:52:03 | INFO    | Aguardando 12.2s (troca de bairro)
15:52:16 | INFO    | ======================================================================
15:52:16 | INFO    | BAIRRO: Andaraí  (limite: 30 páginas)
15:52:16 | INFO    | [Andaraí] Página 1/30 → https://www.zapimoveis.com.br/aluguel/imoveis/rj+rio-de-janeiro+zona-norte+andarai/?ordem=MOST_RECENT
15:52:23 | INFO    | [Andaraí] O site informa 62 imóveis (~3 páginas).
15:52:23 | INFO    | [Andaraí] Página 1: 30 anúncios no HTML, 30 novos, 0 repetidos (sem condomínio: 0, sem quartos: 10).
15:52:23 | ERROR   | Sem permissão para gravar zap_imoveis_raw_rj.csv (está aberto?). Salvo em zap_imoveis_raw_rj_20260906_155223.csv.
15:52:23 | INFO    | Aguardando 8.9s (entre páginas)
15:52:32 | INFO    | [Andaraí] Página 2/30 → https://www.zapimoveis.com.br/aluguel/imoveis/rj+rio-de-janeiro+zona-norte+andarai/?ordem=MOST_RECENT&pagina=2
15:52:39 | INFO    | [Andaraí] Página 2: 30 anúncios no HTML, 30 novos, 0 repetidos (sem condomínio: 0, sem quartos: 13).
15:52:39 | ERROR   | Sem permissão para gravar zap_imoveis_raw_rj.csv (está aberto?). Salvo em zap_imoveis_raw_rj_20260906_155239.csv.
15:52:39 | INFO    | Aguardando 5.3s (entre páginas)
15:52:45 | INFO    | [Andaraí] Página 3/30 → https://www.zapimoveis.com.br/aluguel/imoveis/rj+rio-de-janeiro+zona-norte+andarai/?ordem=MOST_RECENT&pagina=3
15:52:52 | INFO    | [Andaraí] Página 3: 2 anúncios no HTML, 2 novos, 0 repetidos (sem condomínio: 0, sem quartos: 2).
15:52:52 | ERROR   | Sem permissão para gravar zap_imoveis_raw_rj.csv (está aberto?). Salvo em zap_imoveis_raw_rj_20260906_155252.csv.
15:52:52 | INFO    | Aguardando 8.8s (entre páginas)
15:53:01 | INFO    | [Andaraí] Página 4/30 → https://www.zapimoveis.com.br/aluguel/imoveis/rj+rio-de-janeiro+zona-norte+andarai/?ordem=MOST_RECENT&pagina=4
15:53:05 | INFO    | [Andaraí] Nenhum card na página 4 — fim dos resultados do bairro.
15:53:05 | INFO    | [Andaraí] Concluído: 62 anúncios novos coletados.
15:53:05 | INFO    | Progresso: 19/162 bairros | 1583 anúncios no total | 19 min decorridos | ~143 min restantes (estimativa).
15:53:05 | INFO    | Aguardando 14.7s (troca de bairro)
15:53:20 | INFO    | ======================================================================
15:53:20 | INFO    | BAIRRO: Bancários  (limite: 30 páginas)
15:53:20 | INFO    | [Bancários] Página 1/30 → https://www.zapimoveis.com.br/aluguel/imoveis/rj+rio-de-janeiro+zona-norte+bancarios/?ordem=MOST_RECENT
15:53:24 | INFO    | [Bancários] O site informa 7 imóveis (~1 páginas).
15:53:25 | INFO    | [Bancários] Página 1: 7 anúncios no HTML, 7 novos, 0 repetidos (sem condomínio: 0, sem quartos: 1).
15:53:25 | ERROR   | Sem permissão para gravar zap_imoveis_raw_rj.csv (está aberto?). Salvo em zap_imoveis_raw_rj_20260906_155325.csv.
15:53:25 | INFO    | Aguardando 8.6s (entre páginas)
15:53:33 | INFO    | [Bancários] Página 2/30 → https://www.zapimoveis.com.br/aluguel/imoveis/rj+rio-de-janeiro+zona-norte+bancarios/?ordem=MOST_RECENT&pagina=2
15:53:37 | INFO    | [Bancários] Nenhum card na página 2 — fim dos resultados do bairro.
15:53:37 | INFO    | [Bancários] Concluído: 7 anúncios novos coletados.
15:53:37 | INFO    | Progresso: 20/162 bairros | 1590 anúncios no total | 20 min decorridos | ~139 min restantes (estimativa).
15:53:37 | INFO    | Aguardando 11.9s (troca de bairro)
15:53:49 | INFO    | ======================================================================
15:53:49 | INFO    | BAIRRO: Barros Filho  (limite: 30 páginas)
15:53:49 | INFO    | [Barros Filho] Página 1/30 → https://www.zapimoveis.com.br/aluguel/imoveis/rj+rio-de-janeiro+zona-norte+barros-filho/?ordem=MOST_RECENT
15:53:53 | INFO    | [Barros Filho] O site informa 3 imóveis (~1 páginas).
15:53:53 | INFO    | [Barros Filho] Página 1: 3 anúncios no HTML, 3 novos, 0 repetidos (sem condomínio: 0, sem quartos: 2).
15:53:53 | ERROR   | Sem permissão para gravar zap_imoveis_raw_rj.csv (está aberto?). Salvo em zap_imoveis_raw_rj_20260906_155353.csv.
15:53:53 | INFO    | Aguardando 6.2s (entre páginas)
15:53:59 | INFO    | [Barros Filho] Página 2/30 → https://www.zapimoveis.com.br/aluguel/imoveis/rj+rio-de-janeiro+zona-norte+barros-filho/?ordem=MOST_RECENT&pagina=2
15:54:02 | INFO    | [Barros Filho] Nenhum card na página 2 — fim dos resultados do bairro.
15:54:02 | INFO    | [Barros Filho] Concluído: 3 anúncios novos coletados.
15:54:02 | INFO    | Progresso: 21/162 bairros | 1593 anúncios no total | 20 min decorridos | ~134 min restantes (estimativa).
15:54:02 | INFO    | Aguardando 14.1s (troca de bairro)
15:54:16 | INFO    | ======================================================================
15:54:16 | INFO    | BAIRRO: Benfica  (limite: 30 páginas)
15:54:16 | INFO    | [Benfica] Página 1/30 → https://www.zapimoveis.com.br/aluguel/imoveis/rj+rio-de-janeiro+zona-norte+benfica/?ordem=MOST_RECENT
15:54:22 | INFO    | [Benfica] O site informa 69 imóveis (~3 páginas).
15:54:22 | INFO    | [Benfica] Página 1: 30 anúncios no HTML, 30 novos, 0 repetidos (sem condomínio: 0, sem quartos: 24).
15:54:22 | ERROR   | Sem permissão para gravar zap_imoveis_raw_rj.csv (está aberto?). Salvo em zap_imoveis_raw_rj_20260906_155422.csv.
15:54:22 | INFO    | Aguardando 5.4s (entre páginas)
15:54:28 | INFO    | [Benfica] Página 2/30 → https://www.zapimoveis.com.br/aluguel/imoveis/rj+rio-de-janeiro+zona-norte+benfica/?ordem=MOST_RECENT&pagina=2
15:54:35 | INFO    | [Benfica] Página 2: 30 anúncios no HTML, 30 novos, 0 repetidos (sem condomínio: 0, sem quartos: 25).
15:54:35 | ERROR   | Sem permissão para gravar zap_imoveis_raw_rj.csv (está aberto?). Salvo em zap_imoveis_raw_rj_20260906_155435.csv.
15:54:35 | INFO    | Aguardando 4.7s (entre páginas)
15:54:40 | INFO    | [Benfica] Página 3/30 → https://www.zapimoveis.com.br/aluguel/imoveis/rj+rio-de-janeiro+zona-norte+benfica/?ordem=MOST_RECENT&pagina=3
15:54:45 | INFO    | [Benfica] Página 3: 9 anúncios no HTML, 9 novos, 0 repetidos (sem condomínio: 0, sem quartos: 8).
15:54:45 | ERROR   | Sem permissão para gravar zap_imoveis_raw_rj.csv (está aberto?). Salvo em zap_imoveis_raw_rj_20260906_155445.csv.
15:54:45 | INFO    | Aguardando 5.9s (entre páginas)
15:54:51 | INFO    | [Benfica] Página 4/30 → https://www.zapimoveis.com.br/aluguel/imoveis/rj+rio-de-janeiro+zona-norte+benfica/?ordem=MOST_RECENT&pagina=4
15:54:55 | INFO    | [Benfica] Nenhum card na página 4 — fim dos resultados do bairro.
15:54:55 | INFO    | [Benfica] Concluído: 69 anúncios novos coletados.
15:54:55 | INFO    | Progresso: 22/162 bairros | 1662 anúncios no total | 21 min decorridos | ~132 min restantes (estimativa).
15:54:55 | INFO    | Aguardando 12.0s (troca de bairro)
15:55:07 | INFO    | ======================================================================
15:55:07 | INFO    | BAIRRO: Bento Ribeiro  (limite: 30 páginas)
15:55:07 | INFO    | [Bento Ribeiro] Página 1/30 → https://www.zapimoveis.com.br/aluguel/imoveis/rj+rio-de-janeiro+zona-norte+bento-ribeiro/?ordem=MOST_RECENT
15:55:15 | INFO    | [Bento Ribeiro] O site informa 66 imóveis (~3 páginas).
15:55:16 | INFO    | [Bento Ribeiro] Página 1: 30 anúncios no HTML, 30 novos, 0 repetidos (sem condomínio: 0, sem quartos: 8).
15:55:16 | ERROR   | Sem permissão para gravar zap_imoveis_raw_rj.csv (está aberto?). Salvo em zap_imoveis_raw_rj_20260906_155516.csv.
15:55:16 | INFO    | Aguardando 7.4s (entre páginas)
15:55:23 | INFO    | [Bento Ribeiro] Página 2/30 → https://www.zapimoveis.com.br/aluguel/imoveis/rj+rio-de-janeiro+zona-norte+bento-ribeiro/?ordem=MOST_RECENT&pagina=2
15:55:29 | INFO    | [Bento Ribeiro] Página 2: 30 anúncios no HTML, 30 novos, 0 repetidos (sem condomínio: 0, sem quartos: 9).
15:55:30 | ERROR   | Sem permissão para gravar zap_imoveis_raw_rj.csv (está aberto?). Salvo em zap_imoveis_raw_rj_20260906_155529.csv.
15:55:30 | INFO    | Aguardando 8.1s (entre páginas)
15:55:38 | INFO    | [Bento Ribeiro] Página 3/30 → https://www.zapimoveis.com.br/aluguel/imoveis/rj+rio-de-janeiro+zona-norte+bento-ribeiro/?ordem=MOST_RECENT&pagina=3
15:55:45 | INFO    | [Bento Ribeiro] Página 3: 6 anúncios no HTML, 6 novos, 0 repetidos (sem condomínio: 0, sem quartos: 5).
15:55:45 | ERROR   | Sem permissão para gravar zap_imoveis_raw_rj.csv (está aberto?). Salvo em zap_imoveis_raw_rj_20260906_155545.csv.
15:55:45 | INFO    | Aguardando 5.7s (entre páginas)
15:55:51 | INFO    | [Bento Ribeiro] Página 4/30 → https://www.zapimoveis.com.br/aluguel/imoveis/rj+rio-de-janeiro+zona-norte+bento-ribeiro/?ordem=MOST_RECENT&pagina=4
15:55:57 | INFO    | [Bento Ribeiro] Nenhum card na página 4 — fim dos resultados do bairro.
15:55:57 | INFO    | [Bento Ribeiro] Concluído: 66 anúncios novos coletados.
15:55:57 | INFO    | Progresso: 23/162 bairros | 1728 anúncios no total | 22 min decorridos | ~132 min restantes (estimativa).
15:55:57 | INFO    | Aguardando 17.2s (troca de bairro)
15:56:14 | INFO    | ======================================================================
15:56:14 | INFO    | BAIRRO: Bonsucesso  (limite: 30 páginas)
15:56:14 | INFO    | [Bonsucesso] Página 1/30 → https://www.zapimoveis.com.br/aluguel/imoveis/rj+rio-de-janeiro+zona-norte+bonsucesso/?ordem=MOST_RECENT
15:56:20 | INFO    | [Bonsucesso] O site informa 141 imóveis (~5 páginas).
15:56:20 | INFO    | [Bonsucesso] Página 1: 30 anúncios no HTML, 30 novos, 0 repetidos (sem condomínio: 0, sem quartos: 18).
15:56:20 | ERROR   | Sem permissão para gravar zap_imoveis_raw_rj.csv (está aberto?). Salvo em zap_imoveis_raw_rj_20260906_155620.csv.
15:56:20 | INFO    | Aguardando 8.7s (entre páginas)
15:56:29 | INFO    | [Bonsucesso] Página 2/30 → https://www.zapimoveis.com.br/aluguel/imoveis/rj+rio-de-janeiro+zona-norte+bonsucesso/?ordem=MOST_RECENT&pagina=2
15:56:35 | INFO    | [Bonsucesso] Página 2: 30 anúncios no HTML, 30 novos, 0 repetidos (sem condomínio: 0, sem quartos: 20).
15:56:35 | ERROR   | Sem permissão para gravar zap_imoveis_raw_rj.csv (está aberto?). Salvo em zap_imoveis_raw_rj_20260906_155635.csv.
15:56:35 | INFO    | Aguardando 8.8s (entre páginas)
15:56:43 | INFO    | [Bonsucesso] Página 3/30 → https://www.zapimoveis.com.br/aluguel/imoveis/rj+rio-de-janeiro+zona-norte+bonsucesso/?ordem=MOST_RECENT&pagina=3
15:56:55 | INFO    | [Bonsucesso] Página 3: 30 anúncios no HTML, 30 novos, 0 repetidos (sem condomínio: 0, sem quartos: 29).
15:56:55 | ERROR   | Sem permissão para gravar zap_imoveis_raw_rj.csv (está aberto?). Salvo em zap_imoveis_raw_rj_20260906_155655.csv.
15:56:55 | INFO    | Aguardando 7.1s (entre páginas)
15:57:02 | INFO    | [Bonsucesso] Página 4/30 → https://www.zapimoveis.com.br/aluguel/imoveis/rj+rio-de-janeiro+zona-norte+bonsucesso/?ordem=MOST_RECENT&pagina=4
15:57:09 | INFO    | [Bonsucesso] Página 4: 30 anúncios no HTML, 30 novos, 0 repetidos (sem condomínio: 0, sem quartos: 25).
15:57:09 | ERROR   | Sem permissão para gravar zap_imoveis_raw_rj.csv (está aberto?). Salvo em zap_imoveis_raw_rj_20260906_155709.csv.
15:57:09 | INFO    | Aguardando 8.0s (entre páginas)
15:57:17 | INFO    | [Bonsucesso] Página 5/30 → https://www.zapimoveis.com.br/aluguel/imoveis/rj+rio-de-janeiro+zona-norte+bonsucesso/?ordem=MOST_RECENT&pagina=5
15:57:23 | INFO    | [Bonsucesso] Página 5: 21 anúncios no HTML, 21 novos, 0 repetidos (sem condomínio: 0, sem quartos: 16).
15:57:23 | ERROR   | Sem permissão para gravar zap_imoveis_raw_rj.csv (está aberto?). Salvo em zap_imoveis_raw_rj_20260906_155723.csv.
15:57:23 | INFO    | Aguardando 5.8s (entre páginas)
15:57:28 | INFO    | [Bonsucesso] Página 6/30 → https://www.zapimoveis.com.br/aluguel/imoveis/rj+rio-de-janeiro+zona-norte+bonsucesso/?ordem=MOST_RECENT&pagina=6
15:57:36 | INFO    | [Bonsucesso] Nenhum card na página 6 — fim dos resultados do bairro.
15:57:36 | INFO    | [Bonsucesso] Concluído: 141 anúncios novos coletados.
15:57:36 | INFO    | Progresso: 24/162 bairros | 1869 anúncios no total | 24 min decorridos | ~135 min restantes (estimativa).
15:57:36 | INFO    | Aguardando 19.4s (troca de bairro)
15:57:55 | INFO    | ======================================================================
15:57:55 | INFO    | BAIRRO: Brás de Pina  (limite: 30 páginas)
15:57:55 | INFO    | [Brás de Pina] Página 1/30 → https://www.zapimoveis.com.br/aluguel/imoveis/rj+rio-de-janeiro+zona-norte+bras-de-pina/?ordem=MOST_RECENT
15:58:02 | INFO    | [Brás de Pina] O site informa 96 imóveis (~4 páginas).
15:58:03 | INFO    | [Brás de Pina] Página 1: 30 anúncios no HTML, 30 novos, 0 repetidos (sem condomínio: 0, sem quartos: 4).
15:58:03 | ERROR   | Sem permissão para gravar zap_imoveis_raw_rj.csv (está aberto?). Salvo em zap_imoveis_raw_rj_20260906_155803.csv.
15:58:03 | INFO    | Aguardando 4.2s (entre páginas)
15:58:07 | INFO    | [Brás de Pina] Página 2/30 → https://www.zapimoveis.com.br/aluguel/imoveis/rj+rio-de-janeiro+zona-norte+bras-de-pina/?ordem=MOST_RECENT&pagina=2
15:58:13 | INFO    | [Brás de Pina] Página 2: 30 anúncios no HTML, 30 novos, 0 repetidos (sem condomínio: 0, sem quartos: 7).
15:58:13 | ERROR   | Sem permissão para gravar zap_imoveis_raw_rj.csv (está aberto?). Salvo em zap_imoveis_raw_rj_20260906_155813.csv.
15:58:13 | INFO    | Aguardando 7.8s (entre páginas)
15:58:21 | INFO    | [Brás de Pina] Página 3/30 → https://www.zapimoveis.com.br/aluguel/imoveis/rj+rio-de-janeiro+zona-norte+bras-de-pina/?ordem=MOST_RECENT&pagina=3
15:58:28 | INFO    | [Brás de Pina] Página 3: 30 anúncios no HTML, 30 novos, 0 repetidos (sem condomínio: 0, sem quartos: 15).
15:58:28 | ERROR   | Sem permissão para gravar zap_imoveis_raw_rj.csv (está aberto?). Salvo em zap_imoveis_raw_rj_20260906_155828.csv.
15:58:28 | INFO    | Aguardando 7.2s (entre páginas)
15:58:35 | INFO    | [Brás de Pina] Página 4/30 → https://www.zapimoveis.com.br/aluguel/imoveis/rj+rio-de-janeiro+zona-norte+bras-de-pina/?ordem=MOST_RECENT&pagina=4
15:58:40 | INFO    | [Brás de Pina] Página 4: 6 anúncios no HTML, 6 novos, 0 repetidos (sem condomínio: 0, sem quartos: 3).
15:58:40 | ERROR   | Sem permissão para gravar zap_imoveis_raw_rj.csv (está aberto?). Salvo em zap_imoveis_raw_rj_20260906_155840.csv.
15:58:40 | INFO    | Aguardando 8.0s (entre páginas)
15:58:48 | INFO    | [Brás de Pina] Página 5/30 → https://www.zapimoveis.com.br/aluguel/imoveis/rj+rio-de-janeiro+zona-norte+bras-de-pina/?ordem=MOST_RECENT&pagina=5
15:58:52 | INFO    | [Brás de Pina] Nenhum card na página 5 — fim dos resultados do bairro.
15:58:52 | INFO    | [Brás de Pina] Concluído: 96 anúncios novos coletados.
15:58:52 | INFO    | Progresso: 25/162 bairros | 1965 anúncios no total | 25 min decorridos | ~136 min restantes (estimativa).
15:58:52 | INFO    | Aguardando 11.5s (troca de bairro)
15:59:04 | INFO    | ======================================================================
15:59:04 | INFO    | BAIRRO: Braz de Pina  (limite: 30 páginas)
15:59:04 | INFO    | [Braz de Pina] Página 1/30 → https://www.zapimoveis.com.br/aluguel/imoveis/rj+rio-de-janeiro+zona-norte+braz-de-pina/?ordem=MOST_RECENT
15:59:10 | INFO    | [Braz de Pina] O site informa 32 imóveis (~2 páginas).
15:59:10 | INFO    | [Braz de Pina] Página 1: 30 anúncios no HTML, 2 novos, 28 repetidos (sem condomínio: 0, sem quartos: 1).
15:59:10 | ERROR   | Sem permissão para gravar zap_imoveis_raw_rj.csv (está aberto?). Salvo em zap_imoveis_raw_rj_20260906_155910.csv.
15:59:10 | INFO    | Aguardando 4.1s (entre páginas)
15:59:15 | INFO    | [Braz de Pina] Página 2/30 → https://www.zapimoveis.com.br/aluguel/imoveis/rj+rio-de-janeiro+zona-norte+braz-de-pina/?ordem=MOST_RECENT&pagina=2
15:59:18 | INFO    | [Braz de Pina] Página 2: 2 anúncios no HTML, 0 novos, 2 repetidos (sem condomínio: 0, sem quartos: 0).
15:59:18 | INFO    | [Braz de Pina] Página 2 só trouxe anúncios já coletados — encerrando o bairro.
15:59:18 | INFO    | [Braz de Pina] Concluído: 2 anúncios novos coletados.
15:59:18 | INFO    | Progresso: 26/162 bairros | 1967 anúncios no total | 25 min decorridos | ~132 min restantes (estimativa).
15:59:18 | INFO    | Aguardando 12.7s (troca de bairro)
15:59:31 | INFO    | ======================================================================
15:59:31 | INFO    | BAIRRO: Cachambi  (limite: 30 páginas)
15:59:31 | INFO    | [Cachambi] Página 1/30 → https://www.zapimoveis.com.br/aluguel/imoveis/rj+rio-de-janeiro+zona-norte+cachambi/?ordem=MOST_RECENT
15:59:36 | INFO    | [Cachambi] O site informa 90 imóveis (~3 páginas).
15:59:37 | INFO    | [Cachambi] Página 1: 30 anúncios no HTML, 30 novos, 0 repetidos (sem condomínio: 0, sem quartos: 7).
15:59:37 | ERROR   | Sem permissão para gravar zap_imoveis_raw_rj.csv (está aberto?). Salvo em zap_imoveis_raw_rj_20260906_155937.csv.
15:59:37 | INFO    | Aguardando 4.4s (entre páginas)
15:59:41 | INFO    | [Cachambi] Página 2/30 → https://www.zapimoveis.com.br/aluguel/imoveis/rj+rio-de-janeiro+zona-norte+cachambi/?ordem=MOST_RECENT&pagina=2
15:59:47 | INFO    | [Cachambi] Página 2: 30 anúncios no HTML, 30 novos, 0 repetidos (sem condomínio: 0, sem quartos: 5).
15:59:47 | ERROR   | Sem permissão para gravar zap_imoveis_raw_rj.csv (está aberto?). Salvo em zap_imoveis_raw_rj_20260906_155947.csv.
15:59:47 | INFO    | Aguardando 6.9s (entre páginas)
15:59:54 | INFO    | [Cachambi] Página 3/30 → https://www.zapimoveis.com.br/aluguel/imoveis/rj+rio-de-janeiro+zona-norte+cachambi/?ordem=MOST_RECENT&pagina=3
16:00:01 | INFO    | [Cachambi] Página 3: 30 anúncios no HTML, 30 novos, 0 repetidos (sem condomínio: 0, sem quartos: 16).
16:00:01 | ERROR   | Sem permissão para gravar zap_imoveis_raw_rj.csv (está aberto?). Salvo em zap_imoveis_raw_rj_20260906_160001.csv.
16:00:01 | INFO    | Aguardando 7.9s (entre páginas)
16:00:09 | INFO    | [Cachambi] Página 4/30 → https://www.zapimoveis.com.br/aluguel/imoveis/rj+rio-de-janeiro+zona-norte+cachambi/?ordem=MOST_RECENT&pagina=4
16:00:16 | INFO    | [Cachambi] Nenhum card na página 4 — fim dos resultados do bairro.
16:00:16 | INFO    | [Cachambi] Concluído: 90 anúncios novos coletados.
16:00:16 | INFO    | Progresso: 27/162 bairros | 2057 anúncios no total | 26 min decorridos | ~131 min restantes (estimativa).
16:00:16 | INFO    | Aguardando 10.6s (troca de bairro)
16:00:26 | INFO    | ======================================================================
16:00:26 | INFO    | BAIRRO: Cacuia  (limite: 30 páginas)
16:00:26 | INFO    | [Cacuia] Página 1/30 → https://www.zapimoveis.com.br/aluguel/imoveis/rj+rio-de-janeiro+zona-norte+cacuia/?ordem=MOST_RECENT
16:00:32 | INFO    | [Cacuia] O site informa 43 imóveis (~2 páginas).
16:00:33 | INFO    | [Cacuia] Página 1: 30 anúncios no HTML, 30 novos, 0 repetidos (sem condomínio: 0, sem quartos: 18).
16:00:33 | ERROR   | Sem permissão para gravar zap_imoveis_raw_rj.csv (está aberto?). Salvo em zap_imoveis_raw_rj_20260906_160033.csv.
16:00:33 | INFO    | Aguardando 7.7s (entre páginas)
16:00:41 | INFO    | [Cacuia] Página 2/30 → https://www.zapimoveis.com.br/aluguel/imoveis/rj+rio-de-janeiro+zona-norte+cacuia/?ordem=MOST_RECENT&pagina=2
16:00:46 | INFO    | [Cacuia] Página 2: 13 anúncios no HTML, 12 novos, 1 repetidos (sem condomínio: 0, sem quartos: 10).
16:00:46 | ERROR   | Sem permissão para gravar zap_imoveis_raw_rj.csv (está aberto?). Salvo em zap_imoveis_raw_rj_20260906_160046.csv.
16:00:46 | INFO    | Aguardando 8.8s (entre páginas)
16:00:55 | INFO    | [Cacuia] Página 3/30 → https://www.zapimoveis.com.br/aluguel/imoveis/rj+rio-de-janeiro+zona-norte+cacuia/?ordem=MOST_RECENT&pagina=3
16:00:59 | INFO    | [Cacuia] Nenhum card na página 3 — fim dos resultados do bairro.
16:00:59 | INFO    | [Cacuia] Concluído: 42 anúncios novos coletados.
16:00:59 | INFO    | Progresso: 28/162 bairros | 2099 anúncios no total | 27 min decorridos | ~129 min restantes (estimativa).
16:00:59 | INFO    | Aguardando 16.3s (troca de bairro)
16:01:16 | INFO    | ======================================================================
16:01:16 | INFO    | BAIRRO: Caju  (limite: 30 páginas)
16:01:16 | INFO    | [Caju] Página 1/30 → https://www.zapimoveis.com.br/aluguel/imoveis/rj+rio-de-janeiro+zona-norte+caju/?ordem=MOST_RECENT
16:01:26 | INFO    | [Caju] O site informa 4 imóveis (~1 páginas).
16:01:26 | INFO    | [Caju] Página 1: 4 anúncios no HTML, 4 novos, 0 repetidos (sem condomínio: 0, sem quartos: 3).
16:01:27 | ERROR   | Sem permissão para gravar zap_imoveis_raw_rj.csv (está aberto?). Salvo em zap_imoveis_raw_rj_20260906_160126.csv.
16:01:27 | INFO    | Aguardando 7.7s (entre páginas)
16:01:34 | INFO    | [Caju] Página 2/30 → https://www.zapimoveis.com.br/aluguel/imoveis/rj+rio-de-janeiro+zona-norte+caju/?ordem=MOST_RECENT&pagina=2
16:01:38 | INFO    | [Caju] Nenhum card na página 2 — fim dos resultados do bairro.
16:01:38 | INFO    | [Caju] Concluído: 4 anúncios novos coletados.
16:01:38 | INFO    | Progresso: 29/162 bairros | 2103 anúncios no total | 28 min decorridos | ~126 min restantes (estimativa).
16:01:38 | INFO    | Aguardando 15.5s (troca de bairro)
16:01:53 | INFO    | ======================================================================
16:01:53 | INFO    | BAIRRO: Campinho  (limite: 30 páginas)
16:01:53 | INFO    | [Campinho] Página 1/30 → https://www.zapimoveis.com.br/aluguel/imoveis/rj+rio-de-janeiro+zona-norte+campinho/?ordem=MOST_RECENT
16:02:01 | INFO    | [Campinho] O site informa 29 imóveis (~1 páginas).
16:02:02 | INFO    | [Campinho] Página 1: 29 anúncios no HTML, 29 novos, 0 repetidos (sem condomínio: 0, sem quartos: 9).
16:02:02 | ERROR   | Sem permissão para gravar zap_imoveis_raw_rj.csv (está aberto?). Salvo em zap_imoveis_raw_rj_20260906_160202.csv.
16:02:02 | INFO    | Aguardando 4.4s (entre páginas)
16:02:06 | INFO    | [Campinho] Página 2/30 → https://www.zapimoveis.com.br/aluguel/imoveis/rj+rio-de-janeiro+zona-norte+campinho/?ordem=MOST_RECENT&pagina=2
16:02:10 | INFO    | [Campinho] Nenhum card na página 2 — fim dos resultados do bairro.
16:02:10 | INFO    | [Campinho] Concluído: 29 anúncios novos coletados.
16:02:10 | INFO    | Progresso: 30/162 bairros | 2132 anúncios no total | 28 min decorridos | ~124 min restantes (estimativa).
16:02:10 | INFO    | Aguardando 10.1s (troca de bairro)
16:02:20 | INFO    | ======================================================================
16:02:20 | INFO    | BAIRRO: Cascadura  (limite: 30 páginas)
16:02:20 | INFO    | [Cascadura] Página 1/30 → https://www.zapimoveis.com.br/aluguel/imoveis/rj+rio-de-janeiro+zona-norte+cascadura/?ordem=MOST_RECENT
16:02:26 | INFO    | [Cascadura] O site informa 81 imóveis (~3 páginas).
16:02:26 | INFO    | [Cascadura] Página 1: 30 anúncios no HTML, 29 novos, 1 repetidos (sem condomínio: 0, sem quartos: 9).
16:02:26 | ERROR   | Sem permissão para gravar zap_imoveis_raw_rj.csv (está aberto?). Salvo em zap_imoveis_raw_rj_20260906_160226.csv.
16:02:26 | INFO    | Aguardando 8.8s (entre páginas)
16:02:35 | INFO    | [Cascadura] Página 2/30 → https://www.zapimoveis.com.br/aluguel/imoveis/rj+rio-de-janeiro+zona-norte+cascadura/?ordem=MOST_RECENT&pagina=2
16:02:54 | INFO    | [Cascadura] Página 2: 30 anúncios no HTML, 30 novos, 0 repetidos (sem condomínio: 0, sem quartos: 17).
16:02:55 | ERROR   | Sem permissão para gravar zap_imoveis_raw_rj.csv (está aberto?). Salvo em zap_imoveis_raw_rj_20260906_160254.csv.
16:02:55 | INFO    | Aguardando 8.0s (entre páginas)
16:03:03 | INFO    | [Cascadura] Página 3/30 → https://www.zapimoveis.com.br/aluguel/imoveis/rj+rio-de-janeiro+zona-norte+cascadura/?ordem=MOST_RECENT&pagina=3
16:03:15 | INFO    | [Cascadura] Página 3: 21 anúncios no HTML, 20 novos, 1 repetidos (sem condomínio: 0, sem quartos: 15).
16:03:15 | ERROR   | Sem permissão para gravar zap_imoveis_raw_rj.csv (está aberto?). Salvo em zap_imoveis_raw_rj_20260906_160315.csv.
16:03:15 | INFO    | Aguardando 6.6s (entre páginas)
16:03:21 | INFO    | [Cascadura] Página 4/30 → https://www.zapimoveis.com.br/aluguel/imoveis/rj+rio-de-janeiro+zona-norte+cascadura/?ordem=MOST_RECENT&pagina=4
16:03:27 | INFO    | [Cascadura] Nenhum card na página 4 — fim dos resultados do bairro.
16:03:27 | INFO    | [Cascadura] Concluído: 79 anúncios novos coletados.
16:03:27 | INFO    | Progresso: 31/162 bairros | 2211 anúncios no total | 29 min decorridos | ~124 min restantes (estimativa).
16:03:27 | INFO    | Aguardando 18.4s (troca de bairro)
16:03:45 | INFO    | ======================================================================
16:03:45 | INFO    | BAIRRO: Cavalcanti  (limite: 30 páginas)
16:03:45 | INFO    | [Cavalcanti] Página 1/30 → https://www.zapimoveis.com.br/aluguel/imoveis/rj+rio-de-janeiro+zona-norte+cavalcanti/?ordem=MOST_RECENT
16:03:53 | INFO    | [Cavalcanti] O site informa 12 imóveis (~1 páginas).
16:03:53 | INFO    | [Cavalcanti] Página 1: 12 anúncios no HTML, 12 novos, 0 repetidos (sem condomínio: 0, sem quartos: 2).
16:03:53 | ERROR   | Sem permissão para gravar zap_imoveis_raw_rj.csv (está aberto?). Salvo em zap_imoveis_raw_rj_20260906_160353.csv.
16:03:53 | INFO    | Aguardando 6.2s (entre páginas)
16:03:59 | INFO    | [Cavalcanti] Página 2/30 → https://www.zapimoveis.com.br/aluguel/imoveis/rj+rio-de-janeiro+zona-norte+cavalcanti/?ordem=MOST_RECENT&pagina=2
16:04:06 | INFO    | [Cavalcanti] Nenhum card na página 2 — fim dos resultados do bairro.
16:04:06 | INFO    | [Cavalcanti] Concluído: 12 anúncios novos coletados.
16:04:06 | INFO    | Progresso: 32/162 bairros | 2223 anúncios no total | 30 min decorridos | ~122 min restantes (estimativa).
16:04:06 | INFO    | Aguardando 13.0s (troca de bairro)
16:04:19 | INFO    | ======================================================================
16:04:19 | INFO    | BAIRRO: Cocotá  (limite: 30 páginas)
16:04:19 | INFO    | [Cocotá] Página 1/30 → https://www.zapimoveis.com.br/aluguel/imoveis/rj+rio-de-janeiro+zona-norte+cocota/?ordem=MOST_RECENT
16:04:28 | INFO    | [Cocotá] O site informa 14 imóveis (~1 páginas).
16:04:28 | INFO    | [Cocotá] Página 1: 14 anúncios no HTML, 13 novos, 1 repetidos (sem condomínio: 0, sem quartos: 6).
16:04:28 | ERROR   | Sem permissão para gravar zap_imoveis_raw_rj.csv (está aberto?). Salvo em zap_imoveis_raw_rj_20260906_160428.csv.
16:04:28 | INFO    | Aguardando 8.4s (entre páginas)
16:04:37 | INFO    | [Cocotá] Página 2/30 → https://www.zapimoveis.com.br/aluguel/imoveis/rj+rio-de-janeiro+zona-norte+cocota/?ordem=MOST_RECENT&pagina=2
16:04:45 | INFO    | [Cocotá] Nenhum card na página 2 — fim dos resultados do bairro.
16:04:45 | INFO    | [Cocotá] Concluído: 13 anúncios novos coletados.
16:04:45 | INFO    | Progresso: 33/162 bairros | 2236 anúncios no total | 31 min decorridos | ~120 min restantes (estimativa).
16:04:45 | INFO    | Aguardando 14.4s (troca de bairro)
16:05:00 | INFO    | ======================================================================
16:05:00 | INFO    | BAIRRO: Coelho Neto  (limite: 30 páginas)
16:05:00 | INFO    | [Coelho Neto] Página 1/30 → https://www.zapimoveis.com.br/aluguel/imoveis/rj+rio-de-janeiro+zona-norte+coelho-neto/?ordem=MOST_RECENT
16:05:25 | INFO    | [Coelho Neto] O site informa 14 imóveis (~1 páginas).
16:05:25 | INFO    | [Coelho Neto] Página 1: 14 anúncios no HTML, 14 novos, 0 repetidos (sem condomínio: 0, sem quartos: 5).
16:05:25 | ERROR   | Sem permissão para gravar zap_imoveis_raw_rj.csv (está aberto?). Salvo em zap_imoveis_raw_rj_20260906_160525.csv.
16:05:25 | INFO    | Aguardando 7.2s (entre páginas)
16:05:32 | INFO    | [Coelho Neto] Página 2/30 → https://www.zapimoveis.com.br/aluguel/imoveis/rj+rio-de-janeiro+zona-norte+coelho-neto/?ordem=MOST_RECENT&pagina=2
16:05:37 | INFO    | [Coelho Neto] Nenhum card na página 2 — fim dos resultados do bairro.
16:05:37 | INFO    | [Coelho Neto] Concluído: 14 anúncios novos coletados.
16:05:37 | INFO    | Progresso: 34/162 bairros | 2250 anúncios no total | 32 min decorridos | ~119 min restantes (estimativa).
16:05:37 | INFO    | Aguardando 19.4s (troca de bairro)
16:05:57 | INFO    | ======================================================================
16:05:57 | INFO    | BAIRRO: Colégio  (limite: 30 páginas)
16:05:57 | INFO    | [Colégio] Página 1/30 → https://www.zapimoveis.com.br/aluguel/imoveis/rj+rio-de-janeiro+zona-norte+colegio/?ordem=MOST_RECENT
16:06:02 | INFO    | [Colégio] O site informa 17 imóveis (~1 páginas).
16:06:03 | INFO    | [Colégio] Página 1: 17 anúncios no HTML, 16 novos, 1 repetidos (sem condomínio: 0, sem quartos: 6).
16:06:03 | ERROR   | Sem permissão para gravar zap_imoveis_raw_rj.csv (está aberto?). Salvo em zap_imoveis_raw_rj_20260906_160603.csv.
16:06:03 | INFO    | Aguardando 4.2s (entre páginas)
16:06:07 | INFO    | [Colégio] Página 2/30 → https://www.zapimoveis.com.br/aluguel/imoveis/rj+rio-de-janeiro+zona-norte+colegio/?ordem=MOST_RECENT&pagina=2
16:06:18 | INFO    | [Colégio] Nenhum card na página 2 — fim dos resultados do bairro.
16:06:18 | INFO    | [Colégio] Concluído: 16 anúncios novos coletados.
16:06:18 | INFO    | Progresso: 35/162 bairros | 2266 anúncios no total | 32 min decorridos | ~117 min restantes (estimativa).
16:06:18 | INFO    | Aguardando 15.4s (troca de bairro)
16:06:33 | INFO    | ======================================================================
16:06:33 | INFO    | BAIRRO: Cordovil  (limite: 30 páginas)
16:06:33 | INFO    | [Cordovil] Página 1/30 → https://www.zapimoveis.com.br/aluguel/imoveis/rj+rio-de-janeiro+zona-norte+cordovil/?ordem=MOST_RECENT
16:06:50 | INFO    | [Cordovil] O site informa 36 imóveis (~2 páginas).
16:06:50 | INFO    | [Cordovil] Página 1: 30 anúncios no HTML, 29 novos, 1 repetidos (sem condomínio: 0, sem quartos: 13).
16:06:50 | ERROR   | Sem permissão para gravar zap_imoveis_raw_rj.csv (está aberto?). Salvo em zap_imoveis_raw_rj_20260906_160650.csv.
16:06:50 | INFO    | Aguardando 6.1s (entre páginas)
16:06:56 | INFO    | [Cordovil] Página 2/30 → https://www.zapimoveis.com.br/aluguel/imoveis/rj+rio-de-janeiro+zona-norte+cordovil/?ordem=MOST_RECENT&pagina=2
16:07:10 | INFO    | [Cordovil] Página 2: 6 anúncios no HTML, 6 novos, 0 repetidos (sem condomínio: 0, sem quartos: 4).
16:07:10 | ERROR   | Sem permissão para gravar zap_imoveis_raw_rj.csv (está aberto?). Salvo em zap_imoveis_raw_rj_20260906_160710.csv.
16:07:10 | INFO    | Aguardando 5.8s (entre páginas)
16:07:16 | INFO    | [Cordovil] Página 3/30 → https://www.zapimoveis.com.br/aluguel/imoveis/rj+rio-de-janeiro+zona-norte+cordovil/?ordem=MOST_RECENT&pagina=3
16:07:25 | INFO    | [Cordovil] Nenhum card na página 3 — fim dos resultados do bairro.
16:07:25 | INFO    | [Cordovil] Concluído: 35 anúncios novos coletados.
16:07:25 | INFO    | Progresso: 36/162 bairros | 2301 anúncios no total | 33 min decorridos | ~117 min restantes (estimativa).
16:07:25 | INFO    | Aguardando 14.1s (troca de bairro)
16:07:39 | INFO    | ======================================================================
16:07:39 | INFO    | BAIRRO: Del Castilho  (limite: 30 páginas)
16:07:39 | INFO    | [Del Castilho] Página 1/30 → https://www.zapimoveis.com.br/aluguel/imoveis/rj+rio-de-janeiro+zona-norte+del-castilho/?ordem=MOST_RECENT
16:08:35 | WARNING | Os cards não apareceram em 30s (tentativa 1/3). Verifique a janela do Chrome.
16:08:35 | INFO    | Aguardando 4.1s (nova tentativa)
16:08:59 | INFO    | [Del Castilho] O site informa 46 imóveis (~2 páginas).
16:09:00 | INFO    | [Del Castilho] Página 1: 30 anúncios no HTML, 30 novos, 0 repetidos (sem condomínio: 0, sem quartos: 17).
16:09:00 | ERROR   | Sem permissão para gravar zap_imoveis_raw_rj.csv (está aberto?). Salvo em zap_imoveis_raw_rj_20260906_160900.csv.
16:09:00 | INFO    | Aguardando 8.2s (entre páginas)
16:09:08 | INFO    | [Del Castilho] Página 2/30 → https://www.zapimoveis.com.br/aluguel/imoveis/rj+rio-de-janeiro+zona-norte+del-castilho/?ordem=MOST_RECENT&pagina=2
16:09:16 | INFO    | [Del Castilho] Página 2: 16 anúncios no HTML, 16 novos, 0 repetidos (sem condomínio: 0, sem quartos: 13).
16:09:16 | ERROR   | Sem permissão para gravar zap_imoveis_raw_rj.csv (está aberto?). Salvo em zap_imoveis_raw_rj_20260906_160916.csv.
16:09:16 | INFO    | Aguardando 5.3s (entre páginas)
16:09:21 | INFO    | [Del Castilho] Página 3/30 → https://www.zapimoveis.com.br/aluguel/imoveis/rj+rio-de-janeiro+zona-norte+del-castilho/?ordem=MOST_RECENT&pagina=3
16:09:29 | INFO    | [Del Castilho] Nenhum card na página 3 — fim dos resultados do bairro.
16:09:29 | INFO    | [Del Castilho] Concluído: 46 anúncios novos coletados.
16:09:29 | INFO    | Progresso: 37/162 bairros | 2347 anúncios no total | 35 min decorridos | ~120 min restantes (estimativa).
16:09:29 | INFO    | Aguardando 10.7s (troca de bairro)
16:09:39 | INFO    | ======================================================================
16:09:39 | INFO    | BAIRRO: Encantado  (limite: 30 páginas)
16:09:39 | INFO    | [Encantado] Página 1/30 → https://www.zapimoveis.com.br/aluguel/imoveis/rj+rio-de-janeiro+zona-norte+encantado/?ordem=MOST_RECENT
16:09:47 | INFO    | [Encantado] O site informa 32 imóveis (~2 páginas).
16:09:47 | INFO    | [Encantado] Página 1: 30 anúncios no HTML, 30 novos, 0 repetidos (sem condomínio: 0, sem quartos: 9).
16:09:47 | ERROR   | Sem permissão para gravar zap_imoveis_raw_rj.csv (está aberto?). Salvo em zap_imoveis_raw_rj_20260906_160947.csv.
16:09:47 | INFO    | Aguardando 7.9s (entre páginas)
16:09:55 | INFO    | [Encantado] Página 2/30 → https://www.zapimoveis.com.br/aluguel/imoveis/rj+rio-de-janeiro+zona-norte+encantado/?ordem=MOST_RECENT&pagina=2
16:10:03 | INFO    | [Encantado] Página 2: 2 anúncios no HTML, 2 novos, 0 repetidos (sem condomínio: 0, sem quartos: 1).
16:10:03 | ERROR   | Sem permissão para gravar zap_imoveis_raw_rj.csv (está aberto?). Salvo em zap_imoveis_raw_rj_20260906_161003.csv.
16:10:03 | INFO    | Aguardando 6.5s (entre páginas)
16:10:10 | INFO    | [Encantado] Página 3/30 → https://www.zapimoveis.com.br/aluguel/imoveis/rj+rio-de-janeiro+zona-norte+encantado/?ordem=MOST_RECENT&pagina=3
16:10:21 | INFO    | [Encantado] Nenhum card na página 3 — fim dos resultados do bairro.
16:10:21 | INFO    | [Encantado] Concluído: 32 anúncios novos coletados.
16:10:21 | INFO    | Progresso: 38/162 bairros | 2379 anúncios no total | 36 min decorridos | ~118 min restantes (estimativa).
16:10:21 | INFO    | Aguardando 12.1s (troca de bairro)
16:10:33 | INFO    | ======================================================================
16:10:33 | INFO    | BAIRRO: Engenheiro Leal  (limite: 30 páginas)
16:10:33 | INFO    | [Engenheiro Leal] Página 1/30 → https://www.zapimoveis.com.br/aluguel/imoveis/rj+rio-de-janeiro+zona-norte+engenheiro-leal/?ordem=MOST_RECENT
16:10:54 | INFO    | [Engenheiro Leal] O site informa 8 imóveis (~1 páginas).
16:10:54 | INFO    | [Engenheiro Leal] Página 1: 8 anúncios no HTML, 8 novos, 0 repetidos (sem condomínio: 0, sem quartos: 1).
16:10:54 | ERROR   | Sem permissão para gravar zap_imoveis_raw_rj.csv (está aberto?). Salvo em zap_imoveis_raw_rj_20260906_161054.csv.
16:10:54 | INFO    | Aguardando 4.6s (entre páginas)
16:10:59 | INFO    | [Engenheiro Leal] Página 2/30 → https://www.zapimoveis.com.br/aluguel/imoveis/rj+rio-de-janeiro+zona-norte+engenheiro-leal/?ordem=MOST_RECENT&pagina=2
16:11:09 | INFO    | [Engenheiro Leal] Nenhum card na página 2 — fim dos resultados do bairro.
16:11:09 | INFO    | [Engenheiro Leal] Concluído: 8 anúncios novos coletados.
16:11:09 | INFO    | Progresso: 39/162 bairros | 2387 anúncios no total | 37 min decorridos | ~117 min restantes (estimativa).
16:11:09 | INFO    | Aguardando 18.5s (troca de bairro)
16:11:27 | INFO    | ======================================================================
16:11:27 | INFO    | BAIRRO: Engenho de Dentro  (limite: 30 páginas)
16:11:27 | INFO    | [Engenho de Dentro] Página 1/30 → https://www.zapimoveis.com.br/aluguel/imoveis/rj+rio-de-janeiro+zona-norte+engenho-de-dentro/?ordem=MOST_RECENT
16:11:44 | INFO    | [Engenho de Dentro] O site informa 94 imóveis (~4 páginas).
16:11:44 | INFO    | [Engenho de Dentro] Página 1: 30 anúncios no HTML, 30 novos, 0 repetidos (sem condomínio: 0, sem quartos: 8).
16:11:44 | ERROR   | Sem permissão para gravar zap_imoveis_raw_rj.csv (está aberto?). Salvo em zap_imoveis_raw_rj_20260906_161144.csv.
16:11:44 | INFO    | Aguardando 4.0s (entre páginas)
16:11:48 | INFO    | [Engenho de Dentro] Página 2/30 → https://www.zapimoveis.com.br/aluguel/imoveis/rj+rio-de-janeiro+zona-norte+engenho-de-dentro/?ordem=MOST_RECENT&pagina=2
16:12:07 | INFO    | [Engenho de Dentro] Página 2: 30 anúncios no HTML, 30 novos, 0 repetidos (sem condomínio: 0, sem quartos: 2).
16:12:07 | ERROR   | Sem permissão para gravar zap_imoveis_raw_rj.csv (está aberto?). Salvo em zap_imoveis_raw_rj_20260906_161207.csv.
16:12:07 | INFO    | Aguardando 4.7s (entre páginas)
16:12:12 | INFO    | [Engenho de Dentro] Página 3/30 → https://www.zapimoveis.com.br/aluguel/imoveis/rj+rio-de-janeiro+zona-norte+engenho-de-dentro/?ordem=MOST_RECENT&pagina=3
16:13:27 | INFO    | [Engenho de Dentro] Página 3: 30 anúncios no HTML, 30 novos, 0 repetidos (sem condomínio: 0, sem quartos: 16).
16:13:28 | ERROR   | Sem permissão para gravar zap_imoveis_raw_rj.csv (está aberto?). Salvo em zap_imoveis_raw_rj_20260906_161328.csv.
16:13:28 | INFO    | Aguardando 8.9s (entre páginas)
16:13:37 | INFO    | [Engenho de Dentro] Página 4/30 → https://www.zapimoveis.com.br/aluguel/imoveis/rj+rio-de-janeiro+zona-norte+engenho-de-dentro/?ordem=MOST_RECENT&pagina=4
16:13:48 | INFO    | [Engenho de Dentro] Página 4: 4 anúncios no HTML, 4 novos, 0 repetidos (sem condomínio: 0, sem quartos: 1).
16:13:48 | ERROR   | Sem permissão para gravar zap_imoveis_raw_rj.csv (está aberto?). Salvo em zap_imoveis_raw_rj_20260906_161348.csv.
16:13:48 | INFO    | Aguardando 4.3s (entre páginas)
16:13:52 | INFO    | [Engenho de Dentro] Página 5/30 → https://www.zapimoveis.com.br/aluguel/imoveis/rj+rio-de-janeiro+zona-norte+engenho-de-dentro/?ordem=MOST_RECENT&pagina=5
16:14:04 | INFO    | [Engenho de Dentro] Nenhum card na página 5 — fim dos resultados do bairro.
16:14:04 | INFO    | [Engenho de Dentro] Concluído: 94 anúncios novos coletados.
16:14:04 | INFO    | Progresso: 40/162 bairros | 2481 anúncios no total | 40 min decorridos | ~122 min restantes (estimativa).
16:14:04 | INFO    | Aguardando 16.4s (troca de bairro)
16:14:20 | INFO    | ======================================================================
16:14:20 | INFO    | BAIRRO: Engenho Novo  (limite: 30 páginas)
16:14:20 | INFO    | [Engenho Novo] Página 1/30 → https://www.zapimoveis.com.br/aluguel/imoveis/rj+rio-de-janeiro+zona-norte+engenho-novo/?ordem=MOST_RECENT
16:14:36 | INFO    | [Engenho Novo] O site informa 70 imóveis (~3 páginas).
16:14:37 | INFO    | [Engenho Novo] Página 1: 30 anúncios no HTML, 30 novos, 0 repetidos (sem condomínio: 0, sem quartos: 4).
16:14:37 | ERROR   | Sem permissão para gravar zap_imoveis_raw_rj.csv (está aberto?). Salvo em zap_imoveis_raw_rj_20260906_161437.csv.
16:14:37 | INFO    | Aguardando 8.7s (entre páginas)
16:14:46 | INFO    | [Engenho Novo] Página 2/30 → https://www.zapimoveis.com.br/aluguel/imoveis/rj+rio-de-janeiro+zona-norte+engenho-novo/?ordem=MOST_RECENT&pagina=2
16:15:08 | INFO    | [Engenho Novo] Página 2: 30 anúncios no HTML, 30 novos, 0 repetidos (sem condomínio: 0, sem quartos: 12).
16:15:08 | ERROR   | Sem permissão para gravar zap_imoveis_raw_rj.csv (está aberto?). Salvo em zap_imoveis_raw_rj_20260906_161508.csv.
16:15:08 | INFO    | Aguardando 6.1s (entre páginas)
16:15:14 | INFO    | [Engenho Novo] Página 3/30 → https://www.zapimoveis.com.br/aluguel/imoveis/rj+rio-de-janeiro+zona-norte+engenho-novo/?ordem=MOST_RECENT&pagina=3
16:16:32 | INFO    | [Engenho Novo] Página 3: 10 anúncios no HTML, 10 novos, 0 repetidos (sem condomínio: 0, sem quartos: 6).
16:16:33 | ERROR   | Sem permissão para gravar zap_imoveis_raw_rj.csv (está aberto?). Salvo em zap_imoveis_raw_rj_20260906_161633.csv.
16:16:33 | INFO    | Aguardando 6.6s (entre páginas)
16:16:40 | INFO    | [Engenho Novo] Página 4/30 → https://www.zapimoveis.com.br/aluguel/imoveis/rj+rio-de-janeiro+zona-norte+engenho-novo/?ordem=MOST_RECENT&pagina=4
16:17:01 | INFO    | [Engenho Novo] Nenhum card na página 4 — fim dos resultados do bairro.
16:17:01 | INFO    | [Engenho Novo] Concluído: 70 anúncios novos coletados.
16:17:01 | INFO    | Progresso: 41/162 bairros | 2551 anúncios no total | 43 min decorridos | ~127 min restantes (estimativa).
16:17:01 | INFO    | Aguardando 11.8s (troca de bairro)
16:17:13 | INFO    | ======================================================================
16:17:13 | INFO    | BAIRRO: Freguesia (Ilha do Governador)  (limite: 30 páginas)
16:17:13 | INFO    | [Freguesia (Ilha do Governador)] Página 1/30 → https://www.zapimoveis.com.br/aluguel/imoveis/rj+rio-de-janeiro+zona-norte+freguesia-ilha-do-governador/?ordem=MOST_RECENT
16:17:29 | INFO    | [Freguesia (Ilha do Governador)] O site informa 17 imóveis (~1 páginas).
16:17:29 | INFO    | [Freguesia (Ilha do Governador)] Página 1: 17 anúncios no HTML, 17 novos, 0 repetidos (sem condomínio: 0, sem quartos: 4).
16:17:29 | ERROR   | Sem permissão para gravar zap_imoveis_raw_rj.csv (está aberto?). Salvo em zap_imoveis_raw_rj_20260906_161729.csv.
16:17:29 | INFO    | Aguardando 6.2s (entre páginas)
16:17:36 | INFO    | [Freguesia (Ilha do Governador)] Página 2/30 → https://www.zapimoveis.com.br/aluguel/imoveis/rj+rio-de-janeiro+zona-norte+freguesia-ilha-do-governador/?ordem=MOST_RECENT&pagina=2
16:18:01 | INFO    | [Freguesia (Ilha do Governador)] Nenhum card na página 2 — fim dos resultados do bairro.
16:18:01 | INFO    | [Freguesia (Ilha do Governador)] Concluído: 17 anúncios novos coletados.
16:18:01 | INFO    | Progresso: 42/162 bairros | 2568 anúncios no total | 44 min decorridos | ~125 min restantes (estimativa).
16:18:01 | INFO    | Aguardando 10.2s (troca de bairro)
16:18:11 | INFO    | ======================================================================
16:18:11 | INFO    | BAIRRO: Galeão  (limite: 30 páginas)
16:18:11 | INFO    | [Galeão] Página 1/30 → https://www.zapimoveis.com.br/aluguel/imoveis/rj+rio-de-janeiro+zona-norte+galeao/?ordem=MOST_RECENT
16:18:27 | INFO    | [Galeão] O site informa 23 imóveis (~1 páginas).
16:18:28 | INFO    | [Galeão] Página 1: 23 anúncios no HTML, 21 novos, 2 repetidos (sem condomínio: 0, sem quartos: 21).
16:18:28 | ERROR   | Sem permissão para gravar zap_imoveis_raw_rj.csv (está aberto?). Salvo em zap_imoveis_raw_rj_20260906_161828.csv.
16:18:28 | INFO    | Aguardando 5.0s (entre páginas)
16:18:33 | INFO    | [Galeão] Página 2/30 → https://www.zapimoveis.com.br/aluguel/imoveis/rj+rio-de-janeiro+zona-norte+galeao/?ordem=MOST_RECENT&pagina=2
16:20:19 | INFO    | [Galeão] Nenhum card na página 2 — fim dos resultados do bairro.
16:20:19 | INFO    | [Galeão] Concluído: 21 anúncios novos coletados.
16:20:19 | INFO    | Progresso: 43/162 bairros | 2589 anúncios no total | 46 min decorridos | ~128 min restantes (estimativa).
16:20:19 | INFO    | Aguardando 19.4s (troca de bairro)
16:20:39 | INFO    | ======================================================================
16:20:39 | INFO    | BAIRRO: Grajaú  (limite: 30 páginas)
16:20:39 | INFO    | [Grajaú] Página 1/30 → https://www.zapimoveis.com.br/aluguel/imoveis/rj+rio-de-janeiro+zona-norte+grajau/?ordem=MOST_RECENT
16:21:02 | INFO    | [Grajaú] O site informa 77 imóveis (~3 páginas).
16:21:03 | INFO    | [Grajaú] Página 1: 30 anúncios no HTML, 29 novos, 1 repetidos (sem condomínio: 0, sem quartos: 11).
16:21:03 | INFO    | Aguardando 6.9s (entre páginas)
16:21:10 | INFO    | [Grajaú] Página 2/30 → https://www.zapimoveis.com.br/aluguel/imoveis/rj+rio-de-janeiro+zona-norte+grajau/?ordem=MOST_RECENT&pagina=2
16:21:30 | INFO    | [Grajaú] Página 2: 30 anúncios no HTML, 29 novos, 1 repetidos (sem condomínio: 0, sem quartos: 2).
16:21:30 | INFO    | Aguardando 7.6s (entre páginas)
16:21:37 | INFO    | [Grajaú] Página 3/30 → https://www.zapimoveis.com.br/aluguel/imoveis/rj+rio-de-janeiro+zona-norte+grajau/?ordem=MOST_RECENT&pagina=3
16:21:56 | INFO    | [Grajaú] Página 3: 17 anúncios no HTML, 17 novos, 0 repetidos (sem condomínio: 0, sem quartos: 11).
16:21:56 | INFO    | Aguardando 5.1s (entre páginas)
16:22:01 | INFO    | [Grajaú] Página 4/30 → https://www.zapimoveis.com.br/aluguel/imoveis/rj+rio-de-janeiro+zona-norte+grajau/?ordem=MOST_RECENT&pagina=4
16:23:12 | INFO    | [Grajaú] Nenhum card na página 4 — fim dos resultados do bairro.
16:23:12 | INFO    | [Grajaú] Concluído: 75 anúncios novos coletados.
16:23:12 | INFO    | Progresso: 44/162 bairros | 2664 anúncios no total | 49 min decorridos | ~132 min restantes (estimativa).
16:23:12 | INFO    | Aguardando 17.6s (troca de bairro)
16:23:30 | INFO    | ======================================================================
16:23:30 | INFO    | BAIRRO: Guadalupe  (limite: 30 páginas)
16:23:30 | INFO    | [Guadalupe] Página 1/30 → https://www.zapimoveis.com.br/aluguel/imoveis/rj+rio-de-janeiro+zona-norte+guadalupe/?ordem=MOST_RECENT
16:23:49 | INFO    | [Guadalupe] O site informa 36 imóveis (~2 páginas).
16:23:50 | INFO    | [Guadalupe] Página 1: 30 anúncios no HTML, 30 novos, 0 repetidos (sem condomínio: 0, sem quartos: 10).
16:23:50 | INFO    | Aguardando 4.6s (entre páginas)
16:23:55 | INFO    | [Guadalupe] Página 2/30 → https://www.zapimoveis.com.br/aluguel/imoveis/rj+rio-de-janeiro+zona-norte+guadalupe/?ordem=MOST_RECENT&pagina=2
16:24:12 | INFO    | [Guadalupe] Página 2: 6 anúncios no HTML, 6 novos, 0 repetidos (sem condomínio: 0, sem quartos: 1).
16:24:12 | INFO    | Aguardando 7.3s (entre páginas)
16:24:19 | INFO    | [Guadalupe] Página 3/30 → https://www.zapimoveis.com.br/aluguel/imoveis/rj+rio-de-janeiro+zona-norte+guadalupe/?ordem=MOST_RECENT&pagina=3
16:24:35 | INFO    | [Guadalupe] Nenhum card na página 3 — fim dos resultados do bairro.
16:24:35 | INFO    | [Guadalupe] Concluído: 36 anúncios novos coletados.
16:24:35 | INFO    | Progresso: 45/162 bairros | 2700 anúncios no total | 50 min decorridos | ~131 min restantes (estimativa).
16:24:35 | INFO    | Aguardando 10.7s (troca de bairro)
16:24:45 | INFO    | ======================================================================
16:24:45 | INFO    | BAIRRO: Higienópolis  (limite: 30 páginas)
16:24:45 | INFO    | [Higienópolis] Página 1/30 → https://www.zapimoveis.com.br/aluguel/imoveis/rj+rio-de-janeiro+zona-norte+higienopolis/?ordem=MOST_RECENT
16:25:03 | INFO    | [Higienópolis] O site informa 25 imóveis (~1 páginas).
16:25:03 | INFO    | [Higienópolis] Página 1: 25 anúncios no HTML, 25 novos, 0 repetidos (sem condomínio: 0, sem quartos: 13).
16:25:03 | INFO    | Aguardando 6.6s (entre páginas)
16:25:10 | INFO    | [Higienópolis] Página 2/30 → https://www.zapimoveis.com.br/aluguel/imoveis/rj+rio-de-janeiro+zona-norte+higienopolis/?ordem=MOST_RECENT&pagina=2
16:25:45 | WARNING | Os cards não apareceram em 30s (tentativa 1/3). Verifique a janela do Chrome.
16:25:45 | INFO    | Aguardando 8.0s (nova tentativa)
16:26:08 | INFO    | [Higienópolis] Nenhum card na página 2 — fim dos resultados do bairro.
16:26:08 | INFO    | [Higienópolis] Concluído: 25 anúncios novos coletados.
16:26:08 | INFO    | Progresso: 46/162 bairros | 2725 anúncios no total | 52 min decorridos | ~131 min restantes (estimativa).
16:26:08 | INFO    | Aguardando 16.0s (troca de bairro)
16:26:24 | INFO    | ======================================================================
16:26:24 | INFO    | BAIRRO: Honório Gurgel  (limite: 30 páginas)
16:26:24 | INFO    | [Honório Gurgel] Página 1/30 → https://www.zapimoveis.com.br/aluguel/imoveis/rj+rio-de-janeiro+zona-norte+honorio-gurgel/?ordem=MOST_RECENT
16:27:39 | INFO    | [Honório Gurgel] O site informa 17 imóveis (~1 páginas).
16:27:39 | INFO    | [Honório Gurgel] Página 1: 17 anúncios no HTML, 17 novos, 0 repetidos (sem condomínio: 0, sem quartos: 1).
16:27:40 | INFO    | Aguardando 5.5s (entre páginas)
16:27:45 | INFO    | [Honório Gurgel] Página 2/30 → https://www.zapimoveis.com.br/aluguel/imoveis/rj+rio-de-janeiro+zona-norte+honorio-gurgel/?ordem=MOST_RECENT&pagina=2
16:27:56 | INFO    | [Honório Gurgel] Nenhum card na página 2 — fim dos resultados do bairro.
16:27:56 | INFO    | [Honório Gurgel] Concluído: 17 anúncios novos coletados.
16:27:56 | INFO    | Progresso: 47/162 bairros | 2742 anúncios no total | 54 min decorridos | ~132 min restantes (estimativa).
16:27:56 | INFO    | Aguardando 11.0s (troca de bairro)
16:28:07 | INFO    | ======================================================================
16:28:07 | INFO    | BAIRRO: Ilha do Governador  (limite: 30 páginas)
16:28:07 | INFO    | [Ilha do Governador] Página 1/30 → https://www.zapimoveis.com.br/aluguel/imoveis/rj+rio-de-janeiro+zona-norte+ilha-do-governador/?ordem=MOST_RECENT
16:28:15 | INFO    | [Ilha do Governador] O site informa 11 imóveis (~1 páginas).
16:28:16 | INFO    | [Ilha do Governador] Página 1: 11 anúncios no HTML, 8 novos, 3 repetidos (sem condomínio: 0, sem quartos: 5).
16:28:16 | INFO    | Aguardando 7.1s (entre páginas)
16:28:23 | INFO    | [Ilha do Governador] Página 2/30 → https://www.zapimoveis.com.br/aluguel/imoveis/rj+rio-de-janeiro+zona-norte+ilha-do-governador/?ordem=MOST_RECENT&pagina=2
16:28:35 | INFO    | [Ilha do Governador] Nenhum card na página 2 — fim dos resultados do bairro.
16:28:35 | INFO    | [Ilha do Governador] Concluído: 8 anúncios novos coletados.
16:28:35 | INFO    | Progresso: 48/162 bairros | 2750 anúncios no total | 54 min decorridos | ~129 min restantes (estimativa).
16:28:35 | INFO    | Aguardando 13.3s (troca de bairro)
16:28:48 | INFO    | ======================================================================
16:28:48 | INFO    | BAIRRO: Inhaúma  (limite: 30 páginas)
16:28:48 | INFO    | [Inhaúma] Página 1/30 → https://www.zapimoveis.com.br/aluguel/imoveis/rj+rio-de-janeiro+zona-norte+inhauma/?ordem=MOST_RECENT
16:30:07 | INFO    | [Inhaúma] O site informa 24 imóveis (~1 páginas).
16:30:08 | INFO    | [Inhaúma] Página 1: 24 anúncios no HTML, 21 novos, 3 repetidos (sem condomínio: 0, sem quartos: 7).
16:30:08 | INFO    | Aguardando 7.5s (entre páginas)
16:30:16 | INFO    | [Inhaúma] Página 2/30 → https://www.zapimoveis.com.br/aluguel/imoveis/rj+rio-de-janeiro+zona-norte+inhauma/?ordem=MOST_RECENT&pagina=2
16:30:28 | INFO    | [Inhaúma] Nenhum card na página 2 — fim dos resultados do bairro.
16:30:28 | INFO    | [Inhaúma] Concluído: 21 anúncios novos coletados.
16:30:28 | INFO    | Progresso: 49/162 bairros | 2771 anúncios no total | 56 min decorridos | ~130 min restantes (estimativa).
16:30:28 | INFO    | Aguardando 19.1s (troca de bairro)
16:30:47 | INFO    | ======================================================================
16:30:47 | INFO    | BAIRRO: Irajá  (limite: 30 páginas)
16:30:47 | INFO    | [Irajá] Página 1/30 → https://www.zapimoveis.com.br/aluguel/imoveis/rj+rio-de-janeiro+zona-norte+iraja/?ordem=MOST_RECENT
16:31:03 | INFO    | [Irajá] O site informa 186 imóveis (~7 páginas).
16:31:03 | INFO    | [Irajá] Página 1: 30 anúncios no HTML, 29 novos, 1 repetidos (sem condomínio: 0, sem quartos: 4).
16:31:03 | INFO    | Aguardando 4.2s (entre páginas)
16:31:08 | INFO    | [Irajá] Página 2/30 → https://www.zapimoveis.com.br/aluguel/imoveis/rj+rio-de-janeiro+zona-norte+iraja/?ordem=MOST_RECENT&pagina=2
16:32:12 | INFO    | [Irajá] Página 2: 30 anúncios no HTML, 30 novos, 0 repetidos (sem condomínio: 0, sem quartos: 6).
16:32:12 | INFO    | Aguardando 4.4s (entre páginas)
16:32:17 | INFO    | [Irajá] Página 3/30 → https://www.zapimoveis.com.br/aluguel/imoveis/rj+rio-de-janeiro+zona-norte+iraja/?ordem=MOST_RECENT&pagina=3
16:32:52 | INFO    | [Irajá] Página 3: 30 anúncios no HTML, 30 novos, 0 repetidos (sem condomínio: 0, sem quartos: 6).
16:32:52 | INFO    | Aguardando 8.7s (entre páginas)
16:33:01 | INFO    | [Irajá] Página 4/30 → https://www.zapimoveis.com.br/aluguel/imoveis/rj+rio-de-janeiro+zona-norte+iraja/?ordem=MOST_RECENT&pagina=4
16:33:15 | INFO    | [Irajá] Página 4: 30 anúncios no HTML, 30 novos, 0 repetidos (sem condomínio: 0, sem quartos: 13).
16:33:15 | INFO    | Aguardando 7.0s (entre páginas)
16:33:22 | INFO    | [Irajá] Página 5/30 → https://www.zapimoveis.com.br/aluguel/imoveis/rj+rio-de-janeiro+zona-norte+iraja/?ordem=MOST_RECENT&pagina=5
16:33:36 | INFO    | [Irajá] Página 5: 30 anúncios no HTML, 30 novos, 0 repetidos (sem condomínio: 0, sem quartos: 18).
16:33:36 | INFO    | Aguardando 5.2s (entre páginas)
16:33:41 | INFO    | [Irajá] Página 6/30 → https://www.zapimoveis.com.br/aluguel/imoveis/rj+rio-de-janeiro+zona-norte+iraja/?ordem=MOST_RECENT&pagina=6
16:35:32 | INFO    | [Irajá] Página 6: 30 anúncios no HTML, 28 novos, 2 repetidos (sem condomínio: 0, sem quartos: 22).
16:35:32 | INFO    | Aguardando 8.8s (entre páginas)
16:35:41 | INFO    | [Irajá] Página 7/30 → https://www.zapimoveis.com.br/aluguel/imoveis/rj+rio-de-janeiro+zona-norte+iraja/?ordem=MOST_RECENT&pagina=7
16:35:56 | INFO    | [Irajá] Página 7: 6 anúncios no HTML, 6 novos, 0 repetidos (sem condomínio: 0, sem quartos: 2).
16:35:56 | INFO    | Aguardando 8.4s (entre páginas)
16:36:05 | INFO    | [Irajá] Página 8/30 → https://www.zapimoveis.com.br/aluguel/imoveis/rj+rio-de-janeiro+zona-norte+iraja/?ordem=MOST_RECENT&pagina=8
16:36:21 | INFO    | [Irajá] Nenhum card na página 8 — fim dos resultados do bairro.
16:36:21 | INFO    | [Irajá] Concluído: 183 anúncios novos coletados.
16:36:21 | INFO    | Progresso: 50/162 bairros | 2954 anúncios no total | 62 min decorridos | ~139 min restantes (estimativa).
16:36:21 | INFO    | Aguardando 16.3s (troca de bairro)
16:36:37 | INFO    | ======================================================================
16:36:37 | INFO    | BAIRRO: Jacaré  (limite: 30 páginas)
16:36:37 | INFO    | [Jacaré] Página 1/30 → https://www.zapimoveis.com.br/aluguel/imoveis/rj+rio-de-janeiro+zona-norte+jacare/?ordem=MOST_RECENT
16:37:49 | INFO    | [Jacaré] O site informa 5 imóveis (~1 páginas).
16:37:49 | INFO    | [Jacaré] Página 1: 5 anúncios no HTML, 5 novos, 0 repetidos (sem condomínio: 0, sem quartos: 3).
16:37:50 | INFO    | Aguardando 6.5s (entre páginas)
16:37:56 | INFO    | [Jacaré] Página 2/30 → https://www.zapimoveis.com.br/aluguel/imoveis/rj+rio-de-janeiro+zona-norte+jacare/?ordem=MOST_RECENT&pagina=2
16:38:17 | INFO    | [Jacaré] Nenhum card na página 2 — fim dos resultados do bairro.
16:38:17 | INFO    | [Jacaré] Concluído: 5 anúncios novos coletados.
16:38:17 | INFO    | Progresso: 51/162 bairros | 2959 anúncios no total | 64 min decorridos | ~140 min restantes (estimativa).
16:38:17 | INFO    | Aguardando 16.3s (troca de bairro)
16:38:33 | INFO    | ======================================================================
16:38:33 | INFO    | BAIRRO: Jacarezinho  (limite: 30 páginas)
16:38:33 | INFO    | [Jacarezinho] Página 1/30 → https://www.zapimoveis.com.br/aluguel/imoveis/rj+rio-de-janeiro+zona-norte+jacarezinho/?ordem=MOST_RECENT
16:38:45 | INFO    | [Jacarezinho] O site informa 1 imóveis (~1 páginas).
16:38:45 | INFO    | [Jacarezinho] Página 1: 1 anúncios no HTML, 1 novos, 0 repetidos (sem condomínio: 0, sem quartos: 1).
16:38:45 | INFO    | Aguardando 7.2s (entre páginas)
16:38:52 | INFO    | [Jacarezinho] Página 2/30 → https://www.zapimoveis.com.br/aluguel/imoveis/rj+rio-de-janeiro+zona-norte+jacarezinho/?ordem=MOST_RECENT&pagina=2
16:39:03 | INFO    | [Jacarezinho] Nenhum card na página 2 — fim dos resultados do bairro.
16:39:03 | INFO    | [Jacarezinho] Concluído: 1 anúncios novos coletados.
16:39:03 | INFO    | Progresso: 52/162 bairros | 2960 anúncios no total | 65 min decorridos | ~137 min restantes (estimativa).
16:39:03 | INFO    | Aguardando 16.7s (troca de bairro)
16:39:20 | INFO    | ======================================================================
16:39:20 | INFO    | BAIRRO: Jardim América  (limite: 30 páginas)
16:39:20 | INFO    | [Jardim América] Página 1/30 → https://www.zapimoveis.com.br/aluguel/imoveis/rj+rio-de-janeiro+zona-norte+jd-america/?ordem=MOST_RECENT
16:40:35 | INFO    | [Jardim América] O site informa 30 imóveis (~1 páginas).
16:40:35 | INFO    | [Jardim América] Página 1: 30 anúncios no HTML, 30 novos, 0 repetidos (sem condomínio: 0, sem quartos: 15).
16:40:35 | INFO    | Aguardando 7.1s (entre páginas)
16:40:42 | INFO    | [Jardim América] Página 2/30 → https://www.zapimoveis.com.br/aluguel/imoveis/rj+rio-de-janeiro+zona-norte+jd-america/?ordem=MOST_RECENT&pagina=2
16:40:55 | INFO    | [Jardim América] Nenhum card na página 2 — fim dos resultados do bairro.
16:40:55 | INFO    | [Jardim América] Concluído: 30 anúncios novos coletados.
16:40:55 | INFO    | Progresso: 53/162 bairros | 2990 anúncios no total | 67 min decorridos | ~137 min restantes (estimativa).
16:40:55 | INFO    | Aguardando 17.7s (troca de bairro)
16:41:12 | INFO    | ======================================================================
16:41:12 | INFO    | BAIRRO: Jardim Carioca  (limite: 30 páginas)
16:41:12 | INFO    | [Jardim Carioca] Página 1/30 → https://www.zapimoveis.com.br/aluguel/imoveis/rj+rio-de-janeiro+zona-norte+jd-carioca/?ordem=MOST_RECENT
16:41:27 | INFO    | [Jardim Carioca] O site informa 29 imóveis (~1 páginas).
16:41:27 | INFO    | [Jardim Carioca] Página 1: 29 anúncios no HTML, 27 novos, 2 repetidos (sem condomínio: 0, sem quartos: 14).
16:41:27 | INFO    | Aguardando 7.5s (entre páginas)
16:41:34 | INFO    | [Jardim Carioca] Página 2/30 → https://www.zapimoveis.com.br/aluguel/imoveis/rj+rio-de-janeiro+zona-norte+jd-carioca/?ordem=MOST_RECENT&pagina=2
16:42:53 | INFO    | [Jardim Carioca] Nenhum card na página 2 — fim dos resultados do bairro.
16:42:53 | INFO    | [Jardim Carioca] Concluído: 27 anúncios novos coletados.
16:42:53 | INFO    | Progresso: 54/162 bairros | 3017 anúncios no total | 69 min decorridos | ~138 min restantes (estimativa).
16:42:53 | INFO    | Aguardando 11.1s (troca de bairro)
16:43:04 | INFO    | ======================================================================
16:43:04 | INFO    | BAIRRO: Jardim Guanabara  (limite: 30 páginas)
16:43:04 | INFO    | [Jardim Guanabara] Página 1/30 → https://www.zapimoveis.com.br/aluguel/imoveis/rj+rio-de-janeiro+zona-norte+jd-guanabara/?ordem=MOST_RECENT
16:43:24 | INFO    | [Jardim Guanabara] O site informa 95 imóveis (~4 páginas).
16:43:24 | INFO    | [Jardim Guanabara] Página 1: 30 anúncios no HTML, 30 novos, 0 repetidos (sem condomínio: 0, sem quartos: 2).
16:43:25 | INFO    | Aguardando 7.8s (entre páginas)
16:43:32 | INFO    | [Jardim Guanabara] Página 2/30 → https://www.zapimoveis.com.br/aluguel/imoveis/rj+rio-de-janeiro+zona-norte+jd-guanabara/?ordem=MOST_RECENT&pagina=2
16:43:51 | INFO    | [Jardim Guanabara] Página 2: 30 anúncios no HTML, 28 novos, 2 repetidos (sem condomínio: 0, sem quartos: 4).
16:43:51 | INFO    | Aguardando 4.5s (entre páginas)
16:43:55 | INFO    | [Jardim Guanabara] Página 3/30 → https://www.zapimoveis.com.br/aluguel/imoveis/rj+rio-de-janeiro+zona-norte+jd-guanabara/?ordem=MOST_RECENT&pagina=3
16:45:12 | INFO    | [Jardim Guanabara] Página 3: 30 anúncios no HTML, 27 novos, 3 repetidos (sem condomínio: 0, sem quartos: 15).
16:45:12 | INFO    | Aguardando 5.5s (entre páginas)
16:45:17 | INFO    | [Jardim Guanabara] Página 4/30 → https://www.zapimoveis.com.br/aluguel/imoveis/rj+rio-de-janeiro+zona-norte+jd-guanabara/?ordem=MOST_RECENT&pagina=4
16:45:30 | INFO    | [Jardim Guanabara] Página 4: 5 anúncios no HTML, 4 novos, 1 repetidos (sem condomínio: 0, sem quartos: 1).
16:45:30 | INFO    | Aguardando 5.0s (entre páginas)
16:45:35 | INFO    | [Jardim Guanabara] Página 5/30 → https://www.zapimoveis.com.br/aluguel/imoveis/rj+rio-de-janeiro+zona-norte+jd-guanabara/?ordem=MOST_RECENT&pagina=5
16:45:54 | INFO    | [Jardim Guanabara] Nenhum card na página 5 — fim dos resultados do bairro.
16:45:54 | INFO    | [Jardim Guanabara] Concluído: 89 anúncios novos coletados.
16:45:54 | INFO    | Progresso: 55/162 bairros | 3106 anúncios no total | 72 min decorridos | ~140 min restantes (estimativa).
16:45:54 | INFO    | Aguardando 15.1s (troca de bairro)
16:46:09 | INFO    | ======================================================================
16:46:09 | INFO    | BAIRRO: Lins de Vasconcelos  (limite: 30 páginas)
16:46:09 | INFO    | [Lins de Vasconcelos] Página 1/30 → https://www.zapimoveis.com.br/aluguel/imoveis/rj+rio-de-janeiro+zona-norte+lins-de-vasconcelos/?ordem=MOST_RECENT
16:48:39 | INFO    | [Lins de Vasconcelos] O site informa 35 imóveis (~2 páginas).
16:48:40 | INFO    | [Lins de Vasconcelos] Página 1: 30 anúncios no HTML, 30 novos, 0 repetidos (sem condomínio: 0, sem quartos: 7).
16:48:40 | INFO    | Aguardando 6.7s (entre páginas)
16:48:47 | INFO    | [Lins de Vasconcelos] Página 2/30 → https://www.zapimoveis.com.br/aluguel/imoveis/rj+rio-de-janeiro+zona-norte+lins-de-vasconcelos/?ordem=MOST_RECENT&pagina=2
16:50:21 | INFO    | [Lins de Vasconcelos] Página 2: 5 anúncios no HTML, 5 novos, 0 repetidos (sem condomínio: 0, sem quartos: 3).
16:50:21 | INFO    | Aguardando 8.1s (entre páginas)
16:50:29 | INFO    | [Lins de Vasconcelos] Página 3/30 → https://www.zapimoveis.com.br/aluguel/imoveis/rj+rio-de-janeiro+zona-norte+lins-de-vasconcelos/?ordem=MOST_RECENT&pagina=3
16:50:44 | INFO    | [Lins de Vasconcelos] Nenhum card na página 3 — fim dos resultados do bairro.
16:50:44 | INFO    | [Lins de Vasconcelos] Concluído: 35 anúncios novos coletados.
16:50:44 | INFO    | Progresso: 56/162 bairros | 3141 anúncios no total | 77 min decorridos | ~145 min restantes (estimativa).
16:50:44 | INFO    | Aguardando 19.6s (troca de bairro)
16:51:03 | INFO    | ======================================================================
16:51:03 | INFO    | BAIRRO: Madureira  (limite: 30 páginas)
16:51:03 | INFO    | [Madureira] Página 1/30 → https://www.zapimoveis.com.br/aluguel/imoveis/rj+rio-de-janeiro+zona-norte+madureira/?ordem=MOST_RECENT
16:53:15 | INFO    | [Madureira] O site informa 278 imóveis (~10 páginas).
16:53:17 | INFO    | [Madureira] Página 1: 30 anúncios no HTML, 30 novos, 0 repetidos (sem condomínio: 0, sem quartos: 17).
16:53:17 | INFO    | Aguardando 4.6s (entre páginas)
16:53:22 | INFO    | [Madureira] Página 2/30 → https://www.zapimoveis.com.br/aluguel/imoveis/rj+rio-de-janeiro+zona-norte+madureira/?ordem=MOST_RECENT&pagina=2
16:53:51 | INFO    | [Madureira] Página 2: 30 anúncios no HTML, 30 novos, 0 repetidos (sem condomínio: 0, sem quartos: 19).
16:53:51 | INFO    | Aguardando 7.3s (entre páginas)
16:53:59 | INFO    | [Madureira] Página 3/30 → https://www.zapimoveis.com.br/aluguel/imoveis/rj+rio-de-janeiro+zona-norte+madureira/?ordem=MOST_RECENT&pagina=3
16:54:13 | INFO    | [Madureira] Página 3: 30 anúncios no HTML, 30 novos, 0 repetidos (sem condomínio: 0, sem quartos: 18).
16:54:13 | INFO    | Aguardando 7.6s (entre páginas)
16:54:20 | INFO    | [Madureira] Página 4/30 → https://www.zapimoveis.com.br/aluguel/imoveis/rj+rio-de-janeiro+zona-norte+madureira/?ordem=MOST_RECENT&pagina=4
16:55:20 | INFO    | [Madureira] Página 4: 30 anúncios no HTML, 30 novos, 0 repetidos (sem condomínio: 0, sem quartos: 27).
16:55:21 | INFO    | Aguardando 6.4s (entre páginas)
16:55:27 | INFO    | [Madureira] Página 5/30 → https://www.zapimoveis.com.br/aluguel/imoveis/rj+rio-de-janeiro+zona-norte+madureira/?ordem=MOST_RECENT&pagina=5
16:55:37 | INFO    | [Madureira] Página 5: 30 anúncios no HTML, 30 novos, 0 repetidos (sem condomínio: 0, sem quartos: 22).
16:55:37 | INFO    | Aguardando 4.3s (entre páginas)
16:55:42 | INFO    | [Madureira] Página 6/30 → https://www.zapimoveis.com.br/aluguel/imoveis/rj+rio-de-janeiro+zona-norte+madureira/?ordem=MOST_RECENT&pagina=6
16:56:00 | INFO    | [Madureira] Página 6: 30 anúncios no HTML, 30 novos, 0 repetidos (sem condomínio: 0, sem quartos: 21).
16:56:00 | INFO    | Aguardando 6.3s (entre páginas)
16:56:06 | INFO    | [Madureira] Página 7/30 → https://www.zapimoveis.com.br/aluguel/imoveis/rj+rio-de-janeiro+zona-norte+madureira/?ordem=MOST_RECENT&pagina=7
16:56:21 | INFO    | [Madureira] Página 7: 30 anúncios no HTML, 30 novos, 0 repetidos (sem condomínio: 0, sem quartos: 22).
16:56:21 | INFO    | Aguardando 5.1s (entre páginas)
16:56:26 | INFO    | [Madureira] Página 8/30 → https://www.zapimoveis.com.br/aluguel/imoveis/rj+rio-de-janeiro+zona-norte+madureira/?ordem=MOST_RECENT&pagina=8
16:56:41 | INFO    | [Madureira] Página 8: 30 anúncios no HTML, 30 novos, 0 repetidos (sem condomínio: 0, sem quartos: 28).
16:56:41 | INFO    | Aguardando 8.4s (entre páginas)
16:56:49 | INFO    | [Madureira] Página 9/30 → https://www.zapimoveis.com.br/aluguel/imoveis/rj+rio-de-janeiro+zona-norte+madureira/?ordem=MOST_RECENT&pagina=9
16:58:01 | INFO    | [Madureira] Página 9: 30 anúncios no HTML, 30 novos, 0 repetidos (sem condomínio: 0, sem quartos: 18).
16:58:01 | INFO    | Aguardando 4.0s (entre páginas)
16:58:05 | INFO    | [Madureira] Página 10/30 → https://www.zapimoveis.com.br/aluguel/imoveis/rj+rio-de-janeiro+zona-norte+madureira/?ordem=MOST_RECENT&pagina=10
16:58:16 | INFO    | [Madureira] Página 10: 8 anúncios no HTML, 8 novos, 0 repetidos (sem condomínio: 0, sem quartos: 5).
16:58:16 | INFO    | Aguardando 5.4s (entre páginas)
16:58:21 | INFO    | [Madureira] Página 11/30 → https://www.zapimoveis.com.br/aluguel/imoveis/rj+rio-de-janeiro+zona-norte+madureira/?ordem=MOST_RECENT&pagina=11
16:58:38 | INFO    | [Madureira] Nenhum card na página 11 — fim dos resultados do bairro.
16:58:38 | INFO    | [Madureira] Concluído: 278 anúncios novos coletados.
16:58:38 | INFO    | Progresso: 57/162 bairros | 3419 anúncios no total | 85 min decorridos | ~156 min restantes (estimativa).
16:58:38 | INFO    | Aguardando 18.0s (troca de bairro)
16:58:56 | INFO    | ======================================================================
16:58:56 | INFO    | BAIRRO: Manguinhos  (limite: 30 páginas)
16:58:56 | INFO    | [Manguinhos] Página 1/30 → https://www.zapimoveis.com.br/aluguel/imoveis/rj+rio-de-janeiro+zona-norte+manguinhos/?ordem=MOST_RECENT
16:59:05 | INFO    | [Manguinhos] O site informa 6 imóveis (~1 páginas).
16:59:05 | INFO    | [Manguinhos] Página 1: 6 anúncios no HTML, 4 novos, 2 repetidos (sem condomínio: 0, sem quartos: 3).
16:59:05 | INFO    | Aguardando 8.3s (entre páginas)
16:59:14 | INFO    | [Manguinhos] Página 2/30 → https://www.zapimoveis.com.br/aluguel/imoveis/rj+rio-de-janeiro+zona-norte+manguinhos/?ordem=MOST_RECENT&pagina=2
17:00:20 | INFO    | [Manguinhos] Nenhum card na página 2 — fim dos resultados do bairro.
17:00:20 | INFO    | [Manguinhos] Concluído: 4 anúncios novos coletados.
17:00:20 | INFO    | Progresso: 58/162 bairros | 3423 anúncios no total | 86 min decorridos | ~155 min restantes (estimativa).
17:00:20 | INFO    | Aguardando 14.0s (troca de bairro)
17:00:34 | INFO    | ======================================================================
17:00:34 | INFO    | BAIRRO: Maracanã  (limite: 30 páginas)
17:00:34 | INFO    | [Maracanã] Página 1/30 → https://www.zapimoveis.com.br/aluguel/imoveis/rj+rio-de-janeiro+zona-norte+maracana/?ordem=MOST_RECENT
17:00:51 | INFO    | [Maracanã] O site informa 115 imóveis (~4 páginas).
17:00:51 | INFO    | [Maracanã] Página 1: 30 anúncios no HTML, 30 novos, 0 repetidos (sem condomínio: 0, sem quartos: 5).
17:00:51 | INFO    | Aguardando 8.2s (entre páginas)
17:00:59 | INFO    | [Maracanã] Página 2/30 → https://www.zapimoveis.com.br/aluguel/imoveis/rj+rio-de-janeiro+zona-norte+maracana/?ordem=MOST_RECENT&pagina=2
17:01:15 | INFO    | [Maracanã] Página 2: 30 anúncios no HTML, 30 novos, 0 repetidos (sem condomínio: 0, sem quartos: 10).
17:01:15 | INFO    | Aguardando 4.5s (entre páginas)
17:01:19 | INFO    | [Maracanã] Página 3/30 → https://www.zapimoveis.com.br/aluguel/imoveis/rj+rio-de-janeiro+zona-norte+maracana/?ordem=MOST_RECENT&pagina=3
17:02:47 | INFO    | [Maracanã] Página 3: 30 anúncios no HTML, 30 novos, 0 repetidos (sem condomínio: 0, sem quartos: 16).
17:02:47 | INFO    | Aguardando 5.3s (entre páginas)
17:02:53 | INFO    | [Maracanã] Página 4/30 → https://www.zapimoveis.com.br/aluguel/imoveis/rj+rio-de-janeiro+zona-norte+maracana/?ordem=MOST_RECENT&pagina=4
17:03:11 | INFO    | [Maracanã] Página 4: 25 anúncios no HTML, 25 novos, 0 repetidos (sem condomínio: 0, sem quartos: 16).
17:03:11 | INFO    | Aguardando 7.6s (entre páginas)
17:03:19 | INFO    | [Maracanã] Página 5/30 → https://www.zapimoveis.com.br/aluguel/imoveis/rj+rio-de-janeiro+zona-norte+maracana/?ordem=MOST_RECENT&pagina=5
17:03:31 | INFO    | [Maracanã] Nenhum card na página 5 — fim dos resultados do bairro.
17:03:31 | INFO    | [Maracanã] Concluído: 115 anúncios novos coletados.
17:03:31 | INFO    | Progresso: 59/162 bairros | 3538 anúncios no total | 89 min decorridos | ~156 min restantes (estimativa).
17:03:31 | INFO    | Aguardando 16.0s (troca de bairro)
17:03:47 | INFO    | ======================================================================
17:03:47 | INFO    | BAIRRO: Marechal Hermes  (limite: 30 páginas)
17:03:47 | INFO    | [Marechal Hermes] Página 1/30 → https://www.zapimoveis.com.br/aluguel/imoveis/rj+rio-de-janeiro+zona-norte+marechal-hermes/?ordem=MOST_RECENT
17:05:00 | INFO    | [Marechal Hermes] O site informa 41 imóveis (~2 páginas).
17:05:00 | INFO    | [Marechal Hermes] Página 1: 30 anúncios no HTML, 30 novos, 0 repetidos (sem condomínio: 0, sem quartos: 3).
17:05:01 | INFO    | Aguardando 6.7s (entre páginas)
17:05:07 | INFO    | [Marechal Hermes] Página 2/30 → https://www.zapimoveis.com.br/aluguel/imoveis/rj+rio-de-janeiro+zona-norte+marechal-hermes/?ordem=MOST_RECENT&pagina=2
17:05:18 | INFO    | [Marechal Hermes] Página 2: 11 anúncios no HTML, 11 novos, 0 repetidos (sem condomínio: 0, sem quartos: 6).
17:05:18 | INFO    | Aguardando 5.0s (entre páginas)
17:05:23 | INFO    | [Marechal Hermes] Página 3/30 → https://www.zapimoveis.com.br/aluguel/imoveis/rj+rio-de-janeiro+zona-norte+marechal-hermes/?ordem=MOST_RECENT&pagina=3
17:05:46 | INFO    | [Marechal Hermes] Nenhum card na página 3 — fim dos resultados do bairro.
17:05:46 | INFO    | [Marechal Hermes] Concluído: 41 anúncios novos coletados.
17:05:46 | INFO    | Progresso: 60/162 bairros | 3579 anúncios no total | 92 min decorridos | ~156 min restantes (estimativa).
17:05:46 | INFO    | Aguardando 15.4s (troca de bairro)
17:06:02 | INFO    | ======================================================================
17:06:02 | INFO    | BAIRRO: Maria da Graça  (limite: 30 páginas)
17:06:02 | INFO    | [Maria da Graça] Página 1/30 → https://www.zapimoveis.com.br/aluguel/imoveis/rj+rio-de-janeiro+zona-norte+maria-da-graca/?ordem=MOST_RECENT
17:06:16 | INFO    | [Maria da Graça] O site informa 13 imóveis (~1 páginas).
17:06:17 | INFO    | [Maria da Graça] Página 1: 13 anúncios no HTML, 13 novos, 0 repetidos (sem condomínio: 0, sem quartos: 7).
17:06:17 | INFO    | Aguardando 8.0s (entre páginas)
17:06:25 | INFO    | [Maria da Graça] Página 2/30 → https://www.zapimoveis.com.br/aluguel/imoveis/rj+rio-de-janeiro+zona-norte+maria-da-graca/?ordem=MOST_RECENT&pagina=2
17:07:32 | INFO    | [Maria da Graça] Nenhum card na página 2 — fim dos resultados do bairro.
17:07:32 | INFO    | [Maria da Graça] Concluído: 13 anúncios novos coletados.
17:07:32 | INFO    | Progresso: 61/162 bairros | 3592 anúncios no total | 93 min decorridos | ~155 min restantes (estimativa).
17:07:32 | INFO    | Aguardando 12.2s (troca de bairro)
17:07:44 | INFO    | ======================================================================
17:07:44 | INFO    | BAIRRO: Méier  (limite: 30 páginas)
17:07:44 | INFO    | [Méier] Página 1/30 → https://www.zapimoveis.com.br/aluguel/imoveis/rj+rio-de-janeiro+zona-norte+meier/?ordem=MOST_RECENT
17:07:58 | INFO    | [Méier] O site informa 404 imóveis (~14 páginas).
17:07:58 | INFO    | [Méier] Página 1: 30 anúncios no HTML, 30 novos, 0 repetidos (sem condomínio: 0, sem quartos: 13).
17:08:00 | INFO    | Aguardando 6.3s (entre páginas)
17:08:06 | INFO    | [Méier] Página 2/30 → https://www.zapimoveis.com.br/aluguel/imoveis/rj+rio-de-janeiro+zona-norte+meier/?ordem=MOST_RECENT&pagina=2
17:08:22 | INFO    | [Méier] Página 2: 30 anúncios no HTML, 30 novos, 0 repetidos (sem condomínio: 0, sem quartos: 5).
17:08:22 | INFO    | Aguardando 8.7s (entre páginas)
17:08:30 | INFO    | [Méier] Página 3/30 → https://www.zapimoveis.com.br/aluguel/imoveis/rj+rio-de-janeiro+zona-norte+meier/?ordem=MOST_RECENT&pagina=3
17:09:37 | INFO    | [Méier] Página 3: 30 anúncios no HTML, 29 novos, 1 repetidos (sem condomínio: 0, sem quartos: 15).
17:09:37 | INFO    | Aguardando 7.0s (entre páginas)
17:09:44 | INFO    | [Méier] Página 4/30 → https://www.zapimoveis.com.br/aluguel/imoveis/rj+rio-de-janeiro+zona-norte+meier/?ordem=MOST_RECENT&pagina=4
17:10:00 | INFO    | [Méier] Página 4: 30 anúncios no HTML, 30 novos, 0 repetidos (sem condomínio: 0, sem quartos: 14).
17:10:00 | INFO    | Aguardando 7.5s (entre páginas)
17:10:07 | INFO    | [Méier] Página 5/30 → https://www.zapimoveis.com.br/aluguel/imoveis/rj+rio-de-janeiro+zona-norte+meier/?ordem=MOST_RECENT&pagina=5
17:10:22 | INFO    | [Méier] Página 5: 30 anúncios no HTML, 29 novos, 1 repetidos (sem condomínio: 0, sem quartos: 11).
17:10:22 | INFO    | Aguardando 9.0s (entre páginas)
17:10:31 | INFO    | [Méier] Página 6/30 → https://www.zapimoveis.com.br/aluguel/imoveis/rj+rio-de-janeiro+zona-norte+meier/?ordem=MOST_RECENT&pagina=6
17:11:31 | INFO    | [Méier] Página 6: 30 anúncios no HTML, 30 novos, 0 repetidos (sem condomínio: 0, sem quartos: 16).
17:11:31 | INFO    | Aguardando 4.9s (entre páginas)
17:11:36 | INFO    | [Méier] Página 7/30 → https://www.zapimoveis.com.br/aluguel/imoveis/rj+rio-de-janeiro+zona-norte+meier/?ordem=MOST_RECENT&pagina=7
17:11:56 | INFO    | [Méier] Página 7: 30 anúncios no HTML, 29 novos, 1 repetidos (sem condomínio: 0, sem quartos: 19).
17:11:56 | INFO    | Aguardando 4.2s (entre páginas)
17:12:00 | INFO    | [Méier] Página 8/30 → https://www.zapimoveis.com.br/aluguel/imoveis/rj+rio-de-janeiro+zona-norte+meier/?ordem=MOST_RECENT&pagina=8
17:12:14 | INFO    | [Méier] Página 8: 30 anúncios no HTML, 29 novos, 1 repetidos (sem condomínio: 0, sem quartos: 20).
17:12:14 | INFO    | Aguardando 4.9s (entre páginas)
17:12:19 | INFO    | [Méier] Página 9/30 → https://www.zapimoveis.com.br/aluguel/imoveis/rj+rio-de-janeiro+zona-norte+meier/?ordem=MOST_RECENT&pagina=9
17:13:29 | INFO    | [Méier] Página 9: 30 anúncios no HTML, 29 novos, 1 repetidos (sem condomínio: 0, sem quartos: 20).
17:13:29 | INFO    | Aguardando 4.8s (entre páginas)
17:13:34 | INFO    | [Méier] Página 10/30 → https://www.zapimoveis.com.br/aluguel/imoveis/rj+rio-de-janeiro+zona-norte+meier/?ordem=MOST_RECENT&pagina=10
17:13:52 | INFO    | [Méier] Página 10: 30 anúncios no HTML, 29 novos, 1 repetidos (sem condomínio: 0, sem quartos: 27).
17:13:52 | INFO    | Aguardando 4.1s (entre páginas)
17:13:56 | INFO    | [Méier] Página 11/30 → https://www.zapimoveis.com.br/aluguel/imoveis/rj+rio-de-janeiro+zona-norte+meier/?ordem=MOST_RECENT&pagina=11
17:15:16 | INFO    | [Méier] Página 11: 30 anúncios no HTML, 30 novos, 0 repetidos (sem condomínio: 0, sem quartos: 25).
17:15:16 | INFO    | Aguardando 8.4s (entre páginas)
17:15:24 | INFO    | [Méier] Página 12/30 → https://www.zapimoveis.com.br/aluguel/imoveis/rj+rio-de-janeiro+zona-norte+meier/?ordem=MOST_RECENT&pagina=12
17:15:45 | INFO    | [Méier] Página 12: 30 anúncios no HTML, 30 novos, 0 repetidos (sem condomínio: 0, sem quartos: 27).
17:15:45 | INFO    | Aguardando 8.6s (entre páginas)
17:15:54 | INFO    | [Méier] Página 13/30 → https://www.zapimoveis.com.br/aluguel/imoveis/rj+rio-de-janeiro+zona-norte+meier/?ordem=MOST_RECENT&pagina=13
17:17:00 | INFO    | [Méier] Página 13: 30 anúncios no HTML, 29 novos, 1 repetidos (sem condomínio: 0, sem quartos: 23).
17:17:00 | INFO    | Aguardando 7.9s (entre páginas)
17:17:08 | INFO    | [Méier] Página 14/30 → https://www.zapimoveis.com.br/aluguel/imoveis/rj+rio-de-janeiro+zona-norte+meier/?ordem=MOST_RECENT&pagina=14
17:18:15 | INFO    | [Méier] Página 14: 14 anúncios no HTML, 14 novos, 0 repetidos (sem condomínio: 0, sem quartos: 10).
17:18:15 | INFO    | Aguardando 8.1s (entre páginas)
17:18:24 | INFO    | [Méier] Página 15/30 → https://www.zapimoveis.com.br/aluguel/imoveis/rj+rio-de-janeiro+zona-norte+meier/?ordem=MOST_RECENT&pagina=15
17:18:43 | INFO    | [Méier] Nenhum card na página 15 — fim dos resultados do bairro.
17:18:43 | INFO    | [Méier] Concluído: 397 anúncios novos coletados.
17:18:43 | INFO    | Progresso: 62/162 bairros | 3989 anúncios no total | 105 min decorridos | ~169 min restantes (estimativa).
17:18:43 | INFO    | Aguardando 19.5s (troca de bairro)
17:19:02 | INFO    | ======================================================================
17:19:02 | INFO    | BAIRRO: Moneró  (limite: 30 páginas)
17:19:02 | INFO    | [Moneró] Página 1/30 → https://www.zapimoveis.com.br/aluguel/imoveis/rj+rio-de-janeiro+zona-norte+monero/?ordem=MOST_RECENT
17:19:50 | INFO    | [Moneró] O site informa 9 imóveis (~1 páginas).
17:19:50 | INFO    | [Moneró] Página 1: 9 anúncios no HTML, 9 novos, 0 repetidos (sem condomínio: 0, sem quartos: 2).
17:19:51 | INFO    | Aguardando 5.4s (entre páginas)
17:19:56 | INFO    | [Moneró] Página 2/30 → https://www.zapimoveis.com.br/aluguel/imoveis/rj+rio-de-janeiro+zona-norte+monero/?ordem=MOST_RECENT&pagina=2
17:20:06 | INFO    | [Moneró] Nenhum card na página 2 — fim dos resultados do bairro.
17:20:06 | INFO    | [Moneró] Concluído: 9 anúncios novos coletados.
17:20:06 | INFO    | Progresso: 63/162 bairros | 3998 anúncios no total | 106 min decorridos | ~167 min restantes (estimativa).
17:20:06 | INFO    | Aguardando 14.0s (troca de bairro)
17:20:20 | INFO    | ======================================================================
17:20:20 | INFO    | BAIRRO: Olaria  (limite: 30 páginas)
17:20:20 | INFO    | [Olaria] Página 1/30 → https://www.zapimoveis.com.br/aluguel/imoveis/rj+rio-de-janeiro+zona-norte+olaria/?ordem=MOST_RECENT
17:21:22 | INFO    | [Olaria] O site informa 94 imóveis (~4 páginas).
17:21:22 | INFO    | [Olaria] Página 1: 30 anúncios no HTML, 30 novos, 0 repetidos (sem condomínio: 0, sem quartos: 9).
17:21:22 | INFO    | Aguardando 6.4s (entre páginas)
17:21:29 | INFO    | [Olaria] Página 2/30 → https://www.zapimoveis.com.br/aluguel/imoveis/rj+rio-de-janeiro+zona-norte+olaria/?ordem=MOST_RECENT&pagina=2
17:22:38 | INFO    | [Olaria] Página 2: 30 anúncios no HTML, 30 novos, 0 repetidos (sem condomínio: 0, sem quartos: 16).
17:22:38 | INFO    | Aguardando 4.2s (entre páginas)
17:22:42 | INFO    | [Olaria] Página 3/30 → https://www.zapimoveis.com.br/aluguel/imoveis/rj+rio-de-janeiro+zona-norte+olaria/?ordem=MOST_RECENT&pagina=3
17:23:04 | INFO    | [Olaria] Página 3: 30 anúncios no HTML, 30 novos, 0 repetidos (sem condomínio: 0, sem quartos: 17).
17:23:04 | INFO    | Aguardando 6.4s (entre páginas)
17:23:11 | INFO    | [Olaria] Página 4/30 → https://www.zapimoveis.com.br/aluguel/imoveis/rj+rio-de-janeiro+zona-norte+olaria/?ordem=MOST_RECENT&pagina=4
17:25:04 | INFO    | [Olaria] Página 4: 4 anúncios no HTML, 4 novos, 0 repetidos (sem condomínio: 0, sem quartos: 2).
17:25:04 | INFO    | Aguardando 4.5s (entre páginas)
17:25:10 | INFO    | [Olaria] Página 5/30 → https://www.zapimoveis.com.br/aluguel/imoveis/rj+rio-de-janeiro+zona-norte+olaria/?ordem=MOST_RECENT&pagina=5
17:26:29 | INFO    | [Olaria] Nenhum card na página 5 — fim dos resultados do bairro.
17:26:29 | INFO    | [Olaria] Concluído: 94 anúncios novos coletados.
17:26:29 | INFO    | Progresso: 64/162 bairros | 4092 anúncios no total | 112 min decorridos | ~172 min restantes (estimativa).
17:26:29 | INFO    | Aguardando 17.2s (troca de bairro)
17:26:46 | INFO    | ======================================================================
17:26:46 | INFO    | BAIRRO: Oswaldo Cruz  (limite: 30 páginas)
17:26:46 | INFO    | [Oswaldo Cruz] Página 1/30 → https://www.zapimoveis.com.br/aluguel/imoveis/rj+rio-de-janeiro+zona-norte+oswaldo-cruz/?ordem=MOST_RECENT
17:28:03 | INFO    | [Oswaldo Cruz] O site informa 45 imóveis (~2 páginas).
17:28:03 | INFO    | [Oswaldo Cruz] Página 1: 30 anúncios no HTML, 25 novos, 5 repetidos (sem condomínio: 0, sem quartos: 8).
17:28:03 | INFO    | Aguardando 5.5s (entre páginas)
17:28:08 | INFO    | [Oswaldo Cruz] Página 2/30 → https://www.zapimoveis.com.br/aluguel/imoveis/rj+rio-de-janeiro+zona-norte+oswaldo-cruz/?ordem=MOST_RECENT&pagina=2
17:29:58 | INFO    | [Oswaldo Cruz] Página 2: 15 anúncios no HTML, 15 novos, 0 repetidos (sem condomínio: 0, sem quartos: 6).
17:29:58 | INFO    | Aguardando 8.6s (entre páginas)
17:30:07 | INFO    | [Oswaldo Cruz] Página 3/30 → https://www.zapimoveis.com.br/aluguel/imoveis/rj+rio-de-janeiro+zona-norte+oswaldo-cruz/?ordem=MOST_RECENT&pagina=3
17:31:12 | INFO    | [Oswaldo Cruz] Nenhum card na página 3 — fim dos resultados do bairro.
17:31:12 | INFO    | [Oswaldo Cruz] Concluído: 40 anúncios novos coletados.
17:31:12 | INFO    | Progresso: 65/162 bairros | 4132 anúncios no total | 117 min decorridos | ~175 min restantes (estimativa).
17:31:12 | INFO    | Aguardando 10.8s (troca de bairro)
17:31:23 | INFO    | ======================================================================
17:31:23 | INFO    | BAIRRO: Parada de Lucas  (limite: 30 páginas)
17:31:23 | INFO    | [Parada de Lucas] Página 1/30 → https://www.zapimoveis.com.br/aluguel/imoveis/rj+rio-de-janeiro+zona-norte+parada-de-lucas/?ordem=MOST_RECENT
17:32:31 | INFO    | [Parada de Lucas] O site informa 29 imóveis (~1 páginas).
17:32:32 | INFO    | [Parada de Lucas] Página 1: 29 anúncios no HTML, 28 novos, 1 repetidos (sem condomínio: 0, sem quartos: 13).
17:32:32 | INFO    | Aguardando 5.1s (entre páginas)
17:32:37 | INFO    | [Parada de Lucas] Página 2/30 → https://www.zapimoveis.com.br/aluguel/imoveis/rj+rio-de-janeiro+zona-norte+parada-de-lucas/?ordem=MOST_RECENT&pagina=2
17:33:43 | INFO    | [Parada de Lucas] Nenhum card na página 2 — fim dos resultados do bairro.
17:33:43 | INFO    | [Parada de Lucas] Concluído: 28 anúncios novos coletados.
17:33:43 | INFO    | Progresso: 66/162 bairros | 4160 anúncios no total | 120 min decorridos | ~174 min restantes (estimativa).
17:33:43 | INFO    | Aguardando 13.1s (troca de bairro)
17:33:57 | INFO    | ======================================================================
17:33:57 | INFO    | BAIRRO: Parque Anchieta  (limite: 30 páginas)
17:33:57 | INFO    | [Parque Anchieta] Página 1/30 → https://www.zapimoveis.com.br/aluguel/imoveis/rj+rio-de-janeiro+zona-norte+pq-anchieta/?ordem=MOST_RECENT
17:34:48 | INFO    | [Parque Anchieta] O site informa 6 imóveis (~1 páginas).
17:34:48 | INFO    | [Parque Anchieta] Página 1: 6 anúncios no HTML, 6 novos, 0 repetidos (sem condomínio: 0, sem quartos: 1).
17:34:48 | INFO    | Aguardando 8.1s (entre páginas)
17:34:56 | INFO    | [Parque Anchieta] Página 2/30 → https://www.zapimoveis.com.br/aluguel/imoveis/rj+rio-de-janeiro+zona-norte+pq-anchieta/?ordem=MOST_RECENT&pagina=2
17:35:59 | INFO    | [Parque Anchieta] Nenhum card na página 2 — fim dos resultados do bairro.
17:35:59 | INFO    | [Parque Anchieta] Concluído: 6 anúncios novos coletados.
17:35:59 | INFO    | Progresso: 67/162 bairros | 4166 anúncios no total | 122 min decorridos | ~173 min restantes (estimativa).
17:35:59 | INFO    | Aguardando 10.9s (troca de bairro)
17:36:10 | INFO    | ======================================================================
17:36:10 | INFO    | BAIRRO: Parque Colúmbia  (limite: 30 páginas)
17:36:10 | INFO    | [Parque Colúmbia] Página 1/30 → https://www.zapimoveis.com.br/aluguel/imoveis/rj+rio-de-janeiro+zona-norte+pq-columbia/?ordem=MOST_RECENT
17:37:28 | INFO    | [Parque Colúmbia] O site informa 13 imóveis (~1 páginas).
17:37:29 | INFO    | [Parque Colúmbia] Página 1: 13 anúncios no HTML, 13 novos, 0 repetidos (sem condomínio: 0, sem quartos: 13).
17:37:29 | INFO    | Aguardando 7.0s (entre páginas)
17:37:36 | INFO    | [Parque Colúmbia] Página 2/30 → https://www.zapimoveis.com.br/aluguel/imoveis/rj+rio-de-janeiro+zona-norte+pq-columbia/?ordem=MOST_RECENT&pagina=2
17:38:37 | INFO    | [Parque Colúmbia] Nenhum card na página 2 — fim dos resultados do bairro.
17:38:37 | INFO    | [Parque Colúmbia] Concluído: 13 anúncios novos coletados.
17:38:37 | INFO    | Progresso: 68/162 bairros | 4179 anúncios no total | 125 min decorridos | ~172 min restantes (estimativa).
17:38:37 | INFO    | Aguardando 10.7s (troca de bairro)
17:38:48 | INFO    | ======================================================================
17:38:48 | INFO    | BAIRRO: Pavuna  (limite: 30 páginas)
17:38:48 | INFO    | [Pavuna] Página 1/30 → https://www.zapimoveis.com.br/aluguel/imoveis/rj+rio-de-janeiro+zona-norte+pavuna/?ordem=MOST_RECENT
17:40:51 | INFO    | [Pavuna] O site informa 141 imóveis (~5 páginas).
17:40:51 | INFO    | [Pavuna] Página 1: 30 anúncios no HTML, 28 novos, 2 repetidos (sem condomínio: 0, sem quartos: 24).
17:40:52 | INFO    | Aguardando 6.1s (entre páginas)
17:40:58 | INFO    | [Pavuna] Página 2/30 → https://www.zapimoveis.com.br/aluguel/imoveis/rj+rio-de-janeiro+zona-norte+pavuna/?ordem=MOST_RECENT&pagina=2
17:42:48 | INFO    | [Pavuna] Página 2: 30 anúncios no HTML, 20 novos, 10 repetidos (sem condomínio: 0, sem quartos: 17).
17:42:48 | INFO    | Aguardando 8.4s (entre páginas)
17:42:57 | INFO    | [Pavuna] Página 3/30 → https://www.zapimoveis.com.br/aluguel/imoveis/rj+rio-de-janeiro+zona-norte+pavuna/?ordem=MOST_RECENT&pagina=3
17:45:44 | INFO    | [Pavuna] Página 3: 30 anúncios no HTML, 23 novos, 7 repetidos (sem condomínio: 0, sem quartos: 23).
17:45:44 | INFO    | Aguardando 7.2s (entre páginas)
17:45:52 | INFO    | [Pavuna] Página 4/30 → https://www.zapimoveis.com.br/aluguel/imoveis/rj+rio-de-janeiro+zona-norte+pavuna/?ordem=MOST_RECENT&pagina=4
17:48:39 | ERROR   | Erro fatal na execução — salvando o que foi coletado até aqui. Retome com --continuar.
Traceback (most recent call last):
  File "C:\Users\jaque\OneDrive\Área de Trabalho\Web Scrapping\.venv\Lib\site-packages\urllib3\connectionpool.py", line 534, in _make_request
    response = conn.getresponse()
               ^^^^^^^^^^^^^^^^^^
  File "C:\Users\jaque\OneDrive\Área de Trabalho\Web Scrapping\.venv\Lib\site-packages\urllib3\connection.py", line 571, in getresponse
    httplib_response = super().getresponse()
                       ^^^^^^^^^^^^^^^^^^^^^
  File "C:\Users\jaque\AppData\Local\Programs\Python\Python312\Lib\http\client.py", line 1430, in getresponse
    response.begin()
  File "C:\Users\jaque\AppData\Local\Programs\Python\Python312\Lib\http\client.py", line 331, in begin
    version, status, reason = self._read_status()
                              ^^^^^^^^^^^^^^^^^^^
  File "C:\Users\jaque\AppData\Local\Programs\Python\Python312\Lib\http\client.py", line 292, in _read_status
    line = str(self.fp.readline(_MAXLINE + 1), "iso-8859-1")
               ^^^^^^^^^^^^^^^^^^^^^^^^^^^^^^
  File "C:\Users\jaque\AppData\Local\Programs\Python\Python312\Lib\socket.py", line 720, in readinto
    return self._sock.recv_into(b)
           ^^^^^^^^^^^^^^^^^^^^^^^
TimeoutError: timed out

The above exception was the direct cause of the following exception:

Traceback (most recent call last):
  File "C:\Users\jaque\OneDrive\Área de Trabalho\Web Scrapping\zap-scraper\zap_scraper.py", line 853, in main
    "arquivo_saida": str(arquivo_saida),
        ^^^^^^^^^^^^^^^^^^^^^^^^^^^^^^^^^
  File "C:\Users\jaque\OneDrive\Área de Trabalho\Web Scrapping\zap-scraper\zap_scraper.py", line 647, in raspar_bairro
    return copia
           ^^^^^^
  File "C:\Users\jaque\OneDrive\Área de Trabalho\Web Scrapping\zap-scraper\zap_scraper.py", line 414, in carregar_pagina
    aceitar_cookies(driver, timeout=3 if esperar_cookies else 0)
    ^^^^^^^^^^^^^^^^^^^^^^^^^^^^^^^^
  File "C:\Users\jaque\OneDrive\Área de Trabalho\Web Scrapping\zap-scraper\zap_scraper.py", line 372, in rolar_pagina_como_humano
    driver.execute_script("window.scrollTo(0, arguments[0]);", posicao)
                   ^^^^^^^^^^^^^^^^^^^^^^^^^^^^^^^^^^^^^^^^^^^^^^^^^^^^^
  File "C:\Users\jaque\OneDrive\Área de Trabalho\Web Scrapping\.venv\Lib\site-packages\selenium\webdriver\remote\webdriver.py", line 613, in execute_script
    return self.execute(command, {"script": script, "args": converted_args})["value"]
           ^^^^^^^^^^^^^^^^^^^^^^^^^^^^^^^^^^^^^^^^^^^^^^^^^^^^^^^^^^^^^^^^^
  File "C:\Users\jaque\OneDrive\Área de Trabalho\Web Scrapping\.venv\Lib\site-packages\selenium\webdriver\remote\webdriver.py", line 500, in execute
    response = cast(RemoteConnection, self.command_executor).execute(driver_command, params)
               ^^^^^^^^^^^^^^^^^^^^^^^^^^^^^^^^^^^^^^^^^^^^^^^^^^^^^^^^^^^^^^^^^^^^^^^^^^^^^
  File "C:\Users\jaque\OneDrive\Área de Trabalho\Web Scrapping\.venv\Lib\site-packages\selenium\webdriver\remote\remote_connection.py", line 407, in execute
    return self._request(command_info[0], url, body=data)
           ^^^^^^^^^^^^^^^^^^^^^^^^^^^^^^^^^^^^^^^^^^^^^^
  File "C:\Users\jaque\OneDrive\Área de Trabalho\Web Scrapping\.venv\Lib\site-packages\selenium\webdriver\remote\remote_connection.py", line 431, in _request
    response = self._conn.request(method, url, body=body, headers=headers, timeout=self._client_config.timeout)
               ^^^^^^^^^^^^^^^^^^^^^^^^^^^^^^^^^^^^^^^^^^^^^^^^^^^^^^^^^^^^^^^^^^^^^^^^^^^^^^^^^^^^^^^^^^^^^^^^
  File "C:\Users\jaque\OneDrive\Área de Trabalho\Web Scrapping\.venv\Lib\site-packages\urllib3\_request_methods.py", line 143, in request
    return self.request_encode_body(
           ^^^^^^^^^^^^^^^^^^^^^^^^^
  File "C:\Users\jaque\OneDrive\Área de Trabalho\Web Scrapping\.venv\Lib\site-packages\urllib3\_request_methods.py", line 278, in request_encode_body
    return self.urlopen(method, url, **extra_kw)
           ^^^^^^^^^^^^^^^^^^^^^^^^^^^^^^^^^^^^^
  File "C:\Users\jaque\OneDrive\Área de Trabalho\Web Scrapping\.venv\Lib\site-packages\urllib3\poolmanager.py", line 457, in urlopen
    response = conn.urlopen(method, u.request_uri, **kw)
               ^^^^^^^^^^^^^^^^^^^^^^^^^^^^^^^^^^^^^^^^^
  File "C:\Users\jaque\OneDrive\Área de Trabalho\Web Scrapping\.venv\Lib\site-packages\urllib3\connectionpool.py", line 842, in urlopen
    retries = retries.increment(
              ^^^^^^^^^^^^^^^^^^
  File "C:\Users\jaque\OneDrive\Área de Trabalho\Web Scrapping\.venv\Lib\site-packages\urllib3\util\retry.py", line 498, in increment
    raise reraise(type(error), error, _stacktrace)
          ^^^^^^^^^^^^^^^^^^^^^^^^^^^^^^^^^^^^^^^^
  File "C:\Users\jaque\OneDrive\Área de Trabalho\Web Scrapping\.venv\Lib\site-packages\urllib3\util\util.py", line 39, in reraise
    raise value
  File "C:\Users\jaque\OneDrive\Área de Trabalho\Web Scrapping\.venv\Lib\site-packages\urllib3\connectionpool.py", line 788, in urlopen
    response = self._make_request(
               ^^^^^^^^^^^^^^^^^^^
  File "C:\Users\jaque\OneDrive\Área de Trabalho\Web Scrapping\.venv\Lib\site-packages\urllib3\connectionpool.py", line 536, in _make_request
    self._raise_timeout(err=e, url=url, timeout_value=read_timeout)
  File "C:\Users\jaque\OneDrive\Área de Trabalho\Web Scrapping\.venv\Lib\site-packages\urllib3\connectionpool.py", line 367, in _raise_timeout
    raise ReadTimeoutError(
urllib3.exceptions.ReadTimeoutError: HTTPConnectionPool(host='localhost', port=60545): Read timed out. (read timeout=120)
17:48:47 | INFO    | Coleta finalizada: 4250 anúncios gravados em C:\Users\jaque\OneDrive\Área de Trabalho\Web Scrapping\zap-scraper\zap_imoveis_raw_rj.csv (134.7 min).
17:55:26 | INFO    | Consolidado: zap_imoveis_raw_rj.csv com 4250 anúncios; 113 cópia(s) de emergência apagada(s).
17:56:13 | INFO    | Retomando: 4250 anúncios já gravados em zap_imoveis_raw_rj.csv.
17:56:13 | INFO    | Retomando: 68 bairro(s) já concluído(s) segundo progresso_coleta.json.
17:56:13 | INFO    | Iniciando coleta | 94 bairro(s) pendente(s) de 162 selecionado(s) | até 30 página(s) por bairro | ordenação: {'ordem': 'MOST_RECENT'}
17:56:13 | INFO    | Bairros: Pavuna, Penha, Penha Circular, Piedade, Pilares, Pitangueiras, Portuguesa, Praça da Bandeira, Praia da Bandeira, Quintino Bocaiúva, Ramos, Riachuelo, Ribeira, Ricardo de Albuquerque, Rocha, Rocha Miranda, Sampaio, São Cristóvão, São Francisco Xavier, Tauá, Tijuca, Todos os Santos, Tomás Coelho, Turiaçu, Vasco da Gama, Vaz Lobo, Vicente de Carvalho, Vigário Geral, Vila da Penha, Vila Isabel, Vila Kosmos, Vila Valqueire, Vista Alegre, Zumbi, Anil, Bangu, Barra da Tijuca, Barra de Guaratiba, Barra Olímpica, Camorim, Campo dos Afonsos, Campo Grande, Cidade de Deus, Cosmos, Curicica, Freguesia (Jacarepaguá), Gardênia Azul, Guaratiba, Ilha de Guaratiba, Inhoaíba, Itanhangá, Jacarepaguá, Jardim Oceânico, Jardim Sulacap, Joá, Magalhães Bastos, Paciência, Padre Miguel, Pechincha, Pedra de Guaratiba, Península, Praça Seca, Realengo, Recreio dos Bandeirantes, Santa Cruz, Santíssimo, Senador Camará, Senador Vasconcelos, Sepetiba, Tanque, Taquara, Vargem Grande, Vargem Pequena, Vila Militar, Arpoador, Botafogo, Catete, Copacabana, Cosme Velho, Flamengo, Gávea, Glória, Humaitá, Ipanema, Jardim Botânico, Lagoa, Laranjeiras, Leblon, Leme, Rocinha, São Conrado, Urca, Vidigal, Vila Kennedy
17:56:16 | INFO    | Navegador iniciado (Chrome via undetected-chromedriver).
17:56:16 | INFO    | ======================================================================
17:56:16 | INFO    | BAIRRO: Pavuna  (limite: 30 páginas)
17:56:16 | INFO    | [Pavuna] Página 1/30 → https://www.zapimoveis.com.br/aluguel/imoveis/rj+rio-de-janeiro+zona-norte+pavuna/?ordem=MOST_RECENT
17:56:19 | INFO    | Pop-up de cookies aceito (adopt-accept-all-button).
17:56:24 | INFO    | [Pavuna] O site informa 141 imóveis (~5 páginas).
17:56:25 | INFO    | [Pavuna] Página 1: 30 anúncios no HTML, 0 novos, 30 repetidos (sem condomínio: 0, sem quartos: 0).
17:56:25 | INFO    | Aguardando 4.5s (entre páginas)
17:56:29 | INFO    | [Pavuna] Página 2/30 → https://www.zapimoveis.com.br/aluguel/imoveis/rj+rio-de-janeiro+zona-norte+pavuna/?ordem=MOST_RECENT&pagina=2
17:56:35 | INFO    | [Pavuna] Página 2: 30 anúncios no HTML, 0 novos, 30 repetidos (sem condomínio: 0, sem quartos: 0).
17:56:35 | INFO    | [Pavuna] Página 2 só trouxe anúncios já coletados — encerrando o bairro.
17:56:35 | INFO    | [Pavuna] Concluído: 0 anúncios novos coletados.
17:56:35 | INFO    | Progresso: 1/94 bairros | 4250 anúncios no total | 0 min decorridos | ~34 min restantes (estimativa).
17:56:35 | INFO    | Aguardando 18.5s (troca de bairro)
17:56:53 | INFO    | ======================================================================
17:56:53 | INFO    | BAIRRO: Penha  (limite: 30 páginas)
17:56:53 | INFO    | [Penha] Página 1/30 → https://www.zapimoveis.com.br/aluguel/imoveis/rj+rio-de-janeiro+zona-norte+penha/?ordem=MOST_RECENT
17:57:01 | INFO    | [Penha] O site informa 127 imóveis (~5 páginas).
17:57:01 | INFO    | [Penha] Página 1: 30 anúncios no HTML, 30 novos, 0 repetidos (sem condomínio: 0, sem quartos: 14).
17:57:01 | INFO    | Aguardando 4.2s (entre páginas)
17:57:05 | INFO    | [Penha] Página 2/30 → https://www.zapimoveis.com.br/aluguel/imoveis/rj+rio-de-janeiro+zona-norte+penha/?ordem=MOST_RECENT&pagina=2
17:57:13 | INFO    | [Penha] Página 2: 30 anúncios no HTML, 30 novos, 0 repetidos (sem condomínio: 0, sem quartos: 20).
17:57:13 | INFO    | Aguardando 4.8s (entre páginas)
17:57:18 | INFO    | [Penha] Página 3/30 → https://www.zapimoveis.com.br/aluguel/imoveis/rj+rio-de-janeiro+zona-norte+penha/?ordem=MOST_RECENT&pagina=3
17:57:26 | INFO    | [Penha] Página 3: 30 anúncios no HTML, 30 novos, 0 repetidos (sem condomínio: 0, sem quartos: 19).
17:57:26 | INFO    | Aguardando 6.4s (entre páginas)
17:57:32 | INFO    | [Penha] Página 4/30 → https://www.zapimoveis.com.br/aluguel/imoveis/rj+rio-de-janeiro+zona-norte+penha/?ordem=MOST_RECENT&pagina=4
17:57:40 | INFO    | [Penha] Página 4: 30 anúncios no HTML, 27 novos, 3 repetidos (sem condomínio: 0, sem quartos: 23).
17:57:40 | INFO    | Aguardando 4.0s (entre páginas)
17:57:44 | INFO    | [Penha] Página 5/30 → https://www.zapimoveis.com.br/aluguel/imoveis/rj+rio-de-janeiro+zona-norte+penha/?ordem=MOST_RECENT&pagina=5
17:57:51 | INFO    | [Penha] Página 5: 7 anúncios no HTML, 6 novos, 1 repetidos (sem condomínio: 0, sem quartos: 4).
17:57:51 | INFO    | Aguardando 7.5s (entre páginas)
17:57:58 | INFO    | [Penha] Página 6/30 → https://www.zapimoveis.com.br/aluguel/imoveis/rj+rio-de-janeiro+zona-norte+penha/?ordem=MOST_RECENT&pagina=6
17:58:05 | INFO    | [Penha] Nenhum card na página 6 — fim dos resultados do bairro.
17:58:05 | INFO    | [Penha] Concluído: 123 anúncios novos coletados.
17:58:05 | INFO    | Progresso: 2/94 bairros | 4373 anúncios no total | 2 min decorridos | ~86 min restantes (estimativa).
17:58:05 | INFO    | Aguardando 18.3s (troca de bairro)
17:58:24 | INFO    | ======================================================================
17:58:24 | INFO    | BAIRRO: Penha Circular  (limite: 30 páginas)
17:58:24 | INFO    | [Penha Circular] Página 1/30 → https://www.zapimoveis.com.br/aluguel/imoveis/rj+rio-de-janeiro+zona-norte+penha-circular/?ordem=MOST_RECENT
17:58:30 | INFO    | [Penha Circular] O site informa 166 imóveis (~6 páginas).
17:58:30 | INFO    | [Penha Circular] Página 1: 30 anúncios no HTML, 25 novos, 5 repetidos (sem condomínio: 0, sem quartos: 11).
17:58:30 | INFO    | Aguardando 6.3s (entre páginas)
17:58:36 | INFO    | [Penha Circular] Página 2/30 → https://www.zapimoveis.com.br/aluguel/imoveis/rj+rio-de-janeiro+zona-norte+penha-circular/?ordem=MOST_RECENT&pagina=2
17:58:43 | INFO    | [Penha Circular] Página 2: 30 anúncios no HTML, 26 novos, 4 repetidos (sem condomínio: 0, sem quartos: 12).
17:58:43 | INFO    | Aguardando 8.0s (entre páginas)
17:58:51 | INFO    | [Penha Circular] Página 3/30 → https://www.zapimoveis.com.br/aluguel/imoveis/rj+rio-de-janeiro+zona-norte+penha-circular/?ordem=MOST_RECENT&pagina=3
17:59:00 | INFO    | [Penha Circular] Página 3: 30 anúncios no HTML, 27 novos, 3 repetidos (sem condomínio: 0, sem quartos: 15).
17:59:00 | INFO    | Aguardando 6.9s (entre páginas)
17:59:07 | INFO    | [Penha Circular] Página 4/30 → https://www.zapimoveis.com.br/aluguel/imoveis/rj+rio-de-janeiro+zona-norte+penha-circular/?ordem=MOST_RECENT&pagina=4
17:59:15 | INFO    | [Penha Circular] Página 4: 30 anúncios no HTML, 24 novos, 6 repetidos (sem condomínio: 0, sem quartos: 15).
17:59:15 | INFO    | Aguardando 7.0s (entre páginas)
17:59:22 | INFO    | [Penha Circular] Página 5/30 → https://www.zapimoveis.com.br/aluguel/imoveis/rj+rio-de-janeiro+zona-norte+penha-circular/?ordem=MOST_RECENT&pagina=5
17:59:30 | INFO    | [Penha Circular] Página 5: 30 anúncios no HTML, 28 novos, 2 repetidos (sem condomínio: 0, sem quartos: 21).
17:59:30 | INFO    | Aguardando 6.1s (entre páginas)
17:59:36 | INFO    | [Penha Circular] Página 6/30 → https://www.zapimoveis.com.br/aluguel/imoveis/rj+rio-de-janeiro+zona-norte+penha-circular/?ordem=MOST_RECENT&pagina=6
17:59:43 | INFO    | [Penha Circular] Página 6: 16 anúncios no HTML, 14 novos, 2 repetidos (sem condomínio: 0, sem quartos: 12).
17:59:43 | INFO    | Aguardando 7.2s (entre páginas)
17:59:50 | INFO    | [Penha Circular] Página 7/30 → https://www.zapimoveis.com.br/aluguel/imoveis/rj+rio-de-janeiro+zona-norte+penha-circular/?ordem=MOST_RECENT&pagina=7
17:59:57 | INFO    | [Penha Circular] Nenhum card na página 7 — fim dos resultados do bairro.
17:59:57 | INFO    | [Penha Circular] Concluído: 144 anúncios novos coletados.
17:59:57 | INFO    | Progresso: 3/94 bairros | 4517 anúncios no total | 4 min decorridos | ~114 min restantes (estimativa).
17:59:57 | INFO    | Aguardando 11.7s (troca de bairro)
18:00:09 | INFO    | ======================================================================
18:00:09 | INFO    | BAIRRO: Piedade  (limite: 30 páginas)
18:00:09 | INFO    | [Piedade] Página 1/30 → https://www.zapimoveis.com.br/aluguel/imoveis/rj+rio-de-janeiro+zona-norte+piedade/?ordem=MOST_RECENT
18:00:16 | INFO    | [Piedade] O site informa 66 imóveis (~3 páginas).
18:00:16 | INFO    | [Piedade] Página 1: 30 anúncios no HTML, 29 novos, 1 repetidos (sem condomínio: 0, sem quartos: 5).
18:00:16 | INFO    | Aguardando 8.1s (entre páginas)
18:00:24 | INFO    | [Piedade] Página 2/30 → https://www.zapimoveis.com.br/aluguel/imoveis/rj+rio-de-janeiro+zona-norte+piedade/?ordem=MOST_RECENT&pagina=2
18:00:31 | INFO    | [Piedade] Página 2: 30 anúncios no HTML, 27 novos, 3 repetidos (sem condomínio: 0, sem quartos: 13).
18:00:31 | INFO    | Aguardando 5.0s (entre páginas)
18:00:36 | INFO    | [Piedade] Página 3/30 → https://www.zapimoveis.com.br/aluguel/imoveis/rj+rio-de-janeiro+zona-norte+piedade/?ordem=MOST_RECENT&pagina=3
18:00:42 | INFO    | [Piedade] Página 3: 6 anúncios no HTML, 6 novos, 0 repetidos (sem condomínio: 0, sem quartos: 1).
18:00:42 | INFO    | Aguardando 7.2s (entre páginas)
18:00:49 | INFO    | [Piedade] Página 4/30 → https://www.zapimoveis.com.br/aluguel/imoveis/rj+rio-de-janeiro+zona-norte+piedade/?ordem=MOST_RECENT&pagina=4
18:00:56 | INFO    | [Piedade] Nenhum card na página 4 — fim dos resultados do bairro.
18:00:56 | INFO    | [Piedade] Concluído: 62 anúncios novos coletados.
18:00:56 | INFO    | Progresso: 4/94 bairros | 4579 anúncios no total | 5 min decorridos | ~106 min restantes (estimativa).
18:00:56 | INFO    | Aguardando 15.0s (troca de bairro)
18:01:11 | INFO    | ======================================================================
18:01:11 | INFO    | BAIRRO: Pilares  (limite: 30 páginas)
18:01:11 | INFO    | [Pilares] Página 1/30 → https://www.zapimoveis.com.br/aluguel/imoveis/rj+rio-de-janeiro+zona-norte+pilares/?ordem=MOST_RECENT
18:01:23 | INFO    | [Pilares] O site informa 41 imóveis (~2 páginas).
18:01:23 | INFO    | [Pilares] Página 1: 30 anúncios no HTML, 23 novos, 7 repetidos (sem condomínio: 0, sem quartos: 10).
18:01:23 | INFO    | Aguardando 6.1s (entre páginas)
18:01:29 | INFO    | [Pilares] Página 2/30 → https://www.zapimoveis.com.br/aluguel/imoveis/rj+rio-de-janeiro+zona-norte+pilares/?ordem=MOST_RECENT&pagina=2
18:01:36 | INFO    | [Pilares] Página 2: 11 anúncios no HTML, 8 novos, 3 repetidos (sem condomínio: 0, sem quartos: 7).
18:01:36 | INFO    | Aguardando 7.6s (entre páginas)
18:01:43 | INFO    | [Pilares] Página 3/30 → https://www.zapimoveis.com.br/aluguel/imoveis/rj+rio-de-janeiro+zona-norte+pilares/?ordem=MOST_RECENT&pagina=3
18:01:50 | INFO    | [Pilares] Nenhum card na página 3 — fim dos resultados do bairro.
18:01:50 | INFO    | [Pilares] Concluído: 31 anúncios novos coletados.
18:01:50 | INFO    | Progresso: 5/94 bairros | 4610 anúncios no total | 6 min decorridos | ~100 min restantes (estimativa).
18:01:50 | INFO    | Aguardando 12.9s (troca de bairro)
18:02:03 | INFO    | ======================================================================
18:02:03 | INFO    | BAIRRO: Pitangueiras  (limite: 30 páginas)
18:02:03 | INFO    | [Pitangueiras] Página 1/30 → https://www.zapimoveis.com.br/aluguel/imoveis/rj+rio-de-janeiro+zona-norte+pitangueiras/?ordem=MOST_RECENT
18:02:07 | INFO    | [Pitangueiras] O site informa 7 imóveis (~1 páginas).
18:02:07 | INFO    | [Pitangueiras] Página 1: 7 anúncios no HTML, 6 novos, 1 repetidos (sem condomínio: 0, sem quartos: 2).
18:02:07 | INFO    | Aguardando 8.8s (entre páginas)
18:02:16 | INFO    | [Pitangueiras] Página 2/30 → https://www.zapimoveis.com.br/aluguel/imoveis/rj+rio-de-janeiro+zona-norte+pitangueiras/?ordem=MOST_RECENT&pagina=2
18:02:21 | INFO    | [Pitangueiras] Nenhum card na página 2 — fim dos resultados do bairro.
18:02:21 | INFO    | [Pitangueiras] Concluído: 6 anúncios novos coletados.
18:02:21 | INFO    | Progresso: 6/94 bairros | 4616 anúncios no total | 6 min decorridos | ~90 min restantes (estimativa).
18:02:21 | INFO    | Aguardando 11.0s (troca de bairro)
18:02:32 | INFO    | ======================================================================
18:02:32 | INFO    | BAIRRO: Portuguesa  (limite: 30 páginas)
18:02:32 | INFO    | [Portuguesa] Página 1/30 → https://www.zapimoveis.com.br/aluguel/imoveis/rj+rio-de-janeiro+zona-norte+portuguesa/?ordem=MOST_RECENT
18:02:40 | INFO    | [Portuguesa] O site informa 59 imóveis (~2 páginas).
18:02:40 | INFO    | [Portuguesa] Página 1: 30 anúncios no HTML, 27 novos, 3 repetidos (sem condomínio: 0, sem quartos: 17).
18:02:40 | INFO    | Aguardando 4.5s (entre páginas)
18:02:44 | INFO    | [Portuguesa] Página 2/30 → https://www.zapimoveis.com.br/aluguel/imoveis/rj+rio-de-janeiro+zona-norte+portuguesa/?ordem=MOST_RECENT&pagina=2
18:02:53 | INFO    | [Portuguesa] Página 2: 29 anúncios no HTML, 27 novos, 2 repetidos (sem condomínio: 0, sem quartos: 25).
18:02:53 | INFO    | Aguardando 4.0s (entre páginas)
18:02:57 | INFO    | [Portuguesa] Página 3/30 → https://www.zapimoveis.com.br/aluguel/imoveis/rj+rio-de-janeiro+zona-norte+portuguesa/?ordem=MOST_RECENT&pagina=3
18:03:04 | INFO    | [Portuguesa] Nenhum card na página 3 — fim dos resultados do bairro.
18:03:04 | INFO    | [Portuguesa] Concluído: 54 anúncios novos coletados.
18:03:04 | INFO    | Progresso: 7/94 bairros | 4670 anúncios no total | 7 min decorridos | ~85 min restantes (estimativa).
18:03:04 | INFO    | Aguardando 11.8s (troca de bairro)
18:03:16 | INFO    | ======================================================================
18:03:16 | INFO    | BAIRRO: Praça da Bandeira  (limite: 30 páginas)
18:03:16 | INFO    | [Praça da Bandeira] Página 1/30 → https://www.zapimoveis.com.br/aluguel/imoveis/rj+rio-de-janeiro+zona-norte+pc-da-bandeira/?ordem=MOST_RECENT
18:03:23 | INFO    | [Praça da Bandeira] O site informa 65 imóveis (~3 páginas).
18:03:23 | INFO    | [Praça da Bandeira] Página 1: 30 anúncios no HTML, 30 novos, 0 repetidos (sem condomínio: 0, sem quartos: 4).
18:03:23 | INFO    | Aguardando 4.3s (entre páginas)
18:03:27 | INFO    | [Praça da Bandeira] Página 2/30 → https://www.zapimoveis.com.br/aluguel/imoveis/rj+rio-de-janeiro+zona-norte+pc-da-bandeira/?ordem=MOST_RECENT&pagina=2
18:03:36 | INFO    | [Praça da Bandeira] Página 2: 30 anúncios no HTML, 30 novos, 0 repetidos (sem condomínio: 0, sem quartos: 19).
18:03:36 | INFO    | Aguardando 8.3s (entre páginas)
18:03:44 | INFO    | [Praça da Bandeira] Página 3/30 → https://www.zapimoveis.com.br/aluguel/imoveis/rj+rio-de-janeiro+zona-norte+pc-da-bandeira/?ordem=MOST_RECENT&pagina=3
18:03:51 | INFO    | [Praça da Bandeira] Página 3: 5 anúncios no HTML, 5 novos, 0 repetidos (sem condomínio: 0, sem quartos: 4).
18:03:51 | INFO    | Aguardando 5.4s (entre páginas)
18:03:56 | INFO    | [Praça da Bandeira] Página 4/30 → https://www.zapimoveis.com.br/aluguel/imoveis/rj+rio-de-janeiro+zona-norte+pc-da-bandeira/?ordem=MOST_RECENT&pagina=4
18:04:02 | INFO    | [Praça da Bandeira] Nenhum card na página 4 — fim dos resultados do bairro.
18:04:02 | INFO    | [Praça da Bandeira] Concluído: 65 anúncios novos coletados.
18:04:02 | INFO    | Progresso: 8/94 bairros | 4735 anúncios no total | 8 min decorridos | ~84 min restantes (estimativa).
18:04:02 | INFO    | Aguardando 16.3s (troca de bairro)
18:04:18 | INFO    | ======================================================================
18:04:18 | INFO    | BAIRRO: Praia da Bandeira  (limite: 30 páginas)
18:04:18 | INFO    | [Praia da Bandeira] Página 1/30 → https://www.zapimoveis.com.br/aluguel/imoveis/rj+rio-de-janeiro+zona-norte+praia-da-bandeira/?ordem=MOST_RECENT
18:04:24 | INFO    | [Praia da Bandeira] O site informa 13 imóveis (~1 páginas).
18:04:24 | INFO    | [Praia da Bandeira] Página 1: 13 anúncios no HTML, 10 novos, 3 repetidos (sem condomínio: 0, sem quartos: 3).
18:04:24 | INFO    | Aguardando 6.1s (entre páginas)
18:04:31 | INFO    | [Praia da Bandeira] Página 2/30 → https://www.zapimoveis.com.br/aluguel/imoveis/rj+rio-de-janeiro+zona-norte+praia-da-bandeira/?ordem=MOST_RECENT&pagina=2
18:04:36 | INFO    | [Praia da Bandeira] Nenhum card na página 2 — fim dos resultados do bairro.
18:04:36 | INFO    | [Praia da Bandeira] Concluído: 10 anúncios novos coletados.
18:04:36 | INFO    | Progresso: 9/94 bairros | 4745 anúncios no total | 8 min decorridos | ~79 min restantes (estimativa).
18:04:36 | INFO    | Aguardando 18.6s (troca de bairro)
18:04:55 | INFO    | ======================================================================
18:04:55 | INFO    | BAIRRO: Quintino Bocaiúva  (limite: 30 páginas)
18:04:55 | INFO    | [Quintino Bocaiúva] Página 1/30 → https://www.zapimoveis.com.br/aluguel/imoveis/rj+rio-de-janeiro+zona-norte+quintino-bocaiuva/?ordem=MOST_RECENT
18:05:02 | INFO    | [Quintino Bocaiúva] O site informa 33 imóveis (~2 páginas).
18:05:02 | INFO    | [Quintino Bocaiúva] Página 1: 30 anúncios no HTML, 26 novos, 4 repetidos (sem condomínio: 0, sem quartos: 6).
18:05:02 | INFO    | Aguardando 5.1s (entre páginas)
18:05:07 | INFO    | [Quintino Bocaiúva] Página 2/30 → https://www.zapimoveis.com.br/aluguel/imoveis/rj+rio-de-janeiro+zona-norte+quintino-bocaiuva/?ordem=MOST_RECENT&pagina=2
18:05:12 | INFO    | [Quintino Bocaiúva] Página 2: 3 anúncios no HTML, 3 novos, 0 repetidos (sem condomínio: 0, sem quartos: 3).
18:05:12 | INFO    | Aguardando 4.5s (entre páginas)
18:05:16 | INFO    | [Quintino Bocaiúva] Página 3/30 → https://www.zapimoveis.com.br/aluguel/imoveis/rj+rio-de-janeiro+zona-norte+quintino-bocaiuva/?ordem=MOST_RECENT&pagina=3
18:05:22 | INFO    | [Quintino Bocaiúva] Nenhum card na página 3 — fim dos resultados do bairro.
18:05:22 | INFO    | [Quintino Bocaiúva] Concluído: 29 anúncios novos coletados.
18:05:22 | INFO    | Progresso: 10/94 bairros | 4774 anúncios no total | 9 min decorridos | ~77 min restantes (estimativa).
18:05:22 | INFO    | Aguardando 12.6s (troca de bairro)
18:05:35 | INFO    | ======================================================================
18:05:35 | INFO    | BAIRRO: Ramos  (limite: 30 páginas)
18:05:35 | INFO    | [Ramos] Página 1/30 → https://www.zapimoveis.com.br/aluguel/imoveis/rj+rio-de-janeiro+zona-norte+ramos/?ordem=MOST_RECENT
18:05:42 | INFO    | [Ramos] O site informa 93 imóveis (~4 páginas).
18:05:42 | INFO    | [Ramos] Página 1: 30 anúncios no HTML, 30 novos, 0 repetidos (sem condomínio: 0, sem quartos: 10).
18:05:42 | INFO    | Aguardando 4.5s (entre páginas)
18:05:47 | INFO    | [Ramos] Página 2/30 → https://www.zapimoveis.com.br/aluguel/imoveis/rj+rio-de-janeiro+zona-norte+ramos/?ordem=MOST_RECENT&pagina=2
18:05:54 | INFO    | [Ramos] Página 2: 30 anúncios no HTML, 30 novos, 0 repetidos (sem condomínio: 0, sem quartos: 13).
18:05:54 | INFO    | Aguardando 8.1s (entre páginas)
18:06:02 | INFO    | [Ramos] Página 3/30 → https://www.zapimoveis.com.br/aluguel/imoveis/rj+rio-de-janeiro+zona-norte+ramos/?ordem=MOST_RECENT&pagina=3
18:06:09 | INFO    | [Ramos] Página 3: 30 anúncios no HTML, 26 novos, 4 repetidos (sem condomínio: 0, sem quartos: 20).
18:06:09 | INFO    | Aguardando 7.6s (entre páginas)
18:06:17 | INFO    | [Ramos] Página 4/30 → https://www.zapimoveis.com.br/aluguel/imoveis/rj+rio-de-janeiro+zona-norte+ramos/?ordem=MOST_RECENT&pagina=4
18:06:22 | INFO    | [Ramos] Página 4: 3 anúncios no HTML, 3 novos, 0 repetidos (sem condomínio: 0, sem quartos: 3).
18:06:22 | INFO    | Aguardando 8.6s (entre páginas)
18:06:31 | INFO    | [Ramos] Página 5/30 → https://www.zapimoveis.com.br/aluguel/imoveis/rj+rio-de-janeiro+zona-norte+ramos/?ordem=MOST_RECENT&pagina=5
18:06:38 | INFO    | [Ramos] Nenhum card na página 5 — fim dos resultados do bairro.
18:06:38 | INFO    | [Ramos] Concluído: 89 anúncios novos coletados.
18:06:38 | INFO    | Progresso: 11/94 bairros | 4863 anúncios no total | 10 min decorridos | ~79 min restantes (estimativa).
18:06:38 | INFO    | Aguardando 16.5s (troca de bairro)
18:06:55 | INFO    | ======================================================================
18:06:55 | INFO    | BAIRRO: Riachuelo  (limite: 30 páginas)
18:06:55 | INFO    | [Riachuelo] Página 1/30 → https://www.zapimoveis.com.br/aluguel/imoveis/rj+rio-de-janeiro+zona-norte+riachuelo/?ordem=MOST_RECENT
18:07:01 | INFO    | [Riachuelo] O site informa 58 imóveis (~2 páginas).
18:07:01 | INFO    | [Riachuelo] Página 1: 30 anúncios no HTML, 30 novos, 0 repetidos (sem condomínio: 0, sem quartos: 12).
18:07:01 | INFO    | Aguardando 5.8s (entre páginas)
18:07:07 | INFO    | [Riachuelo] Página 2/30 → https://www.zapimoveis.com.br/aluguel/imoveis/rj+rio-de-janeiro+zona-norte+riachuelo/?ordem=MOST_RECENT&pagina=2
18:07:16 | INFO    | [Riachuelo] Página 2: 28 anúncios no HTML, 28 novos, 0 repetidos (sem condomínio: 0, sem quartos: 18).
18:07:16 | INFO    | Aguardando 5.8s (entre páginas)
18:07:21 | INFO    | [Riachuelo] Página 3/30 → https://www.zapimoveis.com.br/aluguel/imoveis/rj+rio-de-janeiro+zona-norte+riachuelo/?ordem=MOST_RECENT&pagina=3
18:07:28 | INFO    | [Riachuelo] Nenhum card na página 3 — fim dos resultados do bairro.
18:07:28 | INFO    | [Riachuelo] Concluído: 58 anúncios novos coletados.
18:07:28 | INFO    | Progresso: 12/94 bairros | 4921 anúncios no total | 11 min decorridos | ~77 min restantes (estimativa).
18:07:28 | INFO    | Aguardando 10.9s (troca de bairro)
18:07:38 | INFO    | ======================================================================
18:07:38 | INFO    | BAIRRO: Ribeira  (limite: 30 páginas)
18:07:38 | INFO    | [Ribeira] Página 1/30 → https://www.zapimoveis.com.br/aluguel/imoveis/rj+rio-de-janeiro+zona-norte+ribeira/?ordem=MOST_RECENT
18:07:43 | INFO    | [Ribeira] O site informa 8 imóveis (~1 páginas).
18:07:43 | INFO    | [Ribeira] Página 1: 8 anúncios no HTML, 8 novos, 0 repetidos (sem condomínio: 0, sem quartos: 3).
18:07:43 | INFO    | Aguardando 6.2s (entre páginas)
18:07:49 | INFO    | [Ribeira] Página 2/30 → https://www.zapimoveis.com.br/aluguel/imoveis/rj+rio-de-janeiro+zona-norte+ribeira/?ordem=MOST_RECENT&pagina=2
18:07:55 | INFO    | [Ribeira] Nenhum card na página 2 — fim dos resultados do bairro.
18:07:55 | INFO    | [Ribeira] Concluído: 8 anúncios novos coletados.
18:07:55 | INFO    | Progresso: 13/94 bairros | 4929 anúncios no total | 12 min decorridos | ~73 min restantes (estimativa).
18:07:55 | INFO    | Aguardando 12.8s (troca de bairro)
18:08:08 | INFO    | ======================================================================
18:08:08 | INFO    | BAIRRO: Ricardo de Albuquerque  (limite: 30 páginas)
18:08:08 | INFO    | [Ricardo de Albuquerque] Página 1/30 → https://www.zapimoveis.com.br/aluguel/imoveis/rj+rio-de-janeiro+zona-norte+ricardo-de-albuquerque/?ordem=MOST_RECENT
18:08:13 | INFO    | [Ricardo de Albuquerque] O site informa 10 imóveis (~1 páginas).
18:08:13 | INFO    | [Ricardo de Albuquerque] Página 1: 10 anúncios no HTML, 9 novos, 1 repetidos (sem condomínio: 0, sem quartos: 0).
18:08:13 | INFO    | Aguardando 8.5s (entre páginas)
18:08:21 | INFO    | [Ricardo de Albuquerque] Página 2/30 → https://www.zapimoveis.com.br/aluguel/imoveis/rj+rio-de-janeiro+zona-norte+ricardo-de-albuquerque/?ordem=MOST_RECENT&pagina=2
18:08:28 | INFO    | [Ricardo de Albuquerque] Nenhum card na página 2 — fim dos resultados do bairro.
18:08:28 | INFO    | [Ricardo de Albuquerque] Concluído: 9 anúncios novos coletados.
18:08:28 | INFO    | Progresso: 14/94 bairros | 4938 anúncios no total | 12 min decorridos | ~70 min restantes (estimativa).
18:08:28 | INFO    | Aguardando 16.3s (troca de bairro)
18:08:44 | INFO    | ======================================================================
18:08:44 | INFO    | BAIRRO: Rocha  (limite: 30 páginas)
18:08:44 | INFO    | [Rocha] Página 1/30 → https://www.zapimoveis.com.br/aluguel/imoveis/rj+rio-de-janeiro+zona-norte+rocha/?ordem=MOST_RECENT
18:08:51 | INFO    | [Rocha] O site informa 18 imóveis (~1 páginas).
18:08:51 | INFO    | [Rocha] Página 1: 18 anúncios no HTML, 17 novos, 1 repetidos (sem condomínio: 0, sem quartos: 9).
18:08:51 | INFO    | Aguardando 8.6s (entre páginas)
18:08:59 | INFO    | [Rocha] Página 2/30 → https://www.zapimoveis.com.br/aluguel/imoveis/rj+rio-de-janeiro+zona-norte+rocha/?ordem=MOST_RECENT&pagina=2
18:09:07 | INFO    | [Rocha] Nenhum card na página 2 — fim dos resultados do bairro.
18:09:07 | INFO    | [Rocha] Concluído: 17 anúncios novos coletados.
18:09:07 | INFO    | Progresso: 15/94 bairros | 4955 anúncios no total | 13 min decorridos | ~68 min restantes (estimativa).
18:09:07 | INFO    | Aguardando 13.6s (troca de bairro)
18:09:21 | INFO    | ======================================================================
18:09:21 | INFO    | BAIRRO: Rocha Miranda  (limite: 30 páginas)
18:09:21 | INFO    | [Rocha Miranda] Página 1/30 → https://www.zapimoveis.com.br/aluguel/imoveis/rj+rio-de-janeiro+zona-norte+rocha-miranda/?ordem=MOST_RECENT
18:09:29 | INFO    | [Rocha Miranda] O site informa 56 imóveis (~2 páginas).
18:09:29 | INFO    | [Rocha Miranda] Página 1: 30 anúncios no HTML, 30 novos, 0 repetidos (sem condomínio: 0, sem quartos: 13).
18:09:29 | INFO    | Aguardando 5.8s (entre páginas)
18:09:35 | INFO    | [Rocha Miranda] Página 2/30 → https://www.zapimoveis.com.br/aluguel/imoveis/rj+rio-de-janeiro+zona-norte+rocha-miranda/?ordem=MOST_RECENT&pagina=2
18:09:42 | INFO    | [Rocha Miranda] Página 2: 26 anúncios no HTML, 24 novos, 2 repetidos (sem condomínio: 0, sem quartos: 16).
18:09:42 | INFO    | Aguardando 5.4s (entre páginas)
18:09:47 | INFO    | [Rocha Miranda] Página 3/30 → https://www.zapimoveis.com.br/aluguel/imoveis/rj+rio-de-janeiro+zona-norte+rocha-miranda/?ordem=MOST_RECENT&pagina=3
18:09:53 | INFO    | [Rocha Miranda] Nenhum card na página 3 — fim dos resultados do bairro.
18:09:53 | INFO    | [Rocha Miranda] Concluído: 54 anúncios novos coletados.
18:09:53 | INFO    | Progresso: 16/94 bairros | 5009 anúncios no total | 14 min decorridos | ~67 min restantes (estimativa).
18:09:53 | INFO    | Aguardando 13.3s (troca de bairro)
18:10:07 | INFO    | ======================================================================
18:10:07 | INFO    | BAIRRO: Sampaio  (limite: 30 páginas)
18:10:07 | INFO    | [Sampaio] Página 1/30 → https://www.zapimoveis.com.br/aluguel/imoveis/rj+rio-de-janeiro+zona-norte+sampaio/?ordem=MOST_RECENT
18:10:12 | INFO    | [Sampaio] O site informa 10 imóveis (~1 páginas).
18:10:12 | INFO    | [Sampaio] Página 1: 10 anúncios no HTML, 8 novos, 2 repetidos (sem condomínio: 0, sem quartos: 3).
18:10:12 | INFO    | Aguardando 5.3s (entre páginas)
18:10:18 | INFO    | [Sampaio] Página 2/30 → https://www.zapimoveis.com.br/aluguel/imoveis/rj+rio-de-janeiro+zona-norte+sampaio/?ordem=MOST_RECENT&pagina=2
18:10:22 | INFO    | [Sampaio] Nenhum card na página 2 — fim dos resultados do bairro.
18:10:22 | INFO    | [Sampaio] Concluído: 8 anúncios novos coletados.
18:10:22 | INFO    | Progresso: 17/94 bairros | 5017 anúncios no total | 14 min decorridos | ~64 min restantes (estimativa).
18:10:22 | INFO    | Aguardando 15.1s (troca de bairro)
18:10:37 | INFO    | ======================================================================
18:10:37 | INFO    | BAIRRO: São Cristóvão  (limite: 30 páginas)
18:10:37 | INFO    | [São Cristóvão] Página 1/30 → https://www.zapimoveis.com.br/aluguel/imoveis/rj+rio-de-janeiro+zona-norte+s-cristovao/?ordem=MOST_RECENT
18:10:46 | INFO    | [São Cristóvão] O site informa 280 imóveis (~10 páginas).
18:10:46 | INFO    | [São Cristóvão] Página 1: 30 anúncios no HTML, 30 novos, 0 repetidos (sem condomínio: 0, sem quartos: 17).
18:10:46 | INFO    | Aguardando 5.9s (entre páginas)
18:10:52 | INFO    | [São Cristóvão] Página 2/30 → https://www.zapimoveis.com.br/aluguel/imoveis/rj+rio-de-janeiro+zona-norte+s-cristovao/?ordem=MOST_RECENT&pagina=2
18:10:59 | INFO    | [São Cristóvão] Página 2: 30 anúncios no HTML, 30 novos, 0 repetidos (sem condomínio: 0, sem quartos: 20).
18:10:59 | INFO    | Aguardando 7.8s (entre páginas)
18:11:07 | INFO    | [São Cristóvão] Página 3/30 → https://www.zapimoveis.com.br/aluguel/imoveis/rj+rio-de-janeiro+zona-norte+s-cristovao/?ordem=MOST_RECENT&pagina=3
18:11:15 | INFO    | [São Cristóvão] Página 3: 30 anúncios no HTML, 30 novos, 0 repetidos (sem condomínio: 0, sem quartos: 23).
18:11:15 | INFO    | Aguardando 6.9s (entre páginas)
18:11:22 | INFO    | [São Cristóvão] Página 4/30 → https://www.zapimoveis.com.br/aluguel/imoveis/rj+rio-de-janeiro+zona-norte+s-cristovao/?ordem=MOST_RECENT&pagina=4
18:11:31 | INFO    | [São Cristóvão] Página 4: 30 anúncios no HTML, 30 novos, 0 repetidos (sem condomínio: 0, sem quartos: 25).
18:11:31 | INFO    | Aguardando 4.9s (entre páginas)
18:11:36 | INFO    | [São Cristóvão] Página 5/30 → https://www.zapimoveis.com.br/aluguel/imoveis/rj+rio-de-janeiro+zona-norte+s-cristovao/?ordem=MOST_RECENT&pagina=5
18:11:44 | INFO    | [São Cristóvão] Página 5: 30 anúncios no HTML, 30 novos, 0 repetidos (sem condomínio: 0, sem quartos: 26).
18:11:44 | INFO    | Aguardando 6.9s (entre páginas)
18:11:51 | INFO    | [São Cristóvão] Página 6/30 → https://www.zapimoveis.com.br/aluguel/imoveis/rj+rio-de-janeiro+zona-norte+s-cristovao/?ordem=MOST_RECENT&pagina=6
18:11:58 | INFO    | [São Cristóvão] Página 6: 30 anúncios no HTML, 29 novos, 1 repetidos (sem condomínio: 0, sem quartos: 28).
18:11:58 | INFO    | Aguardando 6.7s (entre páginas)
18:12:05 | INFO    | [São Cristóvão] Página 7/30 → https://www.zapimoveis.com.br/aluguel/imoveis/rj+rio-de-janeiro+zona-norte+s-cristovao/?ordem=MOST_RECENT&pagina=7
18:12:12 | INFO    | [São Cristóvão] Página 7: 30 anúncios no HTML, 29 novos, 1 repetidos (sem condomínio: 0, sem quartos: 22).
18:12:12 | INFO    | Aguardando 4.7s (entre páginas)
18:12:17 | INFO    | [São Cristóvão] Página 8/30 → https://www.zapimoveis.com.br/aluguel/imoveis/rj+rio-de-janeiro+zona-norte+s-cristovao/?ordem=MOST_RECENT&pagina=8
18:12:24 | INFO    | [São Cristóvão] Página 8: 30 anúncios no HTML, 30 novos, 0 repetidos (sem condomínio: 0, sem quartos: 27).
18:12:24 | INFO    | Aguardando 7.0s (entre páginas)
18:12:31 | INFO    | [São Cristóvão] Página 9/30 → https://www.zapimoveis.com.br/aluguel/imoveis/rj+rio-de-janeiro+zona-norte+s-cristovao/?ordem=MOST_RECENT&pagina=9
18:12:39 | INFO    | [São Cristóvão] Página 9: 30 anúncios no HTML, 30 novos, 0 repetidos (sem condomínio: 0, sem quartos: 29).
18:12:39 | INFO    | Aguardando 7.1s (entre páginas)
18:12:46 | INFO    | [São Cristóvão] Página 10/30 → https://www.zapimoveis.com.br/aluguel/imoveis/rj+rio-de-janeiro+zona-norte+s-cristovao/?ordem=MOST_RECENT&pagina=10
18:12:52 | INFO    | [São Cristóvão] Página 10: 10 anúncios no HTML, 10 novos, 0 repetidos (sem condomínio: 0, sem quartos: 10).
18:12:52 | INFO    | Aguardando 8.6s (entre páginas)
18:13:01 | INFO    | [São Cristóvão] Página 11/30 → https://www.zapimoveis.com.br/aluguel/imoveis/rj+rio-de-janeiro+zona-norte+s-cristovao/?ordem=MOST_RECENT&pagina=11
18:13:10 | INFO    | [São Cristóvão] Nenhum card na página 11 — fim dos resultados do bairro.
18:13:10 | INFO    | [São Cristóvão] Concluído: 278 anúncios novos coletados.
18:13:10 | INFO    | Progresso: 18/94 bairros | 5295 anúncios no total | 17 min decorridos | ~72 min restantes (estimativa).
18:13:10 | INFO    | Aguardando 11.1s (troca de bairro)
18:13:21 | INFO    | ======================================================================
18:13:21 | INFO    | BAIRRO: São Francisco Xavier  (limite: 30 páginas)
18:13:21 | INFO    | [São Francisco Xavier] Página 1/30 → https://www.zapimoveis.com.br/aluguel/imoveis/rj+rio-de-janeiro+zona-norte+s-francisco-xavier/?ordem=MOST_RECENT
18:13:27 | INFO    | [São Francisco Xavier] O site informa 19 imóveis (~1 páginas).
18:13:27 | INFO    | [São Francisco Xavier] Página 1: 19 anúncios no HTML, 16 novos, 3 repetidos (sem condomínio: 0, sem quartos: 11).
18:13:27 | INFO    | Aguardando 4.9s (entre páginas)
18:13:32 | INFO    | [São Francisco Xavier] Página 2/30 → https://www.zapimoveis.com.br/aluguel/imoveis/rj+rio-de-janeiro+zona-norte+s-francisco-xavier/?ordem=MOST_RECENT&pagina=2
18:13:37 | INFO    | [São Francisco Xavier] Nenhum card na página 2 — fim dos resultados do bairro.
18:13:37 | INFO    | [São Francisco Xavier] Concluído: 16 anúncios novos coletados.
18:13:37 | INFO    | Progresso: 19/94 bairros | 5311 anúncios no total | 17 min decorridos | ~69 min restantes (estimativa).
18:13:37 | INFO    | Aguardando 14.8s (troca de bairro)
18:13:52 | INFO    | ======================================================================
18:13:52 | INFO    | BAIRRO: Tauá  (limite: 30 páginas)
18:13:52 | INFO    | [Tauá] Página 1/30 → https://www.zapimoveis.com.br/aluguel/imoveis/rj+rio-de-janeiro+zona-norte+taua/?ordem=MOST_RECENT
18:13:59 | INFO    | [Tauá] O site informa 25 imóveis (~1 páginas).
18:14:00 | INFO    | [Tauá] Página 1: 25 anúncios no HTML, 19 novos, 6 repetidos (sem condomínio: 0, sem quartos: 7).
18:14:00 | INFO    | Aguardando 4.8s (entre páginas)
18:14:04 | INFO    | [Tauá] Página 2/30 → https://www.zapimoveis.com.br/aluguel/imoveis/rj+rio-de-janeiro+zona-norte+taua/?ordem=MOST_RECENT&pagina=2
18:14:10 | INFO    | [Tauá] Nenhum card na página 2 — fim dos resultados do bairro.
18:14:10 | INFO    | [Tauá] Concluído: 19 anúncios novos coletados.
18:14:10 | INFO    | Progresso: 20/94 bairros | 5330 anúncios no total | 18 min decorridos | ~66 min restantes (estimativa).
18:14:10 | INFO    | Aguardando 13.8s (troca de bairro)
18:14:23 | INFO    | Reiniciando o navegador (preventivo, a cada 20 bairros).
18:14:33 | INFO    | Navegador iniciado (Chrome via undetected-chromedriver).
18:14:33 | INFO    | ======================================================================
18:14:33 | INFO    | BAIRRO: Tijuca  (limite: 30 páginas)
18:14:33 | INFO    | [Tijuca] Página 1/30 → https://www.zapimoveis.com.br/aluguel/imoveis/rj+rio-de-janeiro+zona-norte+tijuca/?ordem=MOST_RECENT
18:14:37 | INFO    | Pop-up de cookies aceito (adopt-accept-all-button).
18:14:42 | INFO    | [Tijuca] O site informa 701 imóveis (~24 páginas).
18:14:42 | INFO    | [Tijuca] Página 1: 30 anúncios no HTML, 27 novos, 3 repetidos (sem condomínio: 0, sem quartos: 7).
18:14:42 | INFO    | Aguardando 7.9s (entre páginas)
18:14:50 | INFO    | [Tijuca] Página 2/30 → https://www.zapimoveis.com.br/aluguel/imoveis/rj+rio-de-janeiro+zona-norte+tijuca/?ordem=MOST_RECENT&pagina=2
18:14:57 | INFO    | [Tijuca] Página 2: 30 anúncios no HTML, 22 novos, 8 repetidos (sem condomínio: 0, sem quartos: 7).
18:14:57 | INFO    | Aguardando 5.7s (entre páginas)
18:15:02 | INFO    | [Tijuca] Página 3/30 → https://www.zapimoveis.com.br/aluguel/imoveis/rj+rio-de-janeiro+zona-norte+tijuca/?ordem=MOST_RECENT&pagina=3
18:15:11 | INFO    | [Tijuca] Página 3: 30 anúncios no HTML, 30 novos, 0 repetidos (sem condomínio: 0, sem quartos: 10).
18:15:11 | INFO    | Aguardando 4.3s (entre páginas)
18:15:15 | INFO    | [Tijuca] Página 4/30 → https://www.zapimoveis.com.br/aluguel/imoveis/rj+rio-de-janeiro+zona-norte+tijuca/?ordem=MOST_RECENT&pagina=4
18:15:22 | INFO    | [Tijuca] Página 4: 30 anúncios no HTML, 29 novos, 1 repetidos (sem condomínio: 0, sem quartos: 7).
18:15:22 | INFO    | Aguardando 6.7s (entre páginas)
18:15:29 | INFO    | [Tijuca] Página 5/30 → https://www.zapimoveis.com.br/aluguel/imoveis/rj+rio-de-janeiro+zona-norte+tijuca/?ordem=MOST_RECENT&pagina=5
18:15:37 | INFO    | [Tijuca] Página 5: 30 anúncios no HTML, 29 novos, 1 repetidos (sem condomínio: 0, sem quartos: 5).
18:15:37 | INFO    | Aguardando 5.9s (entre páginas)
18:15:43 | INFO    | [Tijuca] Página 6/30 → https://www.zapimoveis.com.br/aluguel/imoveis/rj+rio-de-janeiro+zona-norte+tijuca/?ordem=MOST_RECENT&pagina=6
18:15:51 | INFO    | [Tijuca] Página 6: 30 anúncios no HTML, 28 novos, 2 repetidos (sem condomínio: 0, sem quartos: 11).
18:15:51 | INFO    | Aguardando 6.4s (entre páginas)
18:15:58 | INFO    | [Tijuca] Página 7/30 → https://www.zapimoveis.com.br/aluguel/imoveis/rj+rio-de-janeiro+zona-norte+tijuca/?ordem=MOST_RECENT&pagina=7
18:16:06 | INFO    | [Tijuca] Página 7: 30 anúncios no HTML, 27 novos, 3 repetidos (sem condomínio: 0, sem quartos: 11).
18:16:06 | INFO    | Aguardando 7.8s (entre páginas)
18:16:14 | INFO    | [Tijuca] Página 8/30 → https://www.zapimoveis.com.br/aluguel/imoveis/rj+rio-de-janeiro+zona-norte+tijuca/?ordem=MOST_RECENT&pagina=8
18:16:21 | INFO    | [Tijuca] Página 8: 30 anúncios no HTML, 26 novos, 4 repetidos (sem condomínio: 0, sem quartos: 13).
18:16:21 | INFO    | Aguardando 5.3s (entre páginas)
18:16:27 | INFO    | [Tijuca] Página 9/30 → https://www.zapimoveis.com.br/aluguel/imoveis/rj+rio-de-janeiro+zona-norte+tijuca/?ordem=MOST_RECENT&pagina=9
18:16:35 | INFO    | [Tijuca] Página 9: 30 anúncios no HTML, 28 novos, 2 repetidos (sem condomínio: 0, sem quartos: 8).
18:16:35 | INFO    | Aguardando 6.0s (entre páginas)
18:16:41 | INFO    | [Tijuca] Página 10/30 → https://www.zapimoveis.com.br/aluguel/imoveis/rj+rio-de-janeiro+zona-norte+tijuca/?ordem=MOST_RECENT&pagina=10
18:16:49 | INFO    | [Tijuca] Página 10: 30 anúncios no HTML, 29 novos, 1 repetidos (sem condomínio: 0, sem quartos: 12).
18:16:49 | INFO    | Aguardando 7.0s (entre páginas)
18:16:56 | INFO    | [Tijuca] Página 11/30 → https://www.zapimoveis.com.br/aluguel/imoveis/rj+rio-de-janeiro+zona-norte+tijuca/?ordem=MOST_RECENT&pagina=11
18:17:05 | INFO    | [Tijuca] Página 11: 30 anúncios no HTML, 28 novos, 2 repetidos (sem condomínio: 0, sem quartos: 15).
18:17:05 | INFO    | Aguardando 4.8s (entre páginas)
18:17:09 | INFO    | [Tijuca] Página 12/30 → https://www.zapimoveis.com.br/aluguel/imoveis/rj+rio-de-janeiro+zona-norte+tijuca/?ordem=MOST_RECENT&pagina=12
18:17:17 | INFO    | [Tijuca] Página 12: 30 anúncios no HTML, 28 novos, 2 repetidos (sem condomínio: 0, sem quartos: 15).
18:17:17 | INFO    | Aguardando 5.2s (entre páginas)
18:17:23 | INFO    | [Tijuca] Página 13/30 → https://www.zapimoveis.com.br/aluguel/imoveis/rj+rio-de-janeiro+zona-norte+tijuca/?ordem=MOST_RECENT&pagina=13
18:17:30 | INFO    | [Tijuca] Página 13: 30 anúncios no HTML, 29 novos, 1 repetidos (sem condomínio: 0, sem quartos: 19).
18:17:30 | INFO    | Aguardando 6.9s (entre páginas)
18:17:37 | INFO    | [Tijuca] Página 14/30 → https://www.zapimoveis.com.br/aluguel/imoveis/rj+rio-de-janeiro+zona-norte+tijuca/?ordem=MOST_RECENT&pagina=14
18:17:45 | INFO    | [Tijuca] Página 14: 30 anúncios no HTML, 30 novos, 0 repetidos (sem condomínio: 0, sem quartos: 24).
18:17:46 | INFO    | Aguardando 7.5s (entre páginas)
18:17:53 | INFO    | [Tijuca] Página 15/30 → https://www.zapimoveis.com.br/aluguel/imoveis/rj+rio-de-janeiro+zona-norte+tijuca/?ordem=MOST_RECENT&pagina=15
18:18:01 | INFO    | [Tijuca] Página 15: 30 anúncios no HTML, 29 novos, 1 repetidos (sem condomínio: 0, sem quartos: 23).
18:18:01 | INFO    | Aguardando 7.6s (entre páginas)
18:18:08 | INFO    | [Tijuca] Página 16/30 → https://www.zapimoveis.com.br/aluguel/imoveis/rj+rio-de-janeiro+zona-norte+tijuca/?ordem=MOST_RECENT&pagina=16
18:18:16 | INFO    | [Tijuca] Página 16: 30 anúncios no HTML, 29 novos, 1 repetidos (sem condomínio: 0, sem quartos: 20).
18:18:16 | INFO    | Aguardando 5.9s (entre páginas)
18:18:22 | INFO    | [Tijuca] Página 17/30 → https://www.zapimoveis.com.br/aluguel/imoveis/rj+rio-de-janeiro+zona-norte+tijuca/?ordem=MOST_RECENT&pagina=17
18:18:30 | INFO    | [Tijuca] Página 17: 30 anúncios no HTML, 28 novos, 2 repetidos (sem condomínio: 0, sem quartos: 15).
18:18:30 | INFO    | Aguardando 8.5s (entre páginas)
18:18:39 | INFO    | [Tijuca] Página 18/30 → https://www.zapimoveis.com.br/aluguel/imoveis/rj+rio-de-janeiro+zona-norte+tijuca/?ordem=MOST_RECENT&pagina=18
18:18:47 | INFO    | [Tijuca] Página 18: 30 anúncios no HTML, 24 novos, 6 repetidos (sem condomínio: 0, sem quartos: 16).
18:18:47 | INFO    | Aguardando 7.1s (entre páginas)
18:18:54 | INFO    | [Tijuca] Página 19/30 → https://www.zapimoveis.com.br/aluguel/imoveis/rj+rio-de-janeiro+zona-norte+tijuca/?ordem=MOST_RECENT&pagina=19
18:19:02 | INFO    | [Tijuca] Página 19: 30 anúncios no HTML, 28 novos, 2 repetidos (sem condomínio: 0, sem quartos: 20).
18:19:02 | INFO    | Aguardando 7.1s (entre páginas)
18:19:10 | INFO    | [Tijuca] Página 20/30 → https://www.zapimoveis.com.br/aluguel/imoveis/rj+rio-de-janeiro+zona-norte+tijuca/?ordem=MOST_RECENT&pagina=20
18:19:17 | INFO    | [Tijuca] Página 20: 30 anúncios no HTML, 30 novos, 0 repetidos (sem condomínio: 0, sem quartos: 22).
18:19:17 | INFO    | Aguardando 5.9s (entre páginas)
18:19:23 | INFO    | [Tijuca] Página 21/30 → https://www.zapimoveis.com.br/aluguel/imoveis/rj+rio-de-janeiro+zona-norte+tijuca/?ordem=MOST_RECENT&pagina=21
18:19:31 | INFO    | [Tijuca] Página 21: 30 anúncios no HTML, 30 novos, 0 repetidos (sem condomínio: 0, sem quartos: 21).
18:19:31 | INFO    | Aguardando 4.3s (entre páginas)
18:19:35 | INFO    | [Tijuca] Página 22/30 → https://www.zapimoveis.com.br/aluguel/imoveis/rj+rio-de-janeiro+zona-norte+tijuca/?ordem=MOST_RECENT&pagina=22
18:19:43 | INFO    | [Tijuca] Página 22: 30 anúncios no HTML, 28 novos, 2 repetidos (sem condomínio: 0, sem quartos: 19).
18:19:43 | INFO    | Aguardando 7.5s (entre páginas)
18:19:51 | INFO    | [Tijuca] Página 23/30 → https://www.zapimoveis.com.br/aluguel/imoveis/rj+rio-de-janeiro+zona-norte+tijuca/?ordem=MOST_RECENT&pagina=23
18:19:59 | INFO    | [Tijuca] Página 23: 30 anúncios no HTML, 27 novos, 3 repetidos (sem condomínio: 0, sem quartos: 24).
18:19:59 | INFO    | Aguardando 7.7s (entre páginas)
18:20:07 | INFO    | [Tijuca] Página 24/30 → https://www.zapimoveis.com.br/aluguel/imoveis/rj+rio-de-janeiro+zona-norte+tijuca/?ordem=MOST_RECENT&pagina=24
18:20:13 | INFO    | [Tijuca] Página 24: 11 anúncios no HTML, 9 novos, 2 repetidos (sem condomínio: 0, sem quartos: 3).
18:20:13 | INFO    | Aguardando 6.8s (entre páginas)
18:20:20 | INFO    | [Tijuca] Página 25/30 → https://www.zapimoveis.com.br/aluguel/imoveis/rj+rio-de-janeiro+zona-norte+tijuca/?ordem=MOST_RECENT&pagina=25
18:20:29 | INFO    | [Tijuca] Nenhum card na página 25 — fim dos resultados do bairro.
18:20:29 | INFO    | [Tijuca] Concluído: 652 anúncios novos coletados.
18:20:29 | INFO    | Progresso: 21/94 bairros | 5982 anúncios no total | 24 min decorridos | ~84 min restantes (estimativa).
18:20:29 | INFO    | Aguardando 15.3s (troca de bairro)
18:20:45 | INFO    | ======================================================================
18:20:45 | INFO    | BAIRRO: Todos os Santos  (limite: 30 páginas)
18:20:45 | INFO    | [Todos os Santos] Página 1/30 → https://www.zapimoveis.com.br/aluguel/imoveis/rj+rio-de-janeiro+zona-norte+todos-os-santos/?ordem=MOST_RECENT
18:20:51 | INFO    | [Todos os Santos] O site informa 64 imóveis (~3 páginas).
18:20:51 | INFO    | [Todos os Santos] Página 1: 30 anúncios no HTML, 26 novos, 4 repetidos (sem condomínio: 0, sem quartos: 5).
18:20:52 | INFO    | Aguardando 4.5s (entre páginas)
18:20:56 | INFO    | [Todos os Santos] Página 2/30 → https://www.zapimoveis.com.br/aluguel/imoveis/rj+rio-de-janeiro+zona-norte+todos-os-santos/?ordem=MOST_RECENT&pagina=2
18:21:04 | INFO    | [Todos os Santos] Página 2: 30 anúncios no HTML, 28 novos, 2 repetidos (sem condomínio: 0, sem quartos: 10).
18:21:04 | INFO    | Aguardando 8.8s (entre páginas)
18:21:13 | INFO    | [Todos os Santos] Página 3/30 → https://www.zapimoveis.com.br/aluguel/imoveis/rj+rio-de-janeiro+zona-norte+todos-os-santos/?ordem=MOST_RECENT&pagina=3
18:21:18 | INFO    | [Todos os Santos] Página 3: 4 anúncios no HTML, 3 novos, 1 repetidos (sem condomínio: 0, sem quartos: 0).
18:21:18 | INFO    | Aguardando 6.0s (entre páginas)
18:21:24 | INFO    | [Todos os Santos] Página 4/30 → https://www.zapimoveis.com.br/aluguel/imoveis/rj+rio-de-janeiro+zona-norte+todos-os-santos/?ordem=MOST_RECENT&pagina=4
18:21:30 | INFO    | [Todos os Santos] Nenhum card na página 4 — fim dos resultados do bairro.
18:21:30 | INFO    | [Todos os Santos] Concluído: 57 anúncios novos coletados.
18:21:30 | INFO    | Progresso: 22/94 bairros | 6039 anúncios no total | 25 min decorridos | ~83 min restantes (estimativa).
18:21:30 | INFO    | Aguardando 18.2s (troca de bairro)
18:21:48 | INFO    | ======================================================================
18:21:48 | INFO    | BAIRRO: Tomás Coelho  (limite: 30 páginas)
18:21:48 | INFO    | [Tomás Coelho] Página 1/30 → https://www.zapimoveis.com.br/aluguel/imoveis/rj+rio-de-janeiro+zona-norte+tomas-coelho/?ordem=MOST_RECENT
18:21:55 | INFO    | [Tomás Coelho] O site informa 22 imóveis (~1 páginas).
18:21:55 | INFO    | [Tomás Coelho] Página 1: 22 anúncios no HTML, 22 novos, 0 repetidos (sem condomínio: 0, sem quartos: 3).
18:21:55 | INFO    | Aguardando 8.2s (entre páginas)
18:22:03 | INFO    | [Tomás Coelho] Página 2/30 → https://www.zapimoveis.com.br/aluguel/imoveis/rj+rio-de-janeiro+zona-norte+tomas-coelho/?ordem=MOST_RECENT&pagina=2
18:22:09 | INFO    | [Tomás Coelho] Nenhum card na página 2 — fim dos resultados do bairro.
18:22:09 | INFO    | [Tomás Coelho] Concluído: 22 anúncios novos coletados.
18:22:09 | INFO    | Progresso: 23/94 bairros | 6061 anúncios no total | 26 min decorridos | ~80 min restantes (estimativa).
18:22:09 | INFO    | Aguardando 15.8s (troca de bairro)
18:22:25 | INFO    | ======================================================================
18:22:25 | INFO    | BAIRRO: Turiaçu  (limite: 30 páginas)
18:22:25 | INFO    | [Turiaçu] Página 1/30 → https://www.zapimoveis.com.br/aluguel/imoveis/rj+rio-de-janeiro+zona-norte+turiacu/?ordem=MOST_RECENT
18:22:31 | INFO    | [Turiaçu] O site informa 16 imóveis (~1 páginas).
18:22:31 | INFO    | [Turiaçu] Página 1: 16 anúncios no HTML, 8 novos, 8 repetidos (sem condomínio: 0, sem quartos: 2).
18:22:31 | INFO    | Aguardando 5.4s (entre páginas)
18:22:36 | INFO    | [Turiaçu] Página 2/30 → https://www.zapimoveis.com.br/aluguel/imoveis/rj+rio-de-janeiro+zona-norte+turiacu/?ordem=MOST_RECENT&pagina=2
18:22:41 | INFO    | [Turiaçu] Nenhum card na página 2 — fim dos resultados do bairro.
18:22:41 | INFO    | [Turiaçu] Concluído: 8 anúncios novos coletados.
18:22:41 | INFO    | Progresso: 24/94 bairros | 6069 anúncios no total | 26 min decorridos | ~77 min restantes (estimativa).
18:22:41 | INFO    | Aguardando 16.2s (troca de bairro)
18:22:57 | INFO    | ======================================================================
18:22:57 | INFO    | BAIRRO: Vasco da Gama  (limite: 30 páginas)
18:22:57 | INFO    | [Vasco da Gama] Página 1/30 → https://www.zapimoveis.com.br/aluguel/imoveis/rj+rio-de-janeiro+zona-norte+vasco-da-gama/?ordem=MOST_RECENT
18:23:01 | INFO    | [Vasco da Gama] O site informa 3 imóveis (~1 páginas).
18:23:01 | INFO    | [Vasco da Gama] Página 1: 3 anúncios no HTML, 3 novos, 0 repetidos (sem condomínio: 0, sem quartos: 3).
18:23:01 | INFO    | Aguardando 8.6s (entre páginas)
18:23:10 | INFO    | [Vasco da Gama] Página 2/30 → https://www.zapimoveis.com.br/aluguel/imoveis/rj+rio-de-janeiro+zona-norte+vasco-da-gama/?ordem=MOST_RECENT&pagina=2
18:23:15 | INFO    | [Vasco da Gama] Nenhum card na página 2 — fim dos resultados do bairro.
18:23:15 | INFO    | [Vasco da Gama] Concluído: 3 anúncios novos coletados.
18:23:15 | INFO    | Progresso: 25/94 bairros | 6072 anúncios no total | 27 min decorridos | ~75 min restantes (estimativa).
18:23:15 | INFO    | Aguardando 13.0s (troca de bairro)
18:23:28 | INFO    | ======================================================================
18:23:28 | INFO    | BAIRRO: Vaz Lobo  (limite: 30 páginas)
18:23:28 | INFO    | [Vaz Lobo] Página 1/30 → https://www.zapimoveis.com.br/aluguel/imoveis/rj+rio-de-janeiro+zona-norte+vaz-lobo/?ordem=MOST_RECENT
18:23:36 | INFO    | [Vaz Lobo] O site informa 22 imóveis (~1 páginas).
18:23:36 | INFO    | [Vaz Lobo] Página 1: 22 anúncios no HTML, 20 novos, 2 repetidos (sem condomínio: 0, sem quartos: 8).
18:23:36 | INFO    | Aguardando 4.3s (entre páginas)
18:23:40 | INFO    | [Vaz Lobo] Página 2/30 → https://www.zapimoveis.com.br/aluguel/imoveis/rj+rio-de-janeiro+zona-norte+vaz-lobo/?ordem=MOST_RECENT&pagina=2
18:23:46 | INFO    | [Vaz Lobo] Nenhum card na página 2 — fim dos resultados do bairro.
18:23:46 | INFO    | [Vaz Lobo] Concluído: 20 anúncios novos coletados.
18:23:46 | INFO    | Progresso: 26/94 bairros | 6092 anúncios no total | 28 min decorridos | ~72 min restantes (estimativa).
18:23:46 | INFO    | Aguardando 16.6s (troca de bairro)
18:24:03 | INFO    | ======================================================================
18:24:03 | INFO    | BAIRRO: Vicente de Carvalho  (limite: 30 páginas)
18:24:03 | INFO    | [Vicente de Carvalho] Página 1/30 → https://www.zapimoveis.com.br/aluguel/imoveis/rj+rio-de-janeiro+zona-norte+vicente-de-carvalho/?ordem=MOST_RECENT
18:24:09 | INFO    | [Vicente de Carvalho] O site informa 30 imóveis (~1 páginas).
18:24:09 | INFO    | [Vicente de Carvalho] Página 1: 30 anúncios no HTML, 27 novos, 3 repetidos (sem condomínio: 0, sem quartos: 7).
18:24:09 | INFO    | Aguardando 8.7s (entre páginas)
18:24:18 | INFO    | [Vicente de Carvalho] Página 2/30 → https://www.zapimoveis.com.br/aluguel/imoveis/rj+rio-de-janeiro+zona-norte+vicente-de-carvalho/?ordem=MOST_RECENT&pagina=2
18:24:24 | INFO    | [Vicente de Carvalho] Nenhum card na página 2 — fim dos resultados do bairro.
18:24:24 | INFO    | [Vicente de Carvalho] Concluído: 27 anúncios novos coletados.
18:24:24 | INFO    | Progresso: 27/94 bairros | 6119 anúncios no total | 28 min decorridos | ~70 min restantes (estimativa).
18:24:24 | INFO    | Aguardando 15.1s (troca de bairro)
18:24:40 | INFO    | ======================================================================
18:24:40 | INFO    | BAIRRO: Vigário Geral  (limite: 30 páginas)
18:24:40 | INFO    | [Vigário Geral] Página 1/30 → https://www.zapimoveis.com.br/aluguel/imoveis/rj+rio-de-janeiro+zona-norte+vigario-geral/?ordem=MOST_RECENT
18:24:47 | INFO    | [Vigário Geral] O site informa 32 imóveis (~2 páginas).
18:24:47 | INFO    | [Vigário Geral] Página 1: 30 anúncios no HTML, 25 novos, 5 repetidos (sem condomínio: 0, sem quartos: 17).
18:24:48 | INFO    | Aguardando 6.3s (entre páginas)
18:24:54 | INFO    | [Vigário Geral] Página 2/30 → https://www.zapimoveis.com.br/aluguel/imoveis/rj+rio-de-janeiro+zona-norte+vigario-geral/?ordem=MOST_RECENT&pagina=2
18:24:59 | INFO    | [Vigário Geral] Página 2: 2 anúncios no HTML, 2 novos, 0 repetidos (sem condomínio: 0, sem quartos: 1).
18:24:59 | INFO    | Aguardando 6.8s (entre páginas)
18:25:06 | INFO    | [Vigário Geral] Página 3/30 → https://www.zapimoveis.com.br/aluguel/imoveis/rj+rio-de-janeiro+zona-norte+vigario-geral/?ordem=MOST_RECENT&pagina=3
18:25:12 | INFO    | [Vigário Geral] Nenhum card na página 3 — fim dos resultados do bairro.
18:25:12 | INFO    | [Vigário Geral] Concluído: 27 anúncios novos coletados.
18:25:12 | INFO    | Progresso: 28/94 bairros | 6146 anúncios no total | 29 min decorridos | ~68 min restantes (estimativa).
18:25:12 | INFO    | Aguardando 11.4s (troca de bairro)
18:25:24 | INFO    | ======================================================================
18:25:24 | INFO    | BAIRRO: Vila da Penha  (limite: 30 páginas)
18:25:24 | INFO    | [Vila da Penha] Página 1/30 → https://www.zapimoveis.com.br/aluguel/imoveis/rj+rio-de-janeiro+zona-norte+vl-da-penha/?ordem=MOST_RECENT
18:25:31 | INFO    | [Vila da Penha] O site informa 150 imóveis (~5 páginas).
18:25:31 | INFO    | [Vila da Penha] Página 1: 30 anúncios no HTML, 23 novos, 7 repetidos (sem condomínio: 0, sem quartos: 2).
18:25:31 | INFO    | Aguardando 4.2s (entre páginas)
18:25:36 | INFO    | [Vila da Penha] Página 2/30 → https://www.zapimoveis.com.br/aluguel/imoveis/rj+rio-de-janeiro+zona-norte+vl-da-penha/?ordem=MOST_RECENT&pagina=2
18:25:43 | INFO    | [Vila da Penha] Página 2: 30 anúncios no HTML, 26 novos, 4 repetidos (sem condomínio: 0, sem quartos: 6).
18:25:43 | INFO    | Aguardando 5.5s (entre páginas)
18:25:48 | INFO    | [Vila da Penha] Página 3/30 → https://www.zapimoveis.com.br/aluguel/imoveis/rj+rio-de-janeiro+zona-norte+vl-da-penha/?ordem=MOST_RECENT&pagina=3
18:25:56 | INFO    | [Vila da Penha] Página 3: 30 anúncios no HTML, 26 novos, 4 repetidos (sem condomínio: 0, sem quartos: 9).
18:25:56 | INFO    | Aguardando 5.4s (entre páginas)
18:26:02 | INFO    | [Vila da Penha] Página 4/30 → https://www.zapimoveis.com.br/aluguel/imoveis/rj+rio-de-janeiro+zona-norte+vl-da-penha/?ordem=MOST_RECENT&pagina=4
18:26:11 | INFO    | [Vila da Penha] Página 4: 30 anúncios no HTML, 21 novos, 9 repetidos (sem condomínio: 0, sem quartos: 7).
18:26:11 | INFO    | Aguardando 4.9s (entre páginas)
18:26:16 | INFO    | [Vila da Penha] Página 5/30 → https://www.zapimoveis.com.br/aluguel/imoveis/rj+rio-de-janeiro+zona-norte+vl-da-penha/?ordem=MOST_RECENT&pagina=5
18:26:22 | INFO    | [Vila da Penha] Página 5: 30 anúncios no HTML, 22 novos, 8 repetidos (sem condomínio: 0, sem quartos: 17).
18:26:22 | INFO    | Aguardando 6.5s (entre páginas)
18:26:29 | INFO    | [Vila da Penha] Página 6/30 → https://www.zapimoveis.com.br/aluguel/imoveis/rj+rio-de-janeiro+zona-norte+vl-da-penha/?ordem=MOST_RECENT&pagina=6
18:26:36 | INFO    | [Vila da Penha] Nenhum card na página 6 — fim dos resultados do bairro.
18:26:36 | INFO    | [Vila da Penha] Concluído: 118 anúncios novos coletados.
18:26:36 | INFO    | Progresso: 29/94 bairros | 6264 anúncios no total | 30 min decorridos | ~68 min restantes (estimativa).
18:26:36 | INFO    | Aguardando 11.4s (troca de bairro)
18:26:47 | INFO    | ======================================================================
18:26:47 | INFO    | BAIRRO: Vila Isabel  (limite: 30 páginas)
18:26:47 | INFO    | [Vila Isabel] Página 1/30 → https://www.zapimoveis.com.br/aluguel/imoveis/rj+rio-de-janeiro+zona-norte+vl-isabel/?ordem=MOST_RECENT
18:26:56 | INFO    | [Vila Isabel] O site informa 216 imóveis (~8 páginas).
18:26:56 | INFO    | [Vila Isabel] Página 1: 30 anúncios no HTML, 29 novos, 1 repetidos (sem condomínio: 0, sem quartos: 8).
18:26:56 | INFO    | Aguardando 6.5s (entre páginas)
18:27:03 | INFO    | [Vila Isabel] Página 2/30 → https://www.zapimoveis.com.br/aluguel/imoveis/rj+rio-de-janeiro+zona-norte+vl-isabel/?ordem=MOST_RECENT&pagina=2
18:27:11 | INFO    | [Vila Isabel] Página 2: 30 anúncios no HTML, 29 novos, 1 repetidos (sem condomínio: 0, sem quartos: 16).
18:27:11 | INFO    | Aguardando 7.7s (entre páginas)
18:27:19 | INFO    | [Vila Isabel] Página 3/30 → https://www.zapimoveis.com.br/aluguel/imoveis/rj+rio-de-janeiro+zona-norte+vl-isabel/?ordem=MOST_RECENT&pagina=3
18:27:26 | INFO    | [Vila Isabel] Página 3: 30 anúncios no HTML, 28 novos, 2 repetidos (sem condomínio: 0, sem quartos: 21).
18:27:26 | INFO    | Aguardando 4.5s (entre páginas)
18:27:31 | INFO    | [Vila Isabel] Página 4/30 → https://www.zapimoveis.com.br/aluguel/imoveis/rj+rio-de-janeiro+zona-norte+vl-isabel/?ordem=MOST_RECENT&pagina=4
18:27:38 | INFO    | [Vila Isabel] Página 4: 30 anúncios no HTML, 28 novos, 2 repetidos (sem condomínio: 0, sem quartos: 13).
18:27:38 | INFO    | Aguardando 9.0s (entre páginas)
18:27:47 | INFO    | [Vila Isabel] Página 5/30 → https://www.zapimoveis.com.br/aluguel/imoveis/rj+rio-de-janeiro+zona-norte+vl-isabel/?ordem=MOST_RECENT&pagina=5
18:27:54 | INFO    | [Vila Isabel] Página 5: 30 anúncios no HTML, 28 novos, 2 repetidos (sem condomínio: 0, sem quartos: 15).
18:27:54 | INFO    | Aguardando 5.0s (entre páginas)
18:27:59 | INFO    | [Vila Isabel] Página 6/30 → https://www.zapimoveis.com.br/aluguel/imoveis/rj+rio-de-janeiro+zona-norte+vl-isabel/?ordem=MOST_RECENT&pagina=6
18:28:08 | INFO    | [Vila Isabel] Página 6: 30 anúncios no HTML, 30 novos, 0 repetidos (sem condomínio: 0, sem quartos: 20).
18:28:08 | INFO    | Aguardando 6.6s (entre páginas)
18:28:15 | INFO    | [Vila Isabel] Página 7/30 → https://www.zapimoveis.com.br/aluguel/imoveis/rj+rio-de-janeiro+zona-norte+vl-isabel/?ordem=MOST_RECENT&pagina=7
18:28:22 | INFO    | [Vila Isabel] Página 7: 30 anúncios no HTML, 29 novos, 1 repetidos (sem condomínio: 0, sem quartos: 21).
18:28:22 | INFO    | Aguardando 8.3s (entre páginas)
18:28:30 | INFO    | [Vila Isabel] Página 8/30 → https://www.zapimoveis.com.br/aluguel/imoveis/rj+rio-de-janeiro+zona-norte+vl-isabel/?ordem=MOST_RECENT&pagina=8
18:28:36 | INFO    | [Vila Isabel] Página 8: 6 anúncios no HTML, 2 novos, 4 repetidos (sem condomínio: 0, sem quartos: 0).
18:28:36 | INFO    | Aguardando 4.1s (entre páginas)
18:28:40 | INFO    | [Vila Isabel] Página 9/30 → https://www.zapimoveis.com.br/aluguel/imoveis/rj+rio-de-janeiro+zona-norte+vl-isabel/?ordem=MOST_RECENT&pagina=9
18:28:47 | INFO    | [Vila Isabel] Nenhum card na página 9 — fim dos resultados do bairro.
18:28:47 | INFO    | [Vila Isabel] Concluído: 203 anúncios novos coletados.
18:28:47 | INFO    | Progresso: 30/94 bairros | 6467 anúncios no total | 33 min decorridos | ~69 min restantes (estimativa).
18:28:47 | INFO    | Aguardando 19.7s (troca de bairro)
18:29:07 | INFO    | ======================================================================
18:29:07 | INFO    | BAIRRO: Vila Kosmos  (limite: 30 páginas)
18:29:07 | INFO    | [Vila Kosmos] Página 1/30 → https://www.zapimoveis.com.br/aluguel/imoveis/rj+rio-de-janeiro+zona-norte+vl-kosmos/?ordem=MOST_RECENT
18:29:15 | INFO    | [Vila Kosmos] O site informa 17 imóveis (~1 páginas).
18:29:15 | INFO    | [Vila Kosmos] Página 1: 17 anúncios no HTML, 14 novos, 3 repetidos (sem condomínio: 0, sem quartos: 6).
18:29:15 | INFO    | Aguardando 8.2s (entre páginas)
18:29:24 | INFO    | [Vila Kosmos] Página 2/30 → https://www.zapimoveis.com.br/aluguel/imoveis/rj+rio-de-janeiro+zona-norte+vl-kosmos/?ordem=MOST_RECENT&pagina=2
18:29:29 | INFO    | [Vila Kosmos] Nenhum card na página 2 — fim dos resultados do bairro.
18:29:29 | INFO    | [Vila Kosmos] Concluído: 14 anúncios novos coletados.
18:29:29 | INFO    | Progresso: 31/94 bairros | 6481 anúncios no total | 33 min decorridos | ~68 min restantes (estimativa).
18:29:29 | INFO    | Aguardando 13.7s (troca de bairro)
18:29:43 | INFO    | ======================================================================
18:29:43 | INFO    | BAIRRO: Vila Valqueire  (limite: 30 páginas)
18:29:43 | INFO    | [Vila Valqueire] Página 1/30 → https://www.zapimoveis.com.br/aluguel/imoveis/rj+rio-de-janeiro+zona-norte+vl-valqueire/?ordem=MOST_RECENT
18:29:52 | INFO    | [Vila Valqueire] O site informa 189 imóveis (~7 páginas).
18:29:52 | INFO    | [Vila Valqueire] Página 1: 30 anúncios no HTML, 29 novos, 1 repetidos (sem condomínio: 0, sem quartos: 9).
18:29:52 | INFO    | Aguardando 8.7s (entre páginas)
18:30:01 | INFO    | [Vila Valqueire] Página 2/30 → https://www.zapimoveis.com.br/aluguel/imoveis/rj+rio-de-janeiro+zona-norte+vl-valqueire/?ordem=MOST_RECENT&pagina=2
18:30:08 | INFO    | [Vila Valqueire] Página 2: 30 anúncios no HTML, 30 novos, 0 repetidos (sem condomínio: 0, sem quartos: 10).
18:30:08 | INFO    | Aguardando 6.1s (entre páginas)
18:30:14 | INFO    | [Vila Valqueire] Página 3/30 → https://www.zapimoveis.com.br/aluguel/imoveis/rj+rio-de-janeiro+zona-norte+vl-valqueire/?ordem=MOST_RECENT&pagina=3
18:30:21 | INFO    | [Vila Valqueire] Página 3: 30 anúncios no HTML, 30 novos, 0 repetidos (sem condomínio: 0, sem quartos: 12).
18:30:21 | INFO    | Aguardando 8.3s (entre páginas)
18:30:30 | INFO    | [Vila Valqueire] Página 4/30 → https://www.zapimoveis.com.br/aluguel/imoveis/rj+rio-de-janeiro+zona-norte+vl-valqueire/?ordem=MOST_RECENT&pagina=4
18:30:37 | INFO    | [Vila Valqueire] Página 4: 30 anúncios no HTML, 28 novos, 2 repetidos (sem condomínio: 0, sem quartos: 14).
18:30:37 | INFO    | Aguardando 4.4s (entre páginas)
18:30:42 | INFO    | [Vila Valqueire] Página 5/30 → https://www.zapimoveis.com.br/aluguel/imoveis/rj+rio-de-janeiro+zona-norte+vl-valqueire/?ordem=MOST_RECENT&pagina=5
18:30:49 | INFO    | [Vila Valqueire] Página 5: 30 anúncios no HTML, 29 novos, 1 repetidos (sem condomínio: 0, sem quartos: 14).
18:30:49 | INFO    | Aguardando 8.2s (entre páginas)
18:30:58 | INFO    | [Vila Valqueire] Página 6/30 → https://www.zapimoveis.com.br/aluguel/imoveis/rj+rio-de-janeiro+zona-norte+vl-valqueire/?ordem=MOST_RECENT&pagina=6
18:31:05 | INFO    | [Vila Valqueire] Página 6: 30 anúncios no HTML, 30 novos, 0 repetidos (sem condomínio: 0, sem quartos: 22).
18:31:05 | INFO    | Aguardando 6.4s (entre páginas)
18:31:11 | INFO    | [Vila Valqueire] Página 7/30 → https://www.zapimoveis.com.br/aluguel/imoveis/rj+rio-de-janeiro+zona-norte+vl-valqueire/?ordem=MOST_RECENT&pagina=7
18:31:21 | INFO    | [Vila Valqueire] Página 7: 9 anúncios no HTML, 9 novos, 0 repetidos (sem condomínio: 0, sem quartos: 7).
18:31:21 | INFO    | Aguardando 6.2s (entre páginas)
18:31:27 | INFO    | [Vila Valqueire] Página 8/30 → https://www.zapimoveis.com.br/aluguel/imoveis/rj+rio-de-janeiro+zona-norte+vl-valqueire/?ordem=MOST_RECENT&pagina=8
18:31:35 | INFO    | [Vila Valqueire] Nenhum card na página 8 — fim dos resultados do bairro.
18:31:35 | INFO    | [Vila Valqueire] Concluído: 185 anúncios novos coletados.
18:31:35 | INFO    | Progresso: 32/94 bairros | 6666 anúncios no total | 35 min decorridos | ~69 min restantes (estimativa).
18:31:35 | INFO    | Aguardando 14.0s (troca de bairro)
18:31:49 | INFO    | ======================================================================
18:31:49 | INFO    | BAIRRO: Vista Alegre  (limite: 30 páginas)
18:31:49 | INFO    | [Vista Alegre] Página 1/30 → https://www.zapimoveis.com.br/aluguel/imoveis/rj+rio-de-janeiro+zona-norte+vista-alegre/?ordem=MOST_RECENT
18:31:56 | INFO    | [Vista Alegre] O site informa 61 imóveis (~3 páginas).
18:31:56 | INFO    | [Vista Alegre] Página 1: 30 anúncios no HTML, 19 novos, 11 repetidos (sem condomínio: 0, sem quartos: 5).
18:31:56 | INFO    | Aguardando 4.6s (entre páginas)
18:32:01 | INFO    | [Vista Alegre] Página 2/30 → https://www.zapimoveis.com.br/aluguel/imoveis/rj+rio-de-janeiro+zona-norte+vista-alegre/?ordem=MOST_RECENT&pagina=2
18:32:07 | INFO    | [Vista Alegre] Página 2: 30 anúncios no HTML, 18 novos, 12 repetidos (sem condomínio: 0, sem quartos: 15).
18:32:07 | INFO    | Aguardando 4.7s (entre páginas)
18:32:12 | INFO    | [Vista Alegre] Página 3/30 → https://www.zapimoveis.com.br/aluguel/imoveis/rj+rio-de-janeiro+zona-norte+vista-alegre/?ordem=MOST_RECENT&pagina=3
18:32:19 | INFO    | [Vista Alegre] Página 3: 1 anúncios no HTML, 1 novos, 0 repetidos (sem condomínio: 0, sem quartos: 1).
18:32:19 | INFO    | Aguardando 7.3s (entre páginas)
18:32:26 | INFO    | [Vista Alegre] Página 4/30 → https://www.zapimoveis.com.br/aluguel/imoveis/rj+rio-de-janeiro+zona-norte+vista-alegre/?ordem=MOST_RECENT&pagina=4
18:32:34 | INFO    | [Vista Alegre] Nenhum card na página 4 — fim dos resultados do bairro.
18:32:34 | INFO    | [Vista Alegre] Concluído: 38 anúncios novos coletados.
18:32:34 | INFO    | Progresso: 33/94 bairros | 6704 anúncios no total | 36 min decorridos | ~67 min restantes (estimativa).
18:32:34 | INFO    | Aguardando 10.0s (troca de bairro)
18:32:44 | INFO    | ======================================================================
18:32:44 | INFO    | BAIRRO: Zumbi  (limite: 30 páginas)
18:32:44 | INFO    | [Zumbi] Página 1/30 → https://www.zapimoveis.com.br/aluguel/imoveis/rj+rio-de-janeiro+zona-norte+zumbi/?ordem=MOST_RECENT
18:32:49 | INFO    | [Zumbi] O site informa 9 imóveis (~1 páginas).
18:32:49 | INFO    | [Zumbi] Página 1: 9 anúncios no HTML, 9 novos, 0 repetidos (sem condomínio: 0, sem quartos: 2).
18:32:49 | INFO    | Aguardando 5.0s (entre páginas)
18:32:54 | INFO    | [Zumbi] Página 2/30 → https://www.zapimoveis.com.br/aluguel/imoveis/rj+rio-de-janeiro+zona-norte+zumbi/?ordem=MOST_RECENT&pagina=2
18:32:59 | INFO    | [Zumbi] Nenhum card na página 2 — fim dos resultados do bairro.
18:32:59 | INFO    | [Zumbi] Concluído: 9 anúncios novos coletados.
18:32:59 | INFO    | Progresso: 34/94 bairros | 6713 anúncios no total | 37 min decorridos | ~65 min restantes (estimativa).
18:32:59 | INFO    | Aguardando 16.1s (troca de bairro)
18:33:15 | INFO    | ======================================================================
18:33:15 | INFO    | BAIRRO: Anil  (limite: 30 páginas)
18:33:15 | INFO    | [Anil] Página 1/30 → https://www.zapimoveis.com.br/aluguel/imoveis/rj+rio-de-janeiro+zona-oeste+anil/?ordem=MOST_RECENT
18:33:21 | INFO    | [Anil] O site informa 163 imóveis (~6 páginas).
18:33:21 | INFO    | [Anil] Página 1: 30 anúncios no HTML, 30 novos, 0 repetidos (sem condomínio: 0, sem quartos: 1).
18:33:21 | INFO    | Aguardando 5.8s (entre páginas)
18:33:27 | INFO    | [Anil] Página 2/30 → https://www.zapimoveis.com.br/aluguel/imoveis/rj+rio-de-janeiro+zona-oeste+anil/?ordem=MOST_RECENT&pagina=2
18:33:34 | INFO    | [Anil] Página 2: 30 anúncios no HTML, 30 novos, 0 repetidos (sem condomínio: 0, sem quartos: 2).
18:33:34 | INFO    | Aguardando 6.5s (entre páginas)
18:33:40 | INFO    | [Anil] Página 3/30 → https://www.zapimoveis.com.br/aluguel/imoveis/rj+rio-de-janeiro+zona-oeste+anil/?ordem=MOST_RECENT&pagina=3
18:33:50 | INFO    | [Anil] Página 3: 30 anúncios no HTML, 30 novos, 0 repetidos (sem condomínio: 0, sem quartos: 8).
18:33:50 | INFO    | Aguardando 5.0s (entre páginas)
18:33:55 | INFO    | [Anil] Página 4/30 → https://www.zapimoveis.com.br/aluguel/imoveis/rj+rio-de-janeiro+zona-oeste+anil/?ordem=MOST_RECENT&pagina=4
18:34:03 | INFO    | [Anil] Página 4: 30 anúncios no HTML, 30 novos, 0 repetidos (sem condomínio: 0, sem quartos: 4).
18:34:03 | INFO    | Aguardando 8.6s (entre páginas)
18:34:12 | INFO    | [Anil] Página 5/30 → https://www.zapimoveis.com.br/aluguel/imoveis/rj+rio-de-janeiro+zona-oeste+anil/?ordem=MOST_RECENT&pagina=5
18:34:19 | INFO    | [Anil] Página 5: 30 anúncios no HTML, 30 novos, 0 repetidos (sem condomínio: 0, sem quartos: 3).
18:34:19 | INFO    | Aguardando 6.5s (entre páginas)
18:34:25 | INFO    | [Anil] Página 6/30 → https://www.zapimoveis.com.br/aluguel/imoveis/rj+rio-de-janeiro+zona-oeste+anil/?ordem=MOST_RECENT&pagina=6
18:34:31 | INFO    | [Anil] Página 6: 13 anúncios no HTML, 13 novos, 0 repetidos (sem condomínio: 0, sem quartos: 5).
18:34:31 | INFO    | Aguardando 5.3s (entre páginas)
18:34:37 | INFO    | [Anil] Página 7/30 → https://www.zapimoveis.com.br/aluguel/imoveis/rj+rio-de-janeiro+zona-oeste+anil/?ordem=MOST_RECENT&pagina=7
18:34:45 | INFO    | [Anil] Nenhum card na página 7 — fim dos resultados do bairro.
18:34:45 | INFO    | [Anil] Concluído: 163 anúncios novos coletados.
18:34:45 | INFO    | Progresso: 35/94 bairros | 6876 anúncios no total | 39 min decorridos | ~65 min restantes (estimativa).
18:34:45 | INFO    | Aguardando 10.7s (troca de bairro)
18:34:55 | INFO    | ======================================================================
18:34:55 | INFO    | BAIRRO: Bangu  (limite: 30 páginas)
18:34:55 | INFO    | [Bangu] Página 1/30 → https://www.zapimoveis.com.br/aluguel/imoveis/rj+rio-de-janeiro+zona-oeste+bangu/?ordem=MOST_RECENT
18:35:03 | INFO    | [Bangu] O site informa 154 imóveis (~6 páginas).
18:35:03 | INFO    | [Bangu] Página 1: 30 anúncios no HTML, 30 novos, 0 repetidos (sem condomínio: 0, sem quartos: 12).
18:35:03 | INFO    | Aguardando 6.9s (entre páginas)
18:35:10 | INFO    | [Bangu] Página 2/30 → https://www.zapimoveis.com.br/aluguel/imoveis/rj+rio-de-janeiro+zona-oeste+bangu/?ordem=MOST_RECENT&pagina=2
18:35:18 | INFO    | [Bangu] Página 2: 30 anúncios no HTML, 30 novos, 0 repetidos (sem condomínio: 0, sem quartos: 16).
18:35:18 | INFO    | Aguardando 8.5s (entre páginas)
18:35:27 | INFO    | [Bangu] Página 3/30 → https://www.zapimoveis.com.br/aluguel/imoveis/rj+rio-de-janeiro+zona-oeste+bangu/?ordem=MOST_RECENT&pagina=3
18:35:33 | INFO    | [Bangu] Página 3: 30 anúncios no HTML, 30 novos, 0 repetidos (sem condomínio: 0, sem quartos: 21).
18:35:33 | INFO    | Aguardando 8.2s (entre páginas)
18:35:41 | INFO    | [Bangu] Página 4/30 → https://www.zapimoveis.com.br/aluguel/imoveis/rj+rio-de-janeiro+zona-oeste+bangu/?ordem=MOST_RECENT&pagina=4
18:35:47 | INFO    | [Bangu] Página 4: 30 anúncios no HTML, 30 novos, 0 repetidos (sem condomínio: 0, sem quartos: 21).
18:35:47 | INFO    | Aguardando 5.3s (entre páginas)
18:35:52 | INFO    | [Bangu] Página 5/30 → https://www.zapimoveis.com.br/aluguel/imoveis/rj+rio-de-janeiro+zona-oeste+bangu/?ordem=MOST_RECENT&pagina=5
18:36:01 | INFO    | [Bangu] Página 5: 30 anúncios no HTML, 30 novos, 0 repetidos (sem condomínio: 0, sem quartos: 27).
18:36:01 | INFO    | Aguardando 6.0s (entre páginas)
18:36:07 | INFO    | [Bangu] Página 6/30 → https://www.zapimoveis.com.br/aluguel/imoveis/rj+rio-de-janeiro+zona-oeste+bangu/?ordem=MOST_RECENT&pagina=6
18:36:14 | INFO    | [Bangu] Página 6: 4 anúncios no HTML, 4 novos, 0 repetidos (sem condomínio: 0, sem quartos: 1).
18:36:14 | INFO    | Aguardando 8.4s (entre páginas)
18:36:22 | INFO    | [Bangu] Página 7/30 → https://www.zapimoveis.com.br/aluguel/imoveis/rj+rio-de-janeiro+zona-oeste+bangu/?ordem=MOST_RECENT&pagina=7
18:36:28 | INFO    | [Bangu] Nenhum card na página 7 — fim dos resultados do bairro.
18:36:28 | INFO    | [Bangu] Concluído: 154 anúncios novos coletados.
18:36:28 | INFO    | Progresso: 36/94 bairros | 7030 anúncios no total | 40 min decorridos | ~65 min restantes (estimativa).
18:36:28 | INFO    | Aguardando 19.2s (troca de bairro)
18:36:47 | INFO    | ======================================================================
18:36:47 | INFO    | BAIRRO: Barra da Tijuca  (limite: 30 páginas)
18:36:47 | INFO    | [Barra da Tijuca] Página 1/30 → https://www.zapimoveis.com.br/aluguel/imoveis/rj+rio-de-janeiro+zona-oeste+barra-da-tijuca/?ordem=MOST_RECENT
18:36:55 | INFO    | [Barra da Tijuca] O site informa 4.426 imóveis (~148 páginas).
18:36:55 | INFO    | [Barra da Tijuca] Página 1: 30 anúncios no HTML, 30 novos, 0 repetidos (sem condomínio: 0, sem quartos: 11).
18:36:55 | INFO    | Aguardando 8.3s (entre páginas)
18:37:04 | INFO    | [Barra da Tijuca] Página 2/30 → https://www.zapimoveis.com.br/aluguel/imoveis/rj+rio-de-janeiro+zona-oeste+barra-da-tijuca/?ordem=MOST_RECENT&pagina=2
18:37:14 | INFO    | [Barra da Tijuca] Página 2: 30 anúncios no HTML, 30 novos, 0 repetidos (sem condomínio: 0, sem quartos: 11).
18:37:14 | INFO    | Aguardando 7.9s (entre páginas)
18:37:22 | INFO    | [Barra da Tijuca] Página 3/30 → https://www.zapimoveis.com.br/aluguel/imoveis/rj+rio-de-janeiro+zona-oeste+barra-da-tijuca/?ordem=MOST_RECENT&pagina=3
18:37:35 | INFO    | [Barra da Tijuca] Página 3: 30 anúncios no HTML, 30 novos, 0 repetidos (sem condomínio: 0, sem quartos: 8).
18:37:35 | INFO    | Aguardando 8.8s (entre páginas)
18:37:44 | INFO    | [Barra da Tijuca] Página 4/30 → https://www.zapimoveis.com.br/aluguel/imoveis/rj+rio-de-janeiro+zona-oeste+barra-da-tijuca/?ordem=MOST_RECENT&pagina=4
18:37:58 | INFO    | [Barra da Tijuca] Página 4: 30 anúncios no HTML, 30 novos, 0 repetidos (sem condomínio: 0, sem quartos: 6).
18:37:58 | INFO    | Aguardando 6.9s (entre páginas)
18:38:05 | INFO    | [Barra da Tijuca] Página 5/30 → https://www.zapimoveis.com.br/aluguel/imoveis/rj+rio-de-janeiro+zona-oeste+barra-da-tijuca/?ordem=MOST_RECENT&pagina=5
18:38:15 | INFO    | [Barra da Tijuca] Página 5: 30 anúncios no HTML, 30 novos, 0 repetidos (sem condomínio: 0, sem quartos: 5).
18:38:15 | INFO    | Aguardando 5.6s (entre páginas)
18:38:21 | INFO    | [Barra da Tijuca] Página 6/30 → https://www.zapimoveis.com.br/aluguel/imoveis/rj+rio-de-janeiro+zona-oeste+barra-da-tijuca/?ordem=MOST_RECENT&pagina=6
18:38:33 | INFO    | [Barra da Tijuca] Página 6: 30 anúncios no HTML, 30 novos, 0 repetidos (sem condomínio: 0, sem quartos: 6).
18:38:33 | INFO    | Aguardando 6.7s (entre páginas)
18:38:40 | INFO    | [Barra da Tijuca] Página 7/30 → https://www.zapimoveis.com.br/aluguel/imoveis/rj+rio-de-janeiro+zona-oeste+barra-da-tijuca/?ordem=MOST_RECENT&pagina=7
18:38:53 | INFO    | [Barra da Tijuca] Página 7: 30 anúncios no HTML, 30 novos, 0 repetidos (sem condomínio: 0, sem quartos: 6).
18:38:53 | INFO    | Aguardando 7.7s (entre páginas)
18:39:01 | INFO    | [Barra da Tijuca] Página 8/30 → https://www.zapimoveis.com.br/aluguel/imoveis/rj+rio-de-janeiro+zona-oeste+barra-da-tijuca/?ordem=MOST_RECENT&pagina=8
18:39:10 | INFO    | [Barra da Tijuca] Página 8: 30 anúncios no HTML, 30 novos, 0 repetidos (sem condomínio: 0, sem quartos: 3).
18:39:10 | INFO    | Aguardando 7.3s (entre páginas)
18:39:17 | INFO    | [Barra da Tijuca] Página 9/30 → https://www.zapimoveis.com.br/aluguel/imoveis/rj+rio-de-janeiro+zona-oeste+barra-da-tijuca/?ordem=MOST_RECENT&pagina=9
18:39:25 | INFO    | [Barra da Tijuca] Página 9: 30 anúncios no HTML, 30 novos, 0 repetidos (sem condomínio: 0, sem quartos: 5).
18:39:25 | INFO    | Aguardando 6.1s (entre páginas)
18:39:31 | INFO    | [Barra da Tijuca] Página 10/30 → https://www.zapimoveis.com.br/aluguel/imoveis/rj+rio-de-janeiro+zona-oeste+barra-da-tijuca/?ordem=MOST_RECENT&pagina=10
18:39:41 | INFO    | [Barra da Tijuca] Página 10: 30 anúncios no HTML, 30 novos, 0 repetidos (sem condomínio: 0, sem quartos: 4).
18:39:41 | INFO    | Aguardando 6.7s (entre páginas)
18:39:47 | INFO    | [Barra da Tijuca] Página 11/30 → https://www.zapimoveis.com.br/aluguel/imoveis/rj+rio-de-janeiro+zona-oeste+barra-da-tijuca/?ordem=MOST_RECENT&pagina=11
18:40:03 | INFO    | [Barra da Tijuca] Página 11: 30 anúncios no HTML, 30 novos, 0 repetidos (sem condomínio: 0, sem quartos: 4).
18:40:03 | INFO    | Aguardando 7.3s (entre páginas)
18:40:10 | INFO    | [Barra da Tijuca] Página 12/30 → https://www.zapimoveis.com.br/aluguel/imoveis/rj+rio-de-janeiro+zona-oeste+barra-da-tijuca/?ordem=MOST_RECENT&pagina=12
18:40:23 | INFO    | [Barra da Tijuca] Página 12: 30 anúncios no HTML, 30 novos, 0 repetidos (sem condomínio: 0, sem quartos: 4).
18:40:23 | INFO    | Aguardando 6.0s (entre páginas)
18:40:29 | INFO    | [Barra da Tijuca] Página 13/30 → https://www.zapimoveis.com.br/aluguel/imoveis/rj+rio-de-janeiro+zona-oeste+barra-da-tijuca/?ordem=MOST_RECENT&pagina=13
18:40:41 | INFO    | [Barra da Tijuca] Página 13: 30 anúncios no HTML, 30 novos, 0 repetidos (sem condomínio: 0, sem quartos: 6).
18:40:41 | INFO    | Aguardando 6.0s (entre páginas)
18:40:47 | INFO    | [Barra da Tijuca] Página 14/30 → https://www.zapimoveis.com.br/aluguel/imoveis/rj+rio-de-janeiro+zona-oeste+barra-da-tijuca/?ordem=MOST_RECENT&pagina=14
18:41:20 | INFO    | [Barra da Tijuca] Página 14: 30 anúncios no HTML, 30 novos, 0 repetidos (sem condomínio: 0, sem quartos: 8).
18:41:21 | INFO    | Aguardando 5.2s (entre páginas)
18:41:26 | INFO    | [Barra da Tijuca] Página 15/30 → https://www.zapimoveis.com.br/aluguel/imoveis/rj+rio-de-janeiro+zona-oeste+barra-da-tijuca/?ordem=MOST_RECENT&pagina=15
18:41:40 | INFO    | [Barra da Tijuca] Página 15: 30 anúncios no HTML, 30 novos, 0 repetidos (sem condomínio: 0, sem quartos: 9).
18:41:40 | INFO    | Aguardando 5.9s (entre páginas)
18:41:46 | INFO    | [Barra da Tijuca] Página 16/30 → https://www.zapimoveis.com.br/aluguel/imoveis/rj+rio-de-janeiro+zona-oeste+barra-da-tijuca/?ordem=MOST_RECENT&pagina=16
18:41:57 | INFO    | [Barra da Tijuca] Página 16: 30 anúncios no HTML, 30 novos, 0 repetidos (sem condomínio: 0, sem quartos: 5).
18:41:57 | INFO    | Aguardando 5.9s (entre páginas)
18:42:03 | INFO    | [Barra da Tijuca] Página 17/30 → https://www.zapimoveis.com.br/aluguel/imoveis/rj+rio-de-janeiro+zona-oeste+barra-da-tijuca/?ordem=MOST_RECENT&pagina=17
18:42:29 | INFO    | [Barra da Tijuca] Página 17: 30 anúncios no HTML, 30 novos, 0 repetidos (sem condomínio: 0, sem quartos: 8).
18:42:29 | INFO    | Aguardando 8.6s (entre páginas)
18:42:38 | INFO    | [Barra da Tijuca] Página 18/30 → https://www.zapimoveis.com.br/aluguel/imoveis/rj+rio-de-janeiro+zona-oeste+barra-da-tijuca/?ordem=MOST_RECENT&pagina=18
18:42:46 | INFO    | [Barra da Tijuca] Página 18: 30 anúncios no HTML, 29 novos, 1 repetidos (sem condomínio: 0, sem quartos: 4).
18:42:46 | INFO    | Aguardando 8.2s (entre páginas)
18:42:54 | INFO    | [Barra da Tijuca] Página 19/30 → https://www.zapimoveis.com.br/aluguel/imoveis/rj+rio-de-janeiro+zona-oeste+barra-da-tijuca/?ordem=MOST_RECENT&pagina=19
18:43:08 | INFO    | [Barra da Tijuca] Página 19: 30 anúncios no HTML, 30 novos, 0 repetidos (sem condomínio: 0, sem quartos: 10).
18:43:08 | INFO    | Aguardando 7.9s (entre páginas)
18:43:16 | INFO    | [Barra da Tijuca] Página 20/30 → https://www.zapimoveis.com.br/aluguel/imoveis/rj+rio-de-janeiro+zona-oeste+barra-da-tijuca/?ordem=MOST_RECENT&pagina=20
18:43:31 | INFO    | [Barra da Tijuca] Página 20: 30 anúncios no HTML, 30 novos, 0 repetidos (sem condomínio: 0, sem quartos: 9).
18:43:31 | INFO    | Aguardando 8.0s (entre páginas)
18:43:39 | INFO    | [Barra da Tijuca] Página 21/30 → https://www.zapimoveis.com.br/aluguel/imoveis/rj+rio-de-janeiro+zona-oeste+barra-da-tijuca/?ordem=MOST_RECENT&pagina=21
18:43:55 | INFO    | [Barra da Tijuca] Página 21: 30 anúncios no HTML, 30 novos, 0 repetidos (sem condomínio: 0, sem quartos: 10).
18:43:55 | INFO    | Aguardando 6.8s (entre páginas)
18:44:02 | INFO    | [Barra da Tijuca] Página 22/30 → https://www.zapimoveis.com.br/aluguel/imoveis/rj+rio-de-janeiro+zona-oeste+barra-da-tijuca/?ordem=MOST_RECENT&pagina=22
18:44:38 | INFO    | [Barra da Tijuca] Página 22: 30 anúncios no HTML, 30 novos, 0 repetidos (sem condomínio: 0, sem quartos: 7).
18:44:38 | INFO    | Aguardando 4.9s (entre páginas)
18:44:43 | INFO    | [Barra da Tijuca] Página 23/30 → https://www.zapimoveis.com.br/aluguel/imoveis/rj+rio-de-janeiro+zona-oeste+barra-da-tijuca/?ordem=MOST_RECENT&pagina=23
18:44:56 | INFO    | [Barra da Tijuca] Página 23: 30 anúncios no HTML, 30 novos, 0 repetidos (sem condomínio: 0, sem quartos: 3).
18:44:56 | INFO    | Aguardando 4.3s (entre páginas)
18:45:00 | INFO    | [Barra da Tijuca] Página 24/30 → https://www.zapimoveis.com.br/aluguel/imoveis/rj+rio-de-janeiro+zona-oeste+barra-da-tijuca/?ordem=MOST_RECENT&pagina=24
18:45:14 | INFO    | [Barra da Tijuca] Página 24: 30 anúncios no HTML, 30 novos, 0 repetidos (sem condomínio: 0, sem quartos: 4).
18:45:14 | INFO    | Aguardando 6.9s (entre páginas)
18:45:21 | INFO    | [Barra da Tijuca] Página 25/30 → https://www.zapimoveis.com.br/aluguel/imoveis/rj+rio-de-janeiro+zona-oeste+barra-da-tijuca/?ordem=MOST_RECENT&pagina=25
18:45:37 | INFO    | [Barra da Tijuca] Página 25: 30 anúncios no HTML, 30 novos, 0 repetidos (sem condomínio: 0, sem quartos: 16).
18:45:37 | INFO    | Aguardando 8.5s (entre páginas)
18:45:45 | INFO    | [Barra da Tijuca] Página 26/30 → https://www.zapimoveis.com.br/aluguel/imoveis/rj+rio-de-janeiro+zona-oeste+barra-da-tijuca/?ordem=MOST_RECENT&pagina=26
18:46:10 | INFO    | [Barra da Tijuca] Página 26: 30 anúncios no HTML, 30 novos, 0 repetidos (sem condomínio: 0, sem quartos: 6).
18:46:10 | INFO    | Aguardando 5.3s (entre páginas)
18:46:16 | INFO    | [Barra da Tijuca] Página 27/30 → https://www.zapimoveis.com.br/aluguel/imoveis/rj+rio-de-janeiro+zona-oeste+barra-da-tijuca/?ordem=MOST_RECENT&pagina=27
18:46:24 | INFO    | [Barra da Tijuca] Página 27: 30 anúncios no HTML, 30 novos, 0 repetidos (sem condomínio: 0, sem quartos: 8).
18:46:24 | INFO    | Aguardando 5.4s (entre páginas)
18:46:29 | INFO    | [Barra da Tijuca] Página 28/30 → https://www.zapimoveis.com.br/aluguel/imoveis/rj+rio-de-janeiro+zona-oeste+barra-da-tijuca/?ordem=MOST_RECENT&pagina=28
18:46:37 | INFO    | [Barra da Tijuca] Página 28: 30 anúncios no HTML, 30 novos, 0 repetidos (sem condomínio: 0, sem quartos: 4).
18:46:37 | INFO    | Aguardando 8.2s (entre páginas)
18:46:45 | INFO    | [Barra da Tijuca] Página 29/30 → https://www.zapimoveis.com.br/aluguel/imoveis/rj+rio-de-janeiro+zona-oeste+barra-da-tijuca/?ordem=MOST_RECENT&pagina=29
18:46:57 | INFO    | [Barra da Tijuca] Página 29: 30 anúncios no HTML, 30 novos, 0 repetidos (sem condomínio: 0, sem quartos: 9).
18:46:57 | INFO    | Aguardando 6.9s (entre páginas)
18:47:04 | INFO    | [Barra da Tijuca] Página 30/30 → https://www.zapimoveis.com.br/aluguel/imoveis/rj+rio-de-janeiro+zona-oeste+barra-da-tijuca/?ordem=MOST_RECENT&pagina=30
18:47:14 | INFO    | [Barra da Tijuca] Página 30: 30 anúncios no HTML, 30 novos, 0 repetidos (sem condomínio: 0, sem quartos: 6).
18:47:14 | INFO    | [Barra da Tijuca] Concluído: 899 anúncios novos coletados.
18:47:14 | INFO    | Progresso: 37/94 bairros | 7929 anúncios no total | 51 min decorridos | ~79 min restantes (estimativa).
18:47:14 | INFO    | Aguardando 20.0s (troca de bairro)
18:47:34 | INFO    | ======================================================================
18:47:34 | INFO    | BAIRRO: Barra de Guaratiba  (limite: 30 páginas)
18:47:34 | INFO    | [Barra de Guaratiba] Página 1/30 → https://www.zapimoveis.com.br/aluguel/imoveis/rj+rio-de-janeiro+zona-oeste+barra-de-guaratiba/?ordem=MOST_RECENT
18:47:46 | INFO    | [Barra de Guaratiba] O site informa 12 imóveis (~1 páginas).
18:47:46 | INFO    | [Barra de Guaratiba] Página 1: 12 anúncios no HTML, 12 novos, 0 repetidos (sem condomínio: 0, sem quartos: 4).
18:47:46 | INFO    | Aguardando 6.5s (entre páginas)
18:47:52 | INFO    | [Barra de Guaratiba] Página 2/30 → https://www.zapimoveis.com.br/aluguel/imoveis/rj+rio-de-janeiro+zona-oeste+barra-de-guaratiba/?ordem=MOST_RECENT&pagina=2
18:48:02 | INFO    | [Barra de Guaratiba] Nenhum card na página 2 — fim dos resultados do bairro.
18:48:02 | INFO    | [Barra de Guaratiba] Concluído: 12 anúncios novos coletados.
18:48:02 | INFO    | Progresso: 38/94 bairros | 7941 anúncios no total | 52 min decorridos | ~76 min restantes (estimativa).
18:48:02 | INFO    | Aguardando 16.3s (troca de bairro)
18:48:18 | INFO    | ======================================================================
18:48:18 | INFO    | BAIRRO: Barra Olímpica  (limite: 30 páginas)
18:48:18 | INFO    | [Barra Olímpica] Página 1/30 → https://www.zapimoveis.com.br/aluguel/imoveis/rj+rio-de-janeiro+zona-oeste+barra-olimpica/?ordem=MOST_RECENT
18:49:08 | INFO    | [Barra Olímpica] O site informa 575 imóveis (~20 páginas).
18:49:08 | INFO    | [Barra Olímpica] Página 1: 30 anúncios no HTML, 30 novos, 0 repetidos (sem condomínio: 0, sem quartos: 1).
18:49:09 | INFO    | Aguardando 7.3s (entre páginas)
18:49:16 | INFO    | [Barra Olímpica] Página 2/30 → https://www.zapimoveis.com.br/aluguel/imoveis/rj+rio-de-janeiro+zona-oeste+barra-olimpica/?ordem=MOST_RECENT&pagina=2
18:49:29 | INFO    | [Barra Olímpica] Página 2: 30 anúncios no HTML, 30 novos, 0 repetidos (sem condomínio: 0, sem quartos: 0).
18:49:29 | INFO    | Aguardando 7.6s (entre páginas)
18:49:37 | INFO    | [Barra Olímpica] Página 3/30 → https://www.zapimoveis.com.br/aluguel/imoveis/rj+rio-de-janeiro+zona-oeste+barra-olimpica/?ordem=MOST_RECENT&pagina=3
18:49:46 | INFO    | [Barra Olímpica] Página 3: 30 anúncios no HTML, 30 novos, 0 repetidos (sem condomínio: 0, sem quartos: 6).
18:49:46 | INFO    | Aguardando 8.4s (entre páginas)
18:49:55 | INFO    | [Barra Olímpica] Página 4/30 → https://www.zapimoveis.com.br/aluguel/imoveis/rj+rio-de-janeiro+zona-oeste+barra-olimpica/?ordem=MOST_RECENT&pagina=4
18:50:10 | INFO    | [Barra Olímpica] Página 4: 30 anúncios no HTML, 30 novos, 0 repetidos (sem condomínio: 0, sem quartos: 4).
18:50:10 | INFO    | Aguardando 8.4s (entre páginas)
18:50:19 | INFO    | [Barra Olímpica] Página 5/30 → https://www.zapimoveis.com.br/aluguel/imoveis/rj+rio-de-janeiro+zona-oeste+barra-olimpica/?ordem=MOST_RECENT&pagina=5
18:50:33 | INFO    | [Barra Olímpica] Página 5: 30 anúncios no HTML, 30 novos, 0 repetidos (sem condomínio: 0, sem quartos: 7).
18:50:33 | INFO    | Aguardando 5.8s (entre páginas)
18:50:39 | INFO    | [Barra Olímpica] Página 6/30 → https://www.zapimoveis.com.br/aluguel/imoveis/rj+rio-de-janeiro+zona-oeste+barra-olimpica/?ordem=MOST_RECENT&pagina=6
18:50:52 | INFO    | [Barra Olímpica] Página 6: 30 anúncios no HTML, 30 novos, 0 repetidos (sem condomínio: 0, sem quartos: 13).
18:50:52 | INFO    | Aguardando 5.2s (entre páginas)
18:50:58 | INFO    | [Barra Olímpica] Página 7/30 → https://www.zapimoveis.com.br/aluguel/imoveis/rj+rio-de-janeiro+zona-oeste+barra-olimpica/?ordem=MOST_RECENT&pagina=7
18:51:49 | INFO    | [Barra Olímpica] Página 7: 30 anúncios no HTML, 30 novos, 0 repetidos (sem condomínio: 0, sem quartos: 4).
18:51:49 | INFO    | Aguardando 7.5s (entre páginas)
18:51:57 | INFO    | [Barra Olímpica] Página 8/30 → https://www.zapimoveis.com.br/aluguel/imoveis/rj+rio-de-janeiro+zona-oeste+barra-olimpica/?ordem=MOST_RECENT&pagina=8
18:52:12 | INFO    | [Barra Olímpica] Página 8: 30 anúncios no HTML, 30 novos, 0 repetidos (sem condomínio: 0, sem quartos: 4).
18:52:12 | INFO    | Aguardando 7.2s (entre páginas)
18:52:20 | INFO    | [Barra Olímpica] Página 9/30 → https://www.zapimoveis.com.br/aluguel/imoveis/rj+rio-de-janeiro+zona-oeste+barra-olimpica/?ordem=MOST_RECENT&pagina=9
18:52:32 | INFO    | [Barra Olímpica] Página 9: 30 anúncios no HTML, 30 novos, 0 repetidos (sem condomínio: 0, sem quartos: 2).
18:52:32 | INFO    | Aguardando 5.1s (entre páginas)
18:52:37 | INFO    | [Barra Olímpica] Página 10/30 → https://www.zapimoveis.com.br/aluguel/imoveis/rj+rio-de-janeiro+zona-oeste+barra-olimpica/?ordem=MOST_RECENT&pagina=10
18:52:50 | INFO    | [Barra Olímpica] Página 10: 30 anúncios no HTML, 30 novos, 0 repetidos (sem condomínio: 0, sem quartos: 2).
18:52:51 | INFO    | Aguardando 8.7s (entre páginas)
18:52:59 | INFO    | [Barra Olímpica] Página 11/30 → https://www.zapimoveis.com.br/aluguel/imoveis/rj+rio-de-janeiro+zona-oeste+barra-olimpica/?ordem=MOST_RECENT&pagina=11
18:53:15 | INFO    | [Barra Olímpica] Página 11: 30 anúncios no HTML, 30 novos, 0 repetidos (sem condomínio: 0, sem quartos: 4).
18:53:15 | INFO    | Aguardando 6.1s (entre páginas)
18:53:21 | INFO    | [Barra Olímpica] Página 12/30 → https://www.zapimoveis.com.br/aluguel/imoveis/rj+rio-de-janeiro+zona-oeste+barra-olimpica/?ordem=MOST_RECENT&pagina=12
18:54:16 | INFO    | [Barra Olímpica] Página 12: 30 anúncios no HTML, 30 novos, 0 repetidos (sem condomínio: 0, sem quartos: 7).
18:54:16 | INFO    | Aguardando 8.2s (entre páginas)
18:54:24 | INFO    | [Barra Olímpica] Página 13/30 → https://www.zapimoveis.com.br/aluguel/imoveis/rj+rio-de-janeiro+zona-oeste+barra-olimpica/?ordem=MOST_RECENT&pagina=13
18:54:37 | INFO    | [Barra Olímpica] Página 13: 30 anúncios no HTML, 30 novos, 0 repetidos (sem condomínio: 0, sem quartos: 7).
18:54:37 | INFO    | Aguardando 5.1s (entre páginas)
18:54:42 | INFO    | [Barra Olímpica] Página 14/30 → https://www.zapimoveis.com.br/aluguel/imoveis/rj+rio-de-janeiro+zona-oeste+barra-olimpica/?ordem=MOST_RECENT&pagina=14
18:54:56 | INFO    | [Barra Olímpica] Página 14: 30 anúncios no HTML, 30 novos, 0 repetidos (sem condomínio: 0, sem quartos: 5).
18:54:56 | INFO    | Aguardando 6.2s (entre páginas)
18:55:02 | INFO    | [Barra Olímpica] Página 15/30 → https://www.zapimoveis.com.br/aluguel/imoveis/rj+rio-de-janeiro+zona-oeste+barra-olimpica/?ordem=MOST_RECENT&pagina=15
18:55:14 | INFO    | [Barra Olímpica] Página 15: 30 anúncios no HTML, 30 novos, 0 repetidos (sem condomínio: 0, sem quartos: 8).
18:55:14 | INFO    | Aguardando 8.3s (entre páginas)
18:55:23 | INFO    | [Barra Olímpica] Página 16/30 → https://www.zapimoveis.com.br/aluguel/imoveis/rj+rio-de-janeiro+zona-oeste+barra-olimpica/?ordem=MOST_RECENT&pagina=16
18:55:34 | INFO    | [Barra Olímpica] Página 16: 30 anúncios no HTML, 30 novos, 0 repetidos (sem condomínio: 0, sem quartos: 8).
18:55:34 | INFO    | Aguardando 5.4s (entre páginas)
18:55:39 | INFO    | [Barra Olímpica] Página 17/30 → https://www.zapimoveis.com.br/aluguel/imoveis/rj+rio-de-janeiro+zona-oeste+barra-olimpica/?ordem=MOST_RECENT&pagina=17
18:55:57 | INFO    | [Barra Olímpica] Página 17: 30 anúncios no HTML, 30 novos, 0 repetidos (sem condomínio: 0, sem quartos: 13).
18:55:57 | INFO    | Aguardando 8.9s (entre páginas)
18:56:06 | INFO    | [Barra Olímpica] Página 18/30 → https://www.zapimoveis.com.br/aluguel/imoveis/rj+rio-de-janeiro+zona-oeste+barra-olimpica/?ordem=MOST_RECENT&pagina=18
18:57:12 | INFO    | [Barra Olímpica] Página 18: 30 anúncios no HTML, 30 novos, 0 repetidos (sem condomínio: 0, sem quartos: 17).
18:57:13 | INFO    | Aguardando 6.8s (entre páginas)
18:57:19 | INFO    | [Barra Olímpica] Página 19/30 → https://www.zapimoveis.com.br/aluguel/imoveis/rj+rio-de-janeiro+zona-oeste+barra-olimpica/?ordem=MOST_RECENT&pagina=19
18:57:35 | INFO    | [Barra Olímpica] Página 19: 30 anúncios no HTML, 30 novos, 0 repetidos (sem condomínio: 0, sem quartos: 14).
18:57:35 | INFO    | Aguardando 7.9s (entre páginas)
18:57:43 | INFO    | [Barra Olímpica] Página 20/30 → https://www.zapimoveis.com.br/aluguel/imoveis/rj+rio-de-janeiro+zona-oeste+barra-olimpica/?ordem=MOST_RECENT&pagina=20
18:57:52 | INFO    | [Barra Olímpica] Página 20: 5 anúncios no HTML, 5 novos, 0 repetidos (sem condomínio: 0, sem quartos: 1).
18:57:52 | INFO    | Aguardando 4.3s (entre páginas)
18:57:56 | INFO    | [Barra Olímpica] Página 21/30 → https://www.zapimoveis.com.br/aluguel/imoveis/rj+rio-de-janeiro+zona-oeste+barra-olimpica/?ordem=MOST_RECENT&pagina=21
18:58:06 | INFO    | [Barra Olímpica] Nenhum card na página 21 — fim dos resultados do bairro.
18:58:06 | INFO    | [Barra Olímpica] Concluído: 575 anúncios novos coletados.
18:58:06 | INFO    | Progresso: 39/94 bairros | 8516 anúncios no total | 62 min decorridos | ~87 min restantes (estimativa).
18:58:06 | INFO    | Aguardando 11.6s (troca de bairro)
18:58:17 | INFO    | ======================================================================
18:58:17 | INFO    | BAIRRO: Camorim  (limite: 30 páginas)
18:58:17 | INFO    | [Camorim] Página 1/30 → https://www.zapimoveis.com.br/aluguel/imoveis/rj+rio-de-janeiro+zona-oeste+camorim/?ordem=MOST_RECENT
18:58:36 | INFO    | [Camorim] O site informa 61 imóveis (~3 páginas).
18:58:36 | INFO    | [Camorim] Página 1: 30 anúncios no HTML, 20 novos, 10 repetidos (sem condomínio: 0, sem quartos: 0).
18:58:36 | INFO    | Aguardando 5.6s (entre páginas)
18:58:41 | INFO    | [Camorim] Página 2/30 → https://www.zapimoveis.com.br/aluguel/imoveis/rj+rio-de-janeiro+zona-oeste+camorim/?ordem=MOST_RECENT&pagina=2
18:59:55 | INFO    | [Camorim] Página 2: 30 anúncios no HTML, 22 novos, 8 repetidos (sem condomínio: 0, sem quartos: 3).
18:59:55 | INFO    | Aguardando 6.8s (entre páginas)
19:00:02 | INFO    | [Camorim] Página 3/30 → https://www.zapimoveis.com.br/aluguel/imoveis/rj+rio-de-janeiro+zona-oeste+camorim/?ordem=MOST_RECENT&pagina=3
19:00:14 | INFO    | [Camorim] Página 3: 1 anúncios no HTML, 1 novos, 0 repetidos (sem condomínio: 0, sem quartos: 0).
19:00:14 | INFO    | Aguardando 4.2s (entre páginas)
19:00:18 | INFO    | [Camorim] Página 4/30 → https://www.zapimoveis.com.br/aluguel/imoveis/rj+rio-de-janeiro+zona-oeste+camorim/?ordem=MOST_RECENT&pagina=4
19:00:30 | INFO    | [Camorim] Nenhum card na página 4 — fim dos resultados do bairro.
19:00:30 | INFO    | [Camorim] Concluído: 43 anúncios novos coletados.
19:00:30 | INFO    | Progresso: 40/94 bairros | 8559 anúncios no total | 64 min decorridos | ~87 min restantes (estimativa).
19:00:30 | INFO    | Aguardando 19.8s (troca de bairro)
19:00:50 | INFO    | Reiniciando o navegador (preventivo, a cada 20 bairros).
19:00:59 | INFO    | Navegador iniciado (Chrome via undetected-chromedriver).
19:00:59 | INFO    | ======================================================================
19:00:59 | INFO    | BAIRRO: Campo dos Afonsos  (limite: 30 páginas)
19:00:59 | INFO    | [Campo dos Afonsos] Página 1/30 → https://www.zapimoveis.com.br/aluguel/imoveis/rj+rio-de-janeiro+zona-oeste+campo-dos-afonsos/?ordem=MOST_RECENT
19:01:02 | INFO    | Pop-up de cookies aceito (adopt-accept-all-button).
19:01:05 | INFO    | [Campo dos Afonsos] O site informa 5 imóveis (~1 páginas).
19:01:06 | INFO    | [Campo dos Afonsos] Página 1: 5 anúncios no HTML, 5 novos, 0 repetidos (sem condomínio: 0, sem quartos: 3).
19:01:06 | INFO    | Aguardando 8.5s (entre páginas)
19:01:14 | INFO    | [Campo dos Afonsos] Página 2/30 → https://www.zapimoveis.com.br/aluguel/imoveis/rj+rio-de-janeiro+zona-oeste+campo-dos-afonsos/?ordem=MOST_RECENT&pagina=2
19:01:18 | INFO    | [Campo dos Afonsos] Nenhum card na página 2 — fim dos resultados do bairro.
19:01:18 | INFO    | [Campo dos Afonsos] Concluído: 5 anúncios novos coletados.
19:01:18 | INFO    | Progresso: 41/94 bairros | 8564 anúncios no total | 65 min decorridos | ~84 min restantes (estimativa).
19:01:18 | INFO    | Aguardando 13.7s (troca de bairro)
19:01:32 | INFO    | ======================================================================
19:01:32 | INFO    | BAIRRO: Campo Grande  (limite: 30 páginas)
19:01:32 | INFO    | [Campo Grande] Página 1/30 → https://www.zapimoveis.com.br/aluguel/imoveis/rj+rio-de-janeiro+zona-oeste+campo-grande/?ordem=MOST_RECENT
19:01:39 | INFO    | [Campo Grande] O site informa 737 imóveis (~25 páginas).
19:01:39 | INFO    | [Campo Grande] Página 1: 30 anúncios no HTML, 30 novos, 0 repetidos (sem condomínio: 0, sem quartos: 9).
19:01:39 | INFO    | Aguardando 5.4s (entre páginas)
19:01:44 | INFO    | [Campo Grande] Página 2/30 → https://www.zapimoveis.com.br/aluguel/imoveis/rj+rio-de-janeiro+zona-oeste+campo-grande/?ordem=MOST_RECENT&pagina=2
19:01:54 | INFO    | [Campo Grande] Página 2: 30 anúncios no HTML, 30 novos, 0 repetidos (sem condomínio: 0, sem quartos: 11).
19:01:54 | INFO    | Aguardando 4.9s (entre páginas)
19:01:59 | INFO    | [Campo Grande] Página 3/30 → https://www.zapimoveis.com.br/aluguel/imoveis/rj+rio-de-janeiro+zona-oeste+campo-grande/?ordem=MOST_RECENT&pagina=3
19:02:06 | INFO    | [Campo Grande] Página 3: 30 anúncios no HTML, 30 novos, 0 repetidos (sem condomínio: 0, sem quartos: 12).
19:02:06 | INFO    | Aguardando 6.4s (entre páginas)
19:02:12 | INFO    | [Campo Grande] Página 4/30 → https://www.zapimoveis.com.br/aluguel/imoveis/rj+rio-de-janeiro+zona-oeste+campo-grande/?ordem=MOST_RECENT&pagina=4
19:02:20 | INFO    | [Campo Grande] Página 4: 30 anúncios no HTML, 30 novos, 0 repetidos (sem condomínio: 0, sem quartos: 12).
19:02:20 | INFO    | Aguardando 5.9s (entre páginas)
19:02:26 | INFO    | [Campo Grande] Página 5/30 → https://www.zapimoveis.com.br/aluguel/imoveis/rj+rio-de-janeiro+zona-oeste+campo-grande/?ordem=MOST_RECENT&pagina=5
19:02:34 | INFO    | [Campo Grande] Página 5: 30 anúncios no HTML, 30 novos, 0 repetidos (sem condomínio: 0, sem quartos: 17).
19:02:34 | INFO    | Aguardando 4.4s (entre páginas)
19:02:38 | INFO    | [Campo Grande] Página 6/30 → https://www.zapimoveis.com.br/aluguel/imoveis/rj+rio-de-janeiro+zona-oeste+campo-grande/?ordem=MOST_RECENT&pagina=6
19:02:46 | INFO    | [Campo Grande] Página 6: 30 anúncios no HTML, 30 novos, 0 repetidos (sem condomínio: 0, sem quartos: 15).
19:02:46 | INFO    | Aguardando 4.0s (entre páginas)
19:02:50 | INFO    | [Campo Grande] Página 7/30 → https://www.zapimoveis.com.br/aluguel/imoveis/rj+rio-de-janeiro+zona-oeste+campo-grande/?ordem=MOST_RECENT&pagina=7
19:02:58 | INFO    | [Campo Grande] Página 7: 30 anúncios no HTML, 30 novos, 0 repetidos (sem condomínio: 0, sem quartos: 18).
19:02:58 | INFO    | Aguardando 7.2s (entre páginas)
19:03:05 | INFO    | [Campo Grande] Página 8/30 → https://www.zapimoveis.com.br/aluguel/imoveis/rj+rio-de-janeiro+zona-oeste+campo-grande/?ordem=MOST_RECENT&pagina=8
19:03:13 | INFO    | [Campo Grande] Página 8: 30 anúncios no HTML, 30 novos, 0 repetidos (sem condomínio: 0, sem quartos: 11).
19:03:13 | INFO    | Aguardando 4.4s (entre páginas)
19:03:18 | INFO    | [Campo Grande] Página 9/30 → https://www.zapimoveis.com.br/aluguel/imoveis/rj+rio-de-janeiro+zona-oeste+campo-grande/?ordem=MOST_RECENT&pagina=9
19:03:25 | INFO    | [Campo Grande] Página 9: 30 anúncios no HTML, 30 novos, 0 repetidos (sem condomínio: 0, sem quartos: 15).
19:03:25 | INFO    | Aguardando 6.4s (entre páginas)
19:03:31 | INFO    | [Campo Grande] Página 10/30 → https://www.zapimoveis.com.br/aluguel/imoveis/rj+rio-de-janeiro+zona-oeste+campo-grande/?ordem=MOST_RECENT&pagina=10
19:03:39 | INFO    | [Campo Grande] Página 10: 30 anúncios no HTML, 30 novos, 0 repetidos (sem condomínio: 0, sem quartos: 17).
19:03:39 | INFO    | Aguardando 5.4s (entre páginas)
19:03:45 | INFO    | [Campo Grande] Página 11/30 → https://www.zapimoveis.com.br/aluguel/imoveis/rj+rio-de-janeiro+zona-oeste+campo-grande/?ordem=MOST_RECENT&pagina=11
19:03:53 | INFO    | [Campo Grande] Página 11: 30 anúncios no HTML, 30 novos, 0 repetidos (sem condomínio: 0, sem quartos: 15).
19:03:53 | INFO    | Aguardando 5.4s (entre páginas)
19:03:58 | INFO    | [Campo Grande] Página 12/30 → https://www.zapimoveis.com.br/aluguel/imoveis/rj+rio-de-janeiro+zona-oeste+campo-grande/?ordem=MOST_RECENT&pagina=12
19:04:06 | INFO    | [Campo Grande] Página 12: 30 anúncios no HTML, 30 novos, 0 repetidos (sem condomínio: 0, sem quartos: 22).
19:04:06 | INFO    | Aguardando 5.2s (entre páginas)
19:04:11 | INFO    | [Campo Grande] Página 13/30 → https://www.zapimoveis.com.br/aluguel/imoveis/rj+rio-de-janeiro+zona-oeste+campo-grande/?ordem=MOST_RECENT&pagina=13
19:04:19 | INFO    | [Campo Grande] Página 13: 30 anúncios no HTML, 30 novos, 0 repetidos (sem condomínio: 0, sem quartos: 23).
19:04:19 | INFO    | Aguardando 6.8s (entre páginas)
19:04:26 | INFO    | [Campo Grande] Página 14/30 → https://www.zapimoveis.com.br/aluguel/imoveis/rj+rio-de-janeiro+zona-oeste+campo-grande/?ordem=MOST_RECENT&pagina=14
19:04:33 | INFO    | [Campo Grande] Página 14: 30 anúncios no HTML, 30 novos, 0 repetidos (sem condomínio: 0, sem quartos: 23).
19:04:33 | INFO    | Aguardando 6.2s (entre páginas)
19:04:40 | INFO    | [Campo Grande] Página 15/30 → https://www.zapimoveis.com.br/aluguel/imoveis/rj+rio-de-janeiro+zona-oeste+campo-grande/?ordem=MOST_RECENT&pagina=15
19:04:47 | INFO    | [Campo Grande] Página 15: 30 anúncios no HTML, 30 novos, 0 repetidos (sem condomínio: 0, sem quartos: 18).
19:04:48 | INFO    | Aguardando 4.4s (entre páginas)
19:04:52 | INFO    | [Campo Grande] Página 16/30 → https://www.zapimoveis.com.br/aluguel/imoveis/rj+rio-de-janeiro+zona-oeste+campo-grande/?ordem=MOST_RECENT&pagina=16
19:04:59 | INFO    | [Campo Grande] Página 16: 30 anúncios no HTML, 30 novos, 0 repetidos (sem condomínio: 0, sem quartos: 25).
19:04:59 | INFO    | Aguardando 4.5s (entre páginas)
19:05:04 | INFO    | [Campo Grande] Página 17/30 → https://www.zapimoveis.com.br/aluguel/imoveis/rj+rio-de-janeiro+zona-oeste+campo-grande/?ordem=MOST_RECENT&pagina=17
19:05:11 | INFO    | [Campo Grande] Página 17: 30 anúncios no HTML, 30 novos, 0 repetidos (sem condomínio: 0, sem quartos: 23).
19:05:11 | INFO    | Aguardando 4.1s (entre páginas)
19:05:16 | INFO    | [Campo Grande] Página 18/30 → https://www.zapimoveis.com.br/aluguel/imoveis/rj+rio-de-janeiro+zona-oeste+campo-grande/?ordem=MOST_RECENT&pagina=18
19:05:23 | INFO    | [Campo Grande] Página 18: 30 anúncios no HTML, 30 novos, 0 repetidos (sem condomínio: 0, sem quartos: 25).
19:05:23 | INFO    | Aguardando 7.7s (entre páginas)
19:05:30 | INFO    | [Campo Grande] Página 19/30 → https://www.zapimoveis.com.br/aluguel/imoveis/rj+rio-de-janeiro+zona-oeste+campo-grande/?ordem=MOST_RECENT&pagina=19
19:05:38 | INFO    | [Campo Grande] Página 19: 30 anúncios no HTML, 30 novos, 0 repetidos (sem condomínio: 0, sem quartos: 23).
19:05:38 | INFO    | Aguardando 4.2s (entre páginas)
19:05:42 | INFO    | [Campo Grande] Página 20/30 → https://www.zapimoveis.com.br/aluguel/imoveis/rj+rio-de-janeiro+zona-oeste+campo-grande/?ordem=MOST_RECENT&pagina=20
19:05:49 | INFO    | [Campo Grande] Página 20: 30 anúncios no HTML, 30 novos, 0 repetidos (sem condomínio: 0, sem quartos: 21).
19:05:49 | INFO    | Aguardando 4.6s (entre páginas)
19:05:53 | INFO    | [Campo Grande] Página 21/30 → https://www.zapimoveis.com.br/aluguel/imoveis/rj+rio-de-janeiro+zona-oeste+campo-grande/?ordem=MOST_RECENT&pagina=21
19:06:02 | INFO    | [Campo Grande] Página 21: 30 anúncios no HTML, 30 novos, 0 repetidos (sem condomínio: 0, sem quartos: 20).
19:06:02 | INFO    | Aguardando 8.3s (entre páginas)
19:06:10 | INFO    | [Campo Grande] Página 22/30 → https://www.zapimoveis.com.br/aluguel/imoveis/rj+rio-de-janeiro+zona-oeste+campo-grande/?ordem=MOST_RECENT&pagina=22
19:06:17 | INFO    | [Campo Grande] Página 22: 30 anúncios no HTML, 30 novos, 0 repetidos (sem condomínio: 0, sem quartos: 27).
19:06:17 | INFO    | Aguardando 7.3s (entre páginas)
19:06:25 | INFO    | [Campo Grande] Página 23/30 → https://www.zapimoveis.com.br/aluguel/imoveis/rj+rio-de-janeiro+zona-oeste+campo-grande/?ordem=MOST_RECENT&pagina=23
19:06:33 | INFO    | [Campo Grande] Página 23: 30 anúncios no HTML, 30 novos, 0 repetidos (sem condomínio: 0, sem quartos: 27).
19:06:33 | INFO    | Aguardando 7.9s (entre páginas)
19:06:41 | INFO    | [Campo Grande] Página 24/30 → https://www.zapimoveis.com.br/aluguel/imoveis/rj+rio-de-janeiro+zona-oeste+campo-grande/?ordem=MOST_RECENT&pagina=24
19:06:47 | INFO    | [Campo Grande] Página 24: 30 anúncios no HTML, 30 novos, 0 repetidos (sem condomínio: 0, sem quartos: 25).
19:06:47 | INFO    | Aguardando 5.0s (entre páginas)
19:06:52 | INFO    | [Campo Grande] Página 25/30 → https://www.zapimoveis.com.br/aluguel/imoveis/rj+rio-de-janeiro+zona-oeste+campo-grande/?ordem=MOST_RECENT&pagina=25
19:07:00 | INFO    | [Campo Grande] Página 25: 17 anúncios no HTML, 17 novos, 0 repetidos (sem condomínio: 0, sem quartos: 15).
19:07:00 | INFO    | Aguardando 4.8s (entre páginas)
19:07:05 | INFO    | [Campo Grande] Página 26/30 → https://www.zapimoveis.com.br/aluguel/imoveis/rj+rio-de-janeiro+zona-oeste+campo-grande/?ordem=MOST_RECENT&pagina=26
19:07:12 | INFO    | [Campo Grande] Nenhum card na página 26 — fim dos resultados do bairro.
19:07:12 | INFO    | [Campo Grande] Concluído: 737 anúncios novos coletados.
19:07:12 | INFO    | Progresso: 42/94 bairros | 9301 anúncios no total | 71 min decorridos | ~88 min restantes (estimativa).
19:07:12 | INFO    | Aguardando 19.4s (troca de bairro)
19:07:32 | INFO    | ======================================================================
19:07:32 | INFO    | BAIRRO: Cidade de Deus  (limite: 30 páginas)
19:07:32 | INFO    | [Cidade de Deus] Página 1/30 → https://www.zapimoveis.com.br/aluguel/imoveis/rj+rio-de-janeiro+zona-oeste+cid-de-deus/?ordem=MOST_RECENT
19:07:36 | INFO    | [Cidade de Deus] O site informa 2 imóveis (~1 páginas).
19:07:36 | INFO    | [Cidade de Deus] Página 1: 2 anúncios no HTML, 2 novos, 0 repetidos (sem condomínio: 0, sem quartos: 2).
19:07:36 | INFO    | Aguardando 7.0s (entre páginas)
19:07:43 | INFO    | [Cidade de Deus] Página 2/30 → https://www.zapimoveis.com.br/aluguel/imoveis/rj+rio-de-janeiro+zona-oeste+cid-de-deus/?ordem=MOST_RECENT&pagina=2
19:07:48 | INFO    | [Cidade de Deus] Nenhum card na página 2 — fim dos resultados do bairro.
19:07:48 | INFO    | [Cidade de Deus] Concluído: 2 anúncios novos coletados.
19:07:48 | INFO    | Progresso: 43/94 bairros | 9303 anúncios no total | 72 min decorridos | ~85 min restantes (estimativa).
19:07:48 | INFO    | Aguardando 15.6s (troca de bairro)
19:08:04 | INFO    | ======================================================================
19:08:04 | INFO    | BAIRRO: Cosmos  (limite: 30 páginas)
19:08:04 | INFO    | [Cosmos] Página 1/30 → https://www.zapimoveis.com.br/aluguel/imoveis/rj+rio-de-janeiro+zona-oeste+cosmos/?ordem=MOST_RECENT
19:08:09 | INFO    | [Cosmos] O site informa 11 imóveis (~1 páginas).
19:08:09 | INFO    | [Cosmos] Página 1: 11 anúncios no HTML, 11 novos, 0 repetidos (sem condomínio: 0, sem quartos: 2).
19:08:09 | INFO    | Aguardando 7.2s (entre páginas)
19:08:16 | INFO    | [Cosmos] Página 2/30 → https://www.zapimoveis.com.br/aluguel/imoveis/rj+rio-de-janeiro+zona-oeste+cosmos/?ordem=MOST_RECENT&pagina=2
19:08:21 | INFO    | [Cosmos] Nenhum card na página 2 — fim dos resultados do bairro.
19:08:21 | INFO    | [Cosmos] Concluído: 11 anúncios novos coletados.
19:08:21 | INFO    | Progresso: 44/94 bairros | 9314 anúncios no total | 72 min decorridos | ~82 min restantes (estimativa).
19:08:21 | INFO    | Aguardando 13.5s (troca de bairro)
19:08:35 | INFO    | ======================================================================
19:08:35 | INFO    | BAIRRO: Curicica  (limite: 30 páginas)
19:08:35 | INFO    | [Curicica] Página 1/30 → https://www.zapimoveis.com.br/aluguel/imoveis/rj+rio-de-janeiro+zona-oeste+curicica/?ordem=MOST_RECENT
19:08:42 | INFO    | [Curicica] O site informa 89 imóveis (~3 páginas).
19:08:42 | INFO    | [Curicica] Página 1: 30 anúncios no HTML, 30 novos, 0 repetidos (sem condomínio: 0, sem quartos: 7).
19:08:42 | INFO    | Aguardando 5.1s (entre páginas)
19:08:47 | INFO    | [Curicica] Página 2/30 → https://www.zapimoveis.com.br/aluguel/imoveis/rj+rio-de-janeiro+zona-oeste+curicica/?ordem=MOST_RECENT&pagina=2
19:08:54 | INFO    | [Curicica] Página 2: 30 anúncios no HTML, 28 novos, 2 repetidos (sem condomínio: 0, sem quartos: 9).
19:08:54 | INFO    | Aguardando 5.3s (entre páginas)
19:08:59 | INFO    | [Curicica] Página 3/30 → https://www.zapimoveis.com.br/aluguel/imoveis/rj+rio-de-janeiro+zona-oeste+curicica/?ordem=MOST_RECENT&pagina=3
19:09:06 | INFO    | [Curicica] Página 3: 29 anúncios no HTML, 28 novos, 1 repetidos (sem condomínio: 0, sem quartos: 20).
19:09:06 | INFO    | Aguardando 8.9s (entre páginas)
19:09:15 | INFO    | [Curicica] Página 4/30 → https://www.zapimoveis.com.br/aluguel/imoveis/rj+rio-de-janeiro+zona-oeste+curicica/?ordem=MOST_RECENT&pagina=4
19:09:23 | INFO    | [Curicica] Nenhum card na página 4 — fim dos resultados do bairro.
19:09:23 | INFO    | [Curicica] Concluído: 86 anúncios novos coletados.
19:09:23 | INFO    | Progresso: 45/94 bairros | 9400 anúncios no total | 73 min decorridos | ~80 min restantes (estimativa).
19:09:23 | INFO    | Aguardando 16.1s (troca de bairro)
19:09:39 | INFO    | ======================================================================
19:09:39 | INFO    | BAIRRO: Freguesia (Jacarepaguá)  (limite: 30 páginas)
19:09:39 | INFO    | [Freguesia (Jacarepaguá)] Página 1/30 → https://www.zapimoveis.com.br/aluguel/imoveis/rj+rio-de-janeiro+zona-oeste+freguesia-jacarepagua/?ordem=MOST_RECENT
19:09:45 | INFO    | [Freguesia (Jacarepaguá)] O site informa 479 imóveis (~16 páginas).
19:09:45 | INFO    | [Freguesia (Jacarepaguá)] Página 1: 30 anúncios no HTML, 29 novos, 1 repetidos (sem condomínio: 0, sem quartos: 5).
19:09:45 | INFO    | Aguardando 8.5s (entre páginas)
19:09:54 | INFO    | [Freguesia (Jacarepaguá)] Página 2/30 → https://www.zapimoveis.com.br/aluguel/imoveis/rj+rio-de-janeiro+zona-oeste+freguesia-jacarepagua/?ordem=MOST_RECENT&pagina=2
19:10:01 | INFO    | [Freguesia (Jacarepaguá)] Página 2: 30 anúncios no HTML, 29 novos, 1 repetidos (sem condomínio: 0, sem quartos: 9).
19:10:01 | INFO    | Aguardando 6.8s (entre páginas)
19:10:07 | INFO    | [Freguesia (Jacarepaguá)] Página 3/30 → https://www.zapimoveis.com.br/aluguel/imoveis/rj+rio-de-janeiro+zona-oeste+freguesia-jacarepagua/?ordem=MOST_RECENT&pagina=3
19:10:15 | INFO    | [Freguesia (Jacarepaguá)] Página 3: 30 anúncios no HTML, 30 novos, 0 repetidos (sem condomínio: 0, sem quartos: 5).
19:10:15 | INFO    | Aguardando 5.2s (entre páginas)
19:10:20 | INFO    | [Freguesia (Jacarepaguá)] Página 4/30 → https://www.zapimoveis.com.br/aluguel/imoveis/rj+rio-de-janeiro+zona-oeste+freguesia-jacarepagua/?ordem=MOST_RECENT&pagina=4
19:10:27 | INFO    | [Freguesia (Jacarepaguá)] Página 4: 30 anúncios no HTML, 27 novos, 3 repetidos (sem condomínio: 0, sem quartos: 14).
19:10:27 | INFO    | Aguardando 8.4s (entre páginas)
19:10:35 | INFO    | [Freguesia (Jacarepaguá)] Página 5/30 → https://www.zapimoveis.com.br/aluguel/imoveis/rj+rio-de-janeiro+zona-oeste+freguesia-jacarepagua/?ordem=MOST_RECENT&pagina=5
19:10:42 | INFO    | [Freguesia (Jacarepaguá)] Página 5: 30 anúncios no HTML, 30 novos, 0 repetidos (sem condomínio: 0, sem quartos: 18).
19:10:42 | INFO    | Aguardando 8.6s (entre páginas)
19:10:51 | INFO    | [Freguesia (Jacarepaguá)] Página 6/30 → https://www.zapimoveis.com.br/aluguel/imoveis/rj+rio-de-janeiro+zona-oeste+freguesia-jacarepagua/?ordem=MOST_RECENT&pagina=6
19:10:58 | INFO    | [Freguesia (Jacarepaguá)] Página 6: 30 anúncios no HTML, 27 novos, 3 repetidos (sem condomínio: 0, sem quartos: 13).
19:10:58 | INFO    | Aguardando 5.3s (entre páginas)
19:11:03 | INFO    | [Freguesia (Jacarepaguá)] Página 7/30 → https://www.zapimoveis.com.br/aluguel/imoveis/rj+rio-de-janeiro+zona-oeste+freguesia-jacarepagua/?ordem=MOST_RECENT&pagina=7
19:11:11 | INFO    | [Freguesia (Jacarepaguá)] Página 7: 30 anúncios no HTML, 29 novos, 1 repetidos (sem condomínio: 0, sem quartos: 14).
19:11:11 | INFO    | Aguardando 5.9s (entre páginas)
19:11:17 | INFO    | [Freguesia (Jacarepaguá)] Página 8/30 → https://www.zapimoveis.com.br/aluguel/imoveis/rj+rio-de-janeiro+zona-oeste+freguesia-jacarepagua/?ordem=MOST_RECENT&pagina=8
19:11:24 | INFO    | [Freguesia (Jacarepaguá)] Página 8: 30 anúncios no HTML, 28 novos, 2 repetidos (sem condomínio: 0, sem quartos: 16).
19:11:24 | INFO    | Aguardando 8.5s (entre páginas)
19:11:33 | INFO    | [Freguesia (Jacarepaguá)] Página 9/30 → https://www.zapimoveis.com.br/aluguel/imoveis/rj+rio-de-janeiro+zona-oeste+freguesia-jacarepagua/?ordem=MOST_RECENT&pagina=9
19:11:39 | INFO    | [Freguesia (Jacarepaguá)] Página 9: 30 anúncios no HTML, 29 novos, 1 repetidos (sem condomínio: 0, sem quartos: 15).
19:11:39 | INFO    | Aguardando 7.2s (entre páginas)
19:11:47 | INFO    | [Freguesia (Jacarepaguá)] Página 10/30 → https://www.zapimoveis.com.br/aluguel/imoveis/rj+rio-de-janeiro+zona-oeste+freguesia-jacarepagua/?ordem=MOST_RECENT&pagina=10
19:11:54 | INFO    | [Freguesia (Jacarepaguá)] Página 10: 30 anúncios no HTML, 27 novos, 3 repetidos (sem condomínio: 0, sem quartos: 16).
19:11:54 | INFO    | Aguardando 4.2s (entre páginas)
19:11:59 | INFO    | [Freguesia (Jacarepaguá)] Página 11/30 → https://www.zapimoveis.com.br/aluguel/imoveis/rj+rio-de-janeiro+zona-oeste+freguesia-jacarepagua/?ordem=MOST_RECENT&pagina=11
19:12:05 | INFO    | [Freguesia (Jacarepaguá)] Página 11: 30 anúncios no HTML, 27 novos, 3 repetidos (sem condomínio: 0, sem quartos: 16).
19:12:05 | INFO    | Aguardando 5.2s (entre páginas)
19:12:10 | INFO    | [Freguesia (Jacarepaguá)] Página 12/30 → https://www.zapimoveis.com.br/aluguel/imoveis/rj+rio-de-janeiro+zona-oeste+freguesia-jacarepagua/?ordem=MOST_RECENT&pagina=12
19:12:18 | INFO    | [Freguesia (Jacarepaguá)] Página 12: 30 anúncios no HTML, 30 novos, 0 repetidos (sem condomínio: 0, sem quartos: 23).
19:12:18 | INFO    | Aguardando 5.2s (entre páginas)
19:12:23 | INFO    | [Freguesia (Jacarepaguá)] Página 13/30 → https://www.zapimoveis.com.br/aluguel/imoveis/rj+rio-de-janeiro+zona-oeste+freguesia-jacarepagua/?ordem=MOST_RECENT&pagina=13
19:12:30 | INFO    | [Freguesia (Jacarepaguá)] Página 13: 30 anúncios no HTML, 28 novos, 2 repetidos (sem condomínio: 0, sem quartos: 22).
19:12:30 | INFO    | Aguardando 8.5s (entre páginas)
19:12:39 | INFO    | [Freguesia (Jacarepaguá)] Página 14/30 → https://www.zapimoveis.com.br/aluguel/imoveis/rj+rio-de-janeiro+zona-oeste+freguesia-jacarepagua/?ordem=MOST_RECENT&pagina=14
19:12:47 | INFO    | [Freguesia (Jacarepaguá)] Página 14: 30 anúncios no HTML, 28 novos, 2 repetidos (sem condomínio: 0, sem quartos: 21).
19:12:47 | INFO    | Aguardando 7.2s (entre páginas)
19:12:54 | INFO    | [Freguesia (Jacarepaguá)] Página 15/30 → https://www.zapimoveis.com.br/aluguel/imoveis/rj+rio-de-janeiro+zona-oeste+freguesia-jacarepagua/?ordem=MOST_RECENT&pagina=15
19:13:02 | INFO    | [Freguesia (Jacarepaguá)] Página 15: 30 anúncios no HTML, 30 novos, 0 repetidos (sem condomínio: 0, sem quartos: 18).
19:13:02 | INFO    | Aguardando 9.0s (entre páginas)
19:13:11 | INFO    | [Freguesia (Jacarepaguá)] Página 16/30 → https://www.zapimoveis.com.br/aluguel/imoveis/rj+rio-de-janeiro+zona-oeste+freguesia-jacarepagua/?ordem=MOST_RECENT&pagina=16
19:13:17 | INFO    | [Freguesia (Jacarepaguá)] Página 16: 29 anúncios no HTML, 28 novos, 1 repetidos (sem condomínio: 0, sem quartos: 26).
19:13:17 | INFO    | Aguardando 6.1s (entre páginas)
19:13:23 | INFO    | [Freguesia (Jacarepaguá)] Página 17/30 → https://www.zapimoveis.com.br/aluguel/imoveis/rj+rio-de-janeiro+zona-oeste+freguesia-jacarepagua/?ordem=MOST_RECENT&pagina=17
19:13:31 | INFO    | [Freguesia (Jacarepaguá)] Nenhum card na página 17 — fim dos resultados do bairro.
19:13:31 | INFO    | [Freguesia (Jacarepaguá)] Concluído: 456 anúncios novos coletados.
19:13:31 | INFO    | Progresso: 46/94 bairros | 9856 anúncios no total | 77 min decorridos | ~81 min restantes (estimativa).
19:13:31 | INFO    | Aguardando 17.1s (troca de bairro)
19:13:48 | INFO    | ======================================================================
19:13:48 | INFO    | BAIRRO: Gardênia Azul  (limite: 30 páginas)
19:13:48 | INFO    | [Gardênia Azul] Página 1/30 → https://www.zapimoveis.com.br/aluguel/imoveis/rj+rio-de-janeiro+zona-oeste+gardenia-azul/?ordem=MOST_RECENT
19:13:53 | INFO    | [Gardênia Azul] O site informa 6 imóveis (~1 páginas).
19:13:53 | INFO    | [Gardênia Azul] Página 1: 6 anúncios no HTML, 6 novos, 0 repetidos (sem condomínio: 0, sem quartos: 5).
19:13:53 | INFO    | Aguardando 5.0s (entre páginas)
19:13:58 | INFO    | [Gardênia Azul] Página 2/30 → https://www.zapimoveis.com.br/aluguel/imoveis/rj+rio-de-janeiro+zona-oeste+gardenia-azul/?ordem=MOST_RECENT&pagina=2
19:14:04 | INFO    | [Gardênia Azul] Nenhum card na página 2 — fim dos resultados do bairro.
19:14:04 | INFO    | [Gardênia Azul] Concluído: 6 anúncios novos coletados.
19:14:04 | INFO    | Progresso: 47/94 bairros | 9862 anúncios no total | 78 min decorridos | ~78 min restantes (estimativa).
19:14:04 | INFO    | Aguardando 12.4s (troca de bairro)
19:14:17 | INFO    | ======================================================================
19:14:17 | INFO    | BAIRRO: Guaratiba  (limite: 30 páginas)
19:14:17 | INFO    | [Guaratiba] Página 1/30 → https://www.zapimoveis.com.br/aluguel/imoveis/rj+rio-de-janeiro+zona-oeste+guaratiba/?ordem=MOST_RECENT
19:14:23 | INFO    | [Guaratiba] O site informa 170 imóveis (~6 páginas).
19:14:23 | INFO    | [Guaratiba] Página 1: 30 anúncios no HTML, 28 novos, 2 repetidos (sem condomínio: 0, sem quartos: 10).
19:14:23 | INFO    | Aguardando 4.7s (entre páginas)
19:14:27 | INFO    | [Guaratiba] Página 2/30 → https://www.zapimoveis.com.br/aluguel/imoveis/rj+rio-de-janeiro+zona-oeste+guaratiba/?ordem=MOST_RECENT&pagina=2
19:14:35 | INFO    | [Guaratiba] Página 2: 30 anúncios no HTML, 28 novos, 2 repetidos (sem condomínio: 0, sem quartos: 14).
19:14:35 | INFO    | Aguardando 8.4s (entre páginas)
19:14:44 | INFO    | [Guaratiba] Página 3/30 → https://www.zapimoveis.com.br/aluguel/imoveis/rj+rio-de-janeiro+zona-oeste+guaratiba/?ordem=MOST_RECENT&pagina=3
19:14:50 | INFO    | [Guaratiba] Página 3: 30 anúncios no HTML, 30 novos, 0 repetidos (sem condomínio: 0, sem quartos: 16).
19:14:50 | INFO    | Aguardando 7.7s (entre páginas)
19:14:58 | INFO    | [Guaratiba] Página 4/30 → https://www.zapimoveis.com.br/aluguel/imoveis/rj+rio-de-janeiro+zona-oeste+guaratiba/?ordem=MOST_RECENT&pagina=4
19:15:06 | INFO    | [Guaratiba] Página 4: 30 anúncios no HTML, 29 novos, 1 repetidos (sem condomínio: 0, sem quartos: 17).
19:15:06 | INFO    | Aguardando 5.6s (entre páginas)
19:15:12 | INFO    | [Guaratiba] Página 5/30 → https://www.zapimoveis.com.br/aluguel/imoveis/rj+rio-de-janeiro+zona-oeste+guaratiba/?ordem=MOST_RECENT&pagina=5
19:15:18 | INFO    | [Guaratiba] Página 5: 30 anúncios no HTML, 28 novos, 2 repetidos (sem condomínio: 0, sem quartos: 17).
19:15:18 | INFO    | Aguardando 5.0s (entre páginas)
19:15:23 | INFO    | [Guaratiba] Página 6/30 → https://www.zapimoveis.com.br/aluguel/imoveis/rj+rio-de-janeiro+zona-oeste+guaratiba/?ordem=MOST_RECENT&pagina=6
19:15:30 | INFO    | [Guaratiba] Página 6: 20 anúncios no HTML, 19 novos, 1 repetidos (sem condomínio: 0, sem quartos: 14).
19:15:30 | INFO    | Aguardando 4.7s (entre páginas)
19:15:35 | INFO    | [Guaratiba] Página 7/30 → https://www.zapimoveis.com.br/aluguel/imoveis/rj+rio-de-janeiro+zona-oeste+guaratiba/?ordem=MOST_RECENT&pagina=7
19:15:42 | INFO    | [Guaratiba] Nenhum card na página 7 — fim dos resultados do bairro.
19:15:42 | INFO    | [Guaratiba] Concluído: 162 anúncios novos coletados.
19:15:42 | INFO    | Progresso: 48/94 bairros | 10024 anúncios no total | 79 min decorridos | ~76 min restantes (estimativa).
19:15:42 | INFO    | Aguardando 16.8s (troca de bairro)
19:15:59 | INFO    | ======================================================================
19:15:59 | INFO    | BAIRRO: Ilha de Guaratiba  (limite: 30 páginas)
19:15:59 | INFO    | [Ilha de Guaratiba] Página 1/30 → https://www.zapimoveis.com.br/aluguel/imoveis/rj+rio-de-janeiro+zona-oeste+ilha-de-guaratiba/?ordem=MOST_RECENT
19:16:05 | INFO    | [Ilha de Guaratiba] O site informa 10 imóveis (~1 páginas).
19:16:05 | INFO    | [Ilha de Guaratiba] Página 1: 10 anúncios no HTML, 0 novos, 10 repetidos (sem condomínio: 0, sem quartos: 0).
19:16:05 | INFO    | Aguardando 6.4s (entre páginas)
19:16:11 | INFO    | [Ilha de Guaratiba] Página 2/30 → https://www.zapimoveis.com.br/aluguel/imoveis/rj+rio-de-janeiro+zona-oeste+ilha-de-guaratiba/?ordem=MOST_RECENT&pagina=2
19:16:17 | INFO    | [Ilha de Guaratiba] Nenhum card na página 2 — fim dos resultados do bairro.
19:16:17 | INFO    | [Ilha de Guaratiba] Concluído: 0 anúncios novos coletados.
19:16:17 | INFO    | Progresso: 49/94 bairros | 10024 anúncios no total | 80 min decorridos | ~74 min restantes (estimativa).
19:16:17 | INFO    | Aguardando 14.4s (troca de bairro)
19:16:31 | INFO    | ======================================================================
19:16:31 | INFO    | BAIRRO: Inhoaíba  (limite: 30 páginas)
19:16:31 | INFO    | [Inhoaíba] Página 1/30 → https://www.zapimoveis.com.br/aluguel/imoveis/rj+rio-de-janeiro+zona-oeste+inhoaiba/?ordem=MOST_RECENT
19:16:36 | INFO    | [Inhoaíba] O site informa 12 imóveis (~1 páginas).
19:16:36 | INFO    | [Inhoaíba] Página 1: 12 anúncios no HTML, 11 novos, 1 repetidos (sem condomínio: 0, sem quartos: 2).
19:16:36 | INFO    | Aguardando 7.4s (entre páginas)
19:16:43 | INFO    | [Inhoaíba] Página 2/30 → https://www.zapimoveis.com.br/aluguel/imoveis/rj+rio-de-janeiro+zona-oeste+inhoaiba/?ordem=MOST_RECENT&pagina=2
19:16:49 | INFO    | [Inhoaíba] Nenhum card na página 2 — fim dos resultados do bairro.
19:16:49 | INFO    | [Inhoaíba] Concluído: 11 anúncios novos coletados.
19:16:49 | INFO    | Progresso: 50/94 bairros | 10035 anúncios no total | 81 min decorridos | ~71 min restantes (estimativa).
19:16:49 | INFO    | Aguardando 15.1s (troca de bairro)
19:17:04 | INFO    | ======================================================================
19:17:04 | INFO    | BAIRRO: Itanhangá  (limite: 30 páginas)
19:17:04 | INFO    | [Itanhangá] Página 1/30 → https://www.zapimoveis.com.br/aluguel/imoveis/rj+rio-de-janeiro+zona-oeste+itanhanga/?ordem=MOST_RECENT
19:17:13 | INFO    | [Itanhangá] O site informa 89 imóveis (~3 páginas).
19:17:13 | INFO    | [Itanhangá] Página 1: 30 anúncios no HTML, 28 novos, 2 repetidos (sem condomínio: 0, sem quartos: 2).
19:17:13 | INFO    | Aguardando 8.6s (entre páginas)
19:17:22 | INFO    | [Itanhangá] Página 2/30 → https://www.zapimoveis.com.br/aluguel/imoveis/rj+rio-de-janeiro+zona-oeste+itanhanga/?ordem=MOST_RECENT&pagina=2
19:17:32 | INFO    | [Itanhangá] Página 2: 30 anúncios no HTML, 30 novos, 0 repetidos (sem condomínio: 0, sem quartos: 0).
19:17:32 | INFO    | Aguardando 8.9s (entre páginas)
19:17:41 | INFO    | [Itanhangá] Página 3/30 → https://www.zapimoveis.com.br/aluguel/imoveis/rj+rio-de-janeiro+zona-oeste+itanhanga/?ordem=MOST_RECENT&pagina=3
19:17:48 | INFO    | [Itanhangá] Página 3: 29 anúncios no HTML, 29 novos, 0 repetidos (sem condomínio: 0, sem quartos: 6).
19:17:48 | INFO    | Aguardando 8.6s (entre páginas)
19:17:56 | INFO    | [Itanhangá] Página 4/30 → https://www.zapimoveis.com.br/aluguel/imoveis/rj+rio-de-janeiro+zona-oeste+itanhanga/?ordem=MOST_RECENT&pagina=4
19:18:02 | INFO    | [Itanhangá] Nenhum card na página 4 — fim dos resultados do bairro.
19:18:02 | INFO    | [Itanhangá] Concluído: 87 anúncios novos coletados.
19:18:02 | INFO    | Progresso: 51/94 bairros | 10122 anúncios no total | 82 min decorridos | ~69 min restantes (estimativa).
19:18:02 | INFO    | Aguardando 16.3s (troca de bairro)
19:18:19 | INFO    | ======================================================================
19:18:19 | INFO    | BAIRRO: Jacarepaguá  (limite: 30 páginas)
19:18:19 | INFO    | [Jacarepaguá] Página 1/30 → https://www.zapimoveis.com.br/aluguel/imoveis/rj+rio-de-janeiro+zona-oeste+jacarepagua/?ordem=MOST_RECENT
19:18:26 | INFO    | [Jacarepaguá] O site informa 422 imóveis (~15 páginas).
19:18:26 | INFO    | [Jacarepaguá] Página 1: 30 anúncios no HTML, 23 novos, 7 repetidos (sem condomínio: 0, sem quartos: 2).
19:18:26 | INFO    | Aguardando 6.6s (entre páginas)
19:18:33 | INFO    | [Jacarepaguá] Página 2/30 → https://www.zapimoveis.com.br/aluguel/imoveis/rj+rio-de-janeiro+zona-oeste+jacarepagua/?ordem=MOST_RECENT&pagina=2
19:18:39 | INFO    | [Jacarepaguá] Página 2: 30 anúncios no HTML, 26 novos, 4 repetidos (sem condomínio: 0, sem quartos: 6).
19:18:39 | INFO    | Aguardando 8.2s (entre páginas)
19:18:48 | INFO    | [Jacarepaguá] Página 3/30 → https://www.zapimoveis.com.br/aluguel/imoveis/rj+rio-de-janeiro+zona-oeste+jacarepagua/?ordem=MOST_RECENT&pagina=3
19:18:56 | INFO    | [Jacarepaguá] Página 3: 30 anúncios no HTML, 23 novos, 7 repetidos (sem condomínio: 0, sem quartos: 1).
19:18:56 | INFO    | Aguardando 4.0s (entre páginas)
19:19:00 | INFO    | [Jacarepaguá] Página 4/30 → https://www.zapimoveis.com.br/aluguel/imoveis/rj+rio-de-janeiro+zona-oeste+jacarepagua/?ordem=MOST_RECENT&pagina=4
19:19:09 | INFO    | [Jacarepaguá] Página 4: 30 anúncios no HTML, 28 novos, 2 repetidos (sem condomínio: 0, sem quartos: 7).
19:19:09 | INFO    | Aguardando 8.2s (entre páginas)
19:19:18 | INFO    | [Jacarepaguá] Página 5/30 → https://www.zapimoveis.com.br/aluguel/imoveis/rj+rio-de-janeiro+zona-oeste+jacarepagua/?ordem=MOST_RECENT&pagina=5
19:19:28 | INFO    | [Jacarepaguá] Página 5: 30 anúncios no HTML, 25 novos, 5 repetidos (sem condomínio: 0, sem quartos: 4).
19:19:28 | INFO    | Aguardando 7.4s (entre páginas)
19:19:35 | INFO    | [Jacarepaguá] Página 6/30 → https://www.zapimoveis.com.br/aluguel/imoveis/rj+rio-de-janeiro+zona-oeste+jacarepagua/?ordem=MOST_RECENT&pagina=6
19:19:42 | INFO    | [Jacarepaguá] Página 6: 30 anúncios no HTML, 24 novos, 6 repetidos (sem condomínio: 0, sem quartos: 6).
19:19:42 | INFO    | Aguardando 7.7s (entre páginas)
19:19:50 | INFO    | [Jacarepaguá] Página 7/30 → https://www.zapimoveis.com.br/aluguel/imoveis/rj+rio-de-janeiro+zona-oeste+jacarepagua/?ordem=MOST_RECENT&pagina=7
19:19:56 | INFO    | [Jacarepaguá] Página 7: 30 anúncios no HTML, 27 novos, 3 repetidos (sem condomínio: 0, sem quartos: 7).
19:19:57 | INFO    | Aguardando 5.6s (entre páginas)
19:20:02 | INFO    | [Jacarepaguá] Página 8/30 → https://www.zapimoveis.com.br/aluguel/imoveis/rj+rio-de-janeiro+zona-oeste+jacarepagua/?ordem=MOST_RECENT&pagina=8
19:20:11 | INFO    | [Jacarepaguá] Página 8: 30 anúncios no HTML, 27 novos, 3 repetidos (sem condomínio: 0, sem quartos: 7).
19:20:11 | INFO    | Aguardando 6.2s (entre páginas)
19:20:18 | INFO    | [Jacarepaguá] Página 9/30 → https://www.zapimoveis.com.br/aluguel/imoveis/rj+rio-de-janeiro+zona-oeste+jacarepagua/?ordem=MOST_RECENT&pagina=9
19:20:26 | INFO    | [Jacarepaguá] Página 9: 30 anúncios no HTML, 24 novos, 6 repetidos (sem condomínio: 0, sem quartos: 11).
19:20:26 | INFO    | Aguardando 6.3s (entre páginas)
19:20:33 | INFO    | [Jacarepaguá] Página 10/30 → https://www.zapimoveis.com.br/aluguel/imoveis/rj+rio-de-janeiro+zona-oeste+jacarepagua/?ordem=MOST_RECENT&pagina=10
19:20:43 | INFO    | [Jacarepaguá] Página 10: 30 anúncios no HTML, 26 novos, 4 repetidos (sem condomínio: 0, sem quartos: 13).
19:20:43 | INFO    | Aguardando 7.7s (entre páginas)
19:20:51 | INFO    | [Jacarepaguá] Página 11/30 → https://www.zapimoveis.com.br/aluguel/imoveis/rj+rio-de-janeiro+zona-oeste+jacarepagua/?ordem=MOST_RECENT&pagina=11
19:20:59 | INFO    | [Jacarepaguá] Página 11: 30 anúncios no HTML, 28 novos, 2 repetidos (sem condomínio: 0, sem quartos: 18).
19:21:00 | INFO    | Aguardando 5.0s (entre páginas)
19:21:05 | INFO    | [Jacarepaguá] Página 12/30 → https://www.zapimoveis.com.br/aluguel/imoveis/rj+rio-de-janeiro+zona-oeste+jacarepagua/?ordem=MOST_RECENT&pagina=12
19:21:13 | INFO    | [Jacarepaguá] Página 12: 30 anúncios no HTML, 26 novos, 4 repetidos (sem condomínio: 0, sem quartos: 18).
19:21:13 | INFO    | Aguardando 7.6s (entre páginas)
19:21:21 | INFO    | [Jacarepaguá] Página 13/30 → https://www.zapimoveis.com.br/aluguel/imoveis/rj+rio-de-janeiro+zona-oeste+jacarepagua/?ordem=MOST_RECENT&pagina=13
19:21:31 | INFO    | [Jacarepaguá] Página 13: 30 anúncios no HTML, 25 novos, 5 repetidos (sem condomínio: 0, sem quartos: 17).
19:21:32 | INFO    | Aguardando 8.9s (entre páginas)
19:21:40 | INFO    | [Jacarepaguá] Página 14/30 → https://www.zapimoveis.com.br/aluguel/imoveis/rj+rio-de-janeiro+zona-oeste+jacarepagua/?ordem=MOST_RECENT&pagina=14
19:21:48 | INFO    | [Jacarepaguá] Página 14: 30 anúncios no HTML, 27 novos, 3 repetidos (sem condomínio: 0, sem quartos: 7).
19:21:48 | INFO    | Aguardando 5.1s (entre páginas)
19:21:53 | INFO    | [Jacarepaguá] Página 15/30 → https://www.zapimoveis.com.br/aluguel/imoveis/rj+rio-de-janeiro+zona-oeste+jacarepagua/?ordem=MOST_RECENT&pagina=15
19:22:00 | INFO    | [Jacarepaguá] Página 15: 2 anúncios no HTML, 1 novos, 1 repetidos (sem condomínio: 0, sem quartos: 1).
19:22:00 | INFO    | Aguardando 6.6s (entre páginas)
19:22:06 | INFO    | [Jacarepaguá] Página 16/30 → https://www.zapimoveis.com.br/aluguel/imoveis/rj+rio-de-janeiro+zona-oeste+jacarepagua/?ordem=MOST_RECENT&pagina=16
19:22:15 | INFO    | [Jacarepaguá] Nenhum card na página 16 — fim dos resultados do bairro.
19:22:15 | INFO    | [Jacarepaguá] Concluído: 360 anúncios novos coletados.
19:22:15 | INFO    | Progresso: 52/94 bairros | 10482 anúncios no total | 86 min decorridos | ~69 min restantes (estimativa).
19:22:15 | INFO    | Aguardando 14.0s (troca de bairro)
19:22:30 | INFO    | ======================================================================
19:22:30 | INFO    | BAIRRO: Jardim Oceânico  (limite: 30 páginas)
19:22:30 | INFO    | [Jardim Oceânico] Página 1/30 → https://www.zapimoveis.com.br/aluguel/imoveis/rj+rio-de-janeiro+zona-oeste+jd-oceanico/?ordem=MOST_RECENT
19:22:39 | INFO    | [Jardim Oceânico] O site informa 58 imóveis (~2 páginas).
19:22:39 | INFO    | [Jardim Oceânico] Página 1: 30 anúncios no HTML, 12 novos, 18 repetidos (sem condomínio: 0, sem quartos: 0).
19:22:39 | INFO    | Aguardando 6.7s (entre páginas)
19:22:46 | INFO    | [Jardim Oceânico] Página 2/30 → https://www.zapimoveis.com.br/aluguel/imoveis/rj+rio-de-janeiro+zona-oeste+jd-oceanico/?ordem=MOST_RECENT&pagina=2
19:22:58 | INFO    | [Jardim Oceânico] Página 2: 28 anúncios no HTML, 28 novos, 0 repetidos (sem condomínio: 0, sem quartos: 9).
19:22:58 | INFO    | Aguardando 4.3s (entre páginas)
19:23:02 | INFO    | [Jardim Oceânico] Página 3/30 → https://www.zapimoveis.com.br/aluguel/imoveis/rj+rio-de-janeiro+zona-oeste+jd-oceanico/?ordem=MOST_RECENT&pagina=3
19:23:11 | INFO    | [Jardim Oceânico] Nenhum card na página 3 — fim dos resultados do bairro.
19:23:11 | INFO    | [Jardim Oceânico] Concluído: 40 anúncios novos coletados.
19:23:11 | INFO    | Progresso: 53/94 bairros | 10522 anúncios no total | 87 min decorridos | ~67 min restantes (estimativa).
19:23:11 | INFO    | Aguardando 15.7s (troca de bairro)
19:23:26 | INFO    | ======================================================================
19:23:26 | INFO    | BAIRRO: Jardim Sulacap  (limite: 30 páginas)
19:23:26 | INFO    | [Jardim Sulacap] Página 1/30 → https://www.zapimoveis.com.br/aluguel/imoveis/rj+rio-de-janeiro+zona-oeste+jd-sulacap/?ordem=MOST_RECENT
19:23:39 | INFO    | [Jardim Sulacap] O site informa 41 imóveis (~2 páginas).
19:23:40 | INFO    | [Jardim Sulacap] Página 1: 30 anúncios no HTML, 30 novos, 0 repetidos (sem condomínio: 0, sem quartos: 9).
19:23:40 | INFO    | Aguardando 8.9s (entre páginas)
19:23:49 | INFO    | [Jardim Sulacap] Página 2/30 → https://www.zapimoveis.com.br/aluguel/imoveis/rj+rio-de-janeiro+zona-oeste+jd-sulacap/?ordem=MOST_RECENT&pagina=2
19:24:04 | INFO    | [Jardim Sulacap] Página 2: 11 anúncios no HTML, 11 novos, 0 repetidos (sem condomínio: 0, sem quartos: 6).
19:24:04 | INFO    | Aguardando 8.7s (entre páginas)
19:24:12 | INFO    | [Jardim Sulacap] Página 3/30 → https://www.zapimoveis.com.br/aluguel/imoveis/rj+rio-de-janeiro+zona-oeste+jd-sulacap/?ordem=MOST_RECENT&pagina=3
19:24:23 | INFO    | [Jardim Sulacap] Nenhum card na página 3 — fim dos resultados do bairro.
19:24:23 | INFO    | [Jardim Sulacap] Concluído: 41 anúncios novos coletados.
19:24:23 | INFO    | Progresso: 54/94 bairros | 10563 anúncios no total | 88 min decorridos | ~65 min restantes (estimativa).
19:24:23 | INFO    | Aguardando 14.5s (troca de bairro)
19:24:37 | INFO    | ======================================================================
19:24:37 | INFO    | BAIRRO: Joá  (limite: 30 páginas)
19:24:37 | INFO    | [Joá] Página 1/30 → https://www.zapimoveis.com.br/aluguel/imoveis/rj+rio-de-janeiro+zona-oeste+joa/?ordem=MOST_RECENT
19:24:48 | INFO    | [Joá] O site informa 61 imóveis (~3 páginas).
19:24:48 | INFO    | [Joá] Página 1: 30 anúncios no HTML, 30 novos, 0 repetidos (sem condomínio: 0, sem quartos: 3).
19:24:48 | INFO    | Aguardando 5.5s (entre páginas)
19:24:54 | INFO    | [Joá] Página 2/30 → https://www.zapimoveis.com.br/aluguel/imoveis/rj+rio-de-janeiro+zona-oeste+joa/?ordem=MOST_RECENT&pagina=2
19:25:02 | INFO    | [Joá] Página 2: 30 anúncios no HTML, 30 novos, 0 repetidos (sem condomínio: 0, sem quartos: 2).
19:25:02 | INFO    | Aguardando 5.9s (entre páginas)
19:25:07 | INFO    | [Joá] Página 3/30 → https://www.zapimoveis.com.br/aluguel/imoveis/rj+rio-de-janeiro+zona-oeste+joa/?ordem=MOST_RECENT&pagina=3
19:25:12 | INFO    | [Joá] Página 3: 1 anúncios no HTML, 1 novos, 0 repetidos (sem condomínio: 0, sem quartos: 0).
19:25:12 | INFO    | Aguardando 8.9s (entre páginas)
19:25:21 | INFO    | [Joá] Página 4/30 → https://www.zapimoveis.com.br/aluguel/imoveis/rj+rio-de-janeiro+zona-oeste+joa/?ordem=MOST_RECENT&pagina=4
19:25:32 | INFO    | [Joá] Nenhum card na página 4 — fim dos resultados do bairro.
19:25:32 | INFO    | [Joá] Concluído: 61 anúncios novos coletados.
19:25:32 | INFO    | Progresso: 55/94 bairros | 10624 anúncios no total | 89 min decorridos | ~63 min restantes (estimativa).
19:25:32 | INFO    | Aguardando 11.5s (troca de bairro)
19:25:43 | INFO    | ======================================================================
19:25:43 | INFO    | BAIRRO: Magalhães Bastos  (limite: 30 páginas)
19:25:43 | INFO    | [Magalhães Bastos] Página 1/30 → https://www.zapimoveis.com.br/aluguel/imoveis/rj+rio-de-janeiro+zona-oeste+magalhaes-bastos/?ordem=MOST_RECENT
19:25:55 | INFO    | [Magalhães Bastos] O site informa 17 imóveis (~1 páginas).
19:25:55 | INFO    | [Magalhães Bastos] Página 1: 17 anúncios no HTML, 17 novos, 0 repetidos (sem condomínio: 0, sem quartos: 9).
19:25:55 | INFO    | Aguardando 5.2s (entre páginas)
19:26:00 | INFO    | [Magalhães Bastos] Página 2/30 → https://www.zapimoveis.com.br/aluguel/imoveis/rj+rio-de-janeiro+zona-oeste+magalhaes-bastos/?ordem=MOST_RECENT&pagina=2
19:26:11 | INFO    | [Magalhães Bastos] Nenhum card na página 2 — fim dos resultados do bairro.
19:26:11 | INFO    | [Magalhães Bastos] Concluído: 17 anúncios novos coletados.
19:26:11 | INFO    | Progresso: 56/94 bairros | 10641 anúncios no total | 90 min decorridos | ~61 min restantes (estimativa).
19:26:11 | INFO    | Aguardando 15.5s (troca de bairro)
19:26:26 | INFO    | ======================================================================
19:26:26 | INFO    | BAIRRO: Paciência  (limite: 30 páginas)
19:26:26 | INFO    | [Paciência] Página 1/30 → https://www.zapimoveis.com.br/aluguel/imoveis/rj+rio-de-janeiro+zona-oeste+paciencia/?ordem=MOST_RECENT
19:26:36 | INFO    | [Paciência] O site informa 20 imóveis (~1 páginas).
19:26:36 | INFO    | [Paciência] Página 1: 20 anúncios no HTML, 11 novos, 9 repetidos (sem condomínio: 0, sem quartos: 6).
19:26:36 | INFO    | Aguardando 5.6s (entre páginas)
19:26:41 | INFO    | [Paciência] Página 2/30 → https://www.zapimoveis.com.br/aluguel/imoveis/rj+rio-de-janeiro+zona-oeste+paciencia/?ordem=MOST_RECENT&pagina=2
19:27:17 | INFO    | [Paciência] Nenhum card na página 2 — fim dos resultados do bairro.
19:27:17 | INFO    | [Paciência] Concluído: 11 anúncios novos coletados.
19:27:17 | INFO    | Progresso: 57/94 bairros | 10652 anúncios no total | 91 min decorridos | ~59 min restantes (estimativa).
19:27:17 | INFO    | Aguardando 11.7s (troca de bairro)
19:27:29 | INFO    | ======================================================================
19:27:29 | INFO    | BAIRRO: Padre Miguel  (limite: 30 páginas)
19:27:29 | INFO    | [Padre Miguel] Página 1/30 → https://www.zapimoveis.com.br/aluguel/imoveis/rj+rio-de-janeiro+zona-oeste+padre-miguel/?ordem=MOST_RECENT
19:27:39 | INFO    | [Padre Miguel] O site informa 17 imóveis (~1 páginas).
19:27:39 | INFO    | [Padre Miguel] Página 1: 17 anúncios no HTML, 16 novos, 1 repetidos (sem condomínio: 0, sem quartos: 5).
19:27:39 | INFO    | Aguardando 5.3s (entre páginas)
19:27:45 | INFO    | [Padre Miguel] Página 2/30 → https://www.zapimoveis.com.br/aluguel/imoveis/rj+rio-de-janeiro+zona-oeste+padre-miguel/?ordem=MOST_RECENT&pagina=2
19:27:53 | INFO    | [Padre Miguel] Nenhum card na página 2 — fim dos resultados do bairro.
19:27:53 | INFO    | [Padre Miguel] Concluído: 16 anúncios novos coletados.
19:27:53 | INFO    | Progresso: 58/94 bairros | 10668 anúncios no total | 92 min decorridos | ~57 min restantes (estimativa).
19:27:53 | INFO    | Aguardando 19.5s (troca de bairro)
19:28:12 | INFO    | ======================================================================
19:28:12 | INFO    | BAIRRO: Pechincha  (limite: 30 páginas)
19:28:12 | INFO    | [Pechincha] Página 1/30 → https://www.zapimoveis.com.br/aluguel/imoveis/rj+rio-de-janeiro+zona-oeste+pechincha/?ordem=MOST_RECENT
19:28:24 | INFO    | [Pechincha] O site informa 249 imóveis (~9 páginas).
19:28:25 | INFO    | [Pechincha] Página 1: 30 anúncios no HTML, 27 novos, 3 repetidos (sem condomínio: 0, sem quartos: 10).
19:28:25 | INFO    | Aguardando 5.2s (entre páginas)
19:28:30 | INFO    | [Pechincha] Página 2/30 → https://www.zapimoveis.com.br/aluguel/imoveis/rj+rio-de-janeiro+zona-oeste+pechincha/?ordem=MOST_RECENT&pagina=2
19:28:50 | INFO    | [Pechincha] Página 2: 30 anúncios no HTML, 28 novos, 2 repetidos (sem condomínio: 0, sem quartos: 10).
19:28:50 | INFO    | Aguardando 8.0s (entre páginas)
19:28:58 | INFO    | [Pechincha] Página 3/30 → https://www.zapimoveis.com.br/aluguel/imoveis/rj+rio-de-janeiro+zona-oeste+pechincha/?ordem=MOST_RECENT&pagina=3
19:29:10 | INFO    | [Pechincha] Página 3: 30 anúncios no HTML, 30 novos, 0 repetidos (sem condomínio: 0, sem quartos: 7).
19:29:10 | INFO    | Aguardando 8.9s (entre páginas)
19:29:19 | INFO    | [Pechincha] Página 4/30 → https://www.zapimoveis.com.br/aluguel/imoveis/rj+rio-de-janeiro+zona-oeste+pechincha/?ordem=MOST_RECENT&pagina=4
19:29:29 | INFO    | [Pechincha] Página 4: 30 anúncios no HTML, 29 novos, 1 repetidos (sem condomínio: 0, sem quartos: 7).
19:29:29 | INFO    | Aguardando 8.2s (entre páginas)
19:29:37 | INFO    | [Pechincha] Página 5/30 → https://www.zapimoveis.com.br/aluguel/imoveis/rj+rio-de-janeiro+zona-oeste+pechincha/?ordem=MOST_RECENT&pagina=5
19:30:03 | INFO    | [Pechincha] Página 5: 30 anúncios no HTML, 28 novos, 2 repetidos (sem condomínio: 0, sem quartos: 9).
19:30:04 | INFO    | Aguardando 5.3s (entre páginas)
19:30:09 | INFO    | [Pechincha] Página 6/30 → https://www.zapimoveis.com.br/aluguel/imoveis/rj+rio-de-janeiro+zona-oeste+pechincha/?ordem=MOST_RECENT&pagina=6
19:30:18 | INFO    | [Pechincha] Página 6: 30 anúncios no HTML, 30 novos, 0 repetidos (sem condomínio: 0, sem quartos: 13).
19:30:18 | INFO    | Aguardando 5.2s (entre páginas)
19:30:23 | INFO    | [Pechincha] Página 7/30 → https://www.zapimoveis.com.br/aluguel/imoveis/rj+rio-de-janeiro+zona-oeste+pechincha/?ordem=MOST_RECENT&pagina=7
19:30:32 | INFO    | [Pechincha] Página 7: 30 anúncios no HTML, 28 novos, 2 repetidos (sem condomínio: 0, sem quartos: 14).
19:30:32 | INFO    | Aguardando 8.7s (entre páginas)
19:30:41 | INFO    | [Pechincha] Página 8/30 → https://www.zapimoveis.com.br/aluguel/imoveis/rj+rio-de-janeiro+zona-oeste+pechincha/?ordem=MOST_RECENT&pagina=8
19:30:48 | INFO    | [Pechincha] Página 8: 30 anúncios no HTML, 25 novos, 5 repetidos (sem condomínio: 0, sem quartos: 18).
19:30:48 | INFO    | Aguardando 8.2s (entre páginas)
19:30:56 | INFO    | [Pechincha] Página 9/30 → https://www.zapimoveis.com.br/aluguel/imoveis/rj+rio-de-janeiro+zona-oeste+pechincha/?ordem=MOST_RECENT&pagina=9
19:31:04 | INFO    | [Pechincha] Página 9: 9 anúncios no HTML, 9 novos, 0 repetidos (sem condomínio: 0, sem quartos: 9).
19:31:04 | INFO    | Aguardando 5.2s (entre páginas)
19:31:09 | INFO    | [Pechincha] Página 10/30 → https://www.zapimoveis.com.br/aluguel/imoveis/rj+rio-de-janeiro+zona-oeste+pechincha/?ordem=MOST_RECENT&pagina=10
19:31:21 | INFO    | [Pechincha] Nenhum card na página 10 — fim dos resultados do bairro.
19:31:21 | INFO    | [Pechincha] Concluído: 234 anúncios novos coletados.
19:31:21 | INFO    | Progresso: 59/94 bairros | 10902 anúncios no total | 95 min decorridos | ~56 min restantes (estimativa).
19:31:21 | INFO    | Aguardando 18.3s (troca de bairro)
19:31:39 | INFO    | ======================================================================
19:31:39 | INFO    | BAIRRO: Pedra de Guaratiba  (limite: 30 páginas)
19:31:39 | INFO    | [Pedra de Guaratiba] Página 1/30 → https://www.zapimoveis.com.br/aluguel/imoveis/rj+rio-de-janeiro+zona-oeste+pedra-de-guaratiba/?ordem=MOST_RECENT
19:31:54 | INFO    | [Pedra de Guaratiba] O site informa 32 imóveis (~2 páginas).
19:31:54 | INFO    | [Pedra de Guaratiba] Página 1: 30 anúncios no HTML, 29 novos, 1 repetidos (sem condomínio: 0, sem quartos: 8).
19:31:54 | INFO    | Aguardando 7.6s (entre páginas)
19:32:02 | INFO    | [Pedra de Guaratiba] Página 2/30 → https://www.zapimoveis.com.br/aluguel/imoveis/rj+rio-de-janeiro+zona-oeste+pedra-de-guaratiba/?ordem=MOST_RECENT&pagina=2
19:32:10 | INFO    | [Pedra de Guaratiba] Página 2: 2 anúncios no HTML, 2 novos, 0 repetidos (sem condomínio: 0, sem quartos: 1).
19:32:10 | INFO    | Aguardando 5.4s (entre páginas)
19:32:15 | INFO    | [Pedra de Guaratiba] Página 3/30 → https://www.zapimoveis.com.br/aluguel/imoveis/rj+rio-de-janeiro+zona-oeste+pedra-de-guaratiba/?ordem=MOST_RECENT&pagina=3
19:33:08 | INFO    | [Pedra de Guaratiba] Nenhum card na página 3 — fim dos resultados do bairro.
19:33:08 | INFO    | [Pedra de Guaratiba] Concluído: 31 anúncios novos coletados.
19:33:08 | INFO    | Progresso: 60/94 bairros | 10933 anúncios no total | 97 min decorridos | ~55 min restantes (estimativa).
19:33:08 | INFO    | Aguardando 16.8s (troca de bairro)
19:33:25 | INFO    | Reiniciando o navegador (preventivo, a cada 20 bairros).
19:33:33 | INFO    | Navegador iniciado (Chrome via undetected-chromedriver).
19:33:33 | INFO    | ======================================================================
19:33:33 | INFO    | BAIRRO: Península  (limite: 30 páginas)
19:33:33 | INFO    | [Península] Página 1/30 → https://www.zapimoveis.com.br/aluguel/imoveis/rj+rio-de-janeiro+zona-oeste+peninsula/?ordem=MOST_RECENT
19:33:48 | INFO    | [Península] O site informa 75 imóveis (~3 páginas).
19:33:49 | INFO    | [Península] Página 1: 30 anúncios no HTML, 16 novos, 14 repetidos (sem condomínio: 0, sem quartos: 0).
19:33:49 | INFO    | Aguardando 4.1s (entre páginas)
19:33:53 | INFO    | [Península] Página 2/30 → https://www.zapimoveis.com.br/aluguel/imoveis/rj+rio-de-janeiro+zona-oeste+peninsula/?ordem=MOST_RECENT&pagina=2
19:34:00 | INFO    | [Península] Página 2: 30 anúncios no HTML, 30 novos, 0 repetidos (sem condomínio: 0, sem quartos: 1).
19:34:00 | INFO    | Aguardando 4.9s (entre páginas)
19:34:05 | INFO    | [Península] Página 3/30 → https://www.zapimoveis.com.br/aluguel/imoveis/rj+rio-de-janeiro+zona-oeste+peninsula/?ordem=MOST_RECENT&pagina=3
19:34:09 | INFO    | [Península] Página 3: 15 anúncios no HTML, 14 novos, 1 repetidos (sem condomínio: 0, sem quartos: 0).
19:34:10 | INFO    | Aguardando 7.7s (entre páginas)
19:34:17 | INFO    | [Península] Página 4/30 → https://www.zapimoveis.com.br/aluguel/imoveis/rj+rio-de-janeiro+zona-oeste+peninsula/?ordem=MOST_RECENT&pagina=4
19:34:19 | INFO    | Pop-up de cookies aceito (adopt-accept-all-button).
19:34:22 | INFO    | [Península] Nenhum card na página 4 — fim dos resultados do bairro.
19:34:22 | INFO    | [Península] Concluído: 60 anúncios novos coletados.
19:34:22 | INFO    | Progresso: 61/94 bairros | 10993 anúncios no total | 98 min decorridos | ~53 min restantes (estimativa).
19:34:22 | INFO    | Aguardando 19.3s (troca de bairro)
19:34:41 | INFO    | ======================================================================
19:34:41 | INFO    | BAIRRO: Praça Seca  (limite: 30 páginas)
19:34:41 | INFO    | [Praça Seca] Página 1/30 → https://www.zapimoveis.com.br/aluguel/imoveis/rj+rio-de-janeiro+zona-oeste+pc-seca/?ordem=MOST_RECENT
19:34:46 | INFO    | [Praça Seca] O site informa 95 imóveis (~4 páginas).
19:34:47 | INFO    | [Praça Seca] Página 1: 30 anúncios no HTML, 29 novos, 1 repetidos (sem condomínio: 0, sem quartos: 2).
19:34:47 | INFO    | Aguardando 5.9s (entre páginas)
19:34:53 | INFO    | [Praça Seca] Página 2/30 → https://www.zapimoveis.com.br/aluguel/imoveis/rj+rio-de-janeiro+zona-oeste+pc-seca/?ordem=MOST_RECENT&pagina=2
19:34:59 | INFO    | [Praça Seca] Página 2: 30 anúncios no HTML, 30 novos, 0 repetidos (sem condomínio: 0, sem quartos: 5).
19:34:59 | INFO    | Aguardando 5.3s (entre páginas)
19:35:05 | INFO    | [Praça Seca] Página 3/30 → https://www.zapimoveis.com.br/aluguel/imoveis/rj+rio-de-janeiro+zona-oeste+pc-seca/?ordem=MOST_RECENT&pagina=3
19:35:10 | INFO    | [Praça Seca] Página 3: 30 anúncios no HTML, 29 novos, 1 repetidos (sem condomínio: 0, sem quartos: 6).
19:35:10 | INFO    | Aguardando 4.1s (entre páginas)
19:35:14 | INFO    | [Praça Seca] Página 4/30 → https://www.zapimoveis.com.br/aluguel/imoveis/rj+rio-de-janeiro+zona-oeste+pc-seca/?ordem=MOST_RECENT&pagina=4
19:35:19 | INFO    | [Praça Seca] Página 4: 5 anúncios no HTML, 2 novos, 3 repetidos (sem condomínio: 0, sem quartos: 0).
19:35:19 | INFO    | Aguardando 9.0s (entre páginas)
19:35:28 | INFO    | [Praça Seca] Página 5/30 → https://www.zapimoveis.com.br/aluguel/imoveis/rj+rio-de-janeiro+zona-oeste+pc-seca/?ordem=MOST_RECENT&pagina=5
19:35:32 | INFO    | [Praça Seca] Nenhum card na página 5 — fim dos resultados do bairro.
19:35:32 | INFO    | [Praça Seca] Concluído: 90 anúncios novos coletados.
19:35:32 | INFO    | Progresso: 62/94 bairros | 11083 anúncios no total | 99 min decorridos | ~51 min restantes (estimativa).
19:35:32 | INFO    | Aguardando 13.4s (troca de bairro)
19:35:46 | INFO    | ======================================================================
19:35:46 | INFO    | BAIRRO: Realengo  (limite: 30 páginas)
19:35:46 | INFO    | [Realengo] Página 1/30 → https://www.zapimoveis.com.br/aluguel/imoveis/rj+rio-de-janeiro+zona-oeste+realengo/?ordem=MOST_RECENT
19:35:51 | INFO    | [Realengo] O site informa 95 imóveis (~4 páginas).
19:35:52 | INFO    | [Realengo] Página 1: 30 anúncios no HTML, 29 novos, 1 repetidos (sem condomínio: 0, sem quartos: 11).
19:35:52 | INFO    | Aguardando 4.6s (entre páginas)
19:35:56 | INFO    | [Realengo] Página 2/30 → https://www.zapimoveis.com.br/aluguel/imoveis/rj+rio-de-janeiro+zona-oeste+realengo/?ordem=MOST_RECENT&pagina=2
19:36:02 | INFO    | [Realengo] Página 2: 30 anúncios no HTML, 30 novos, 0 repetidos (sem condomínio: 0, sem quartos: 18).
19:36:02 | INFO    | Aguardando 8.7s (entre páginas)
19:36:11 | INFO    | [Realengo] Página 3/30 → https://www.zapimoveis.com.br/aluguel/imoveis/rj+rio-de-janeiro+zona-oeste+realengo/?ordem=MOST_RECENT&pagina=3
19:36:16 | INFO    | [Realengo] Página 3: 30 anúncios no HTML, 30 novos, 0 repetidos (sem condomínio: 0, sem quartos: 15).
19:36:16 | INFO    | Aguardando 7.0s (entre páginas)
19:36:23 | INFO    | [Realengo] Página 4/30 → https://www.zapimoveis.com.br/aluguel/imoveis/rj+rio-de-janeiro+zona-oeste+realengo/?ordem=MOST_RECENT&pagina=4
19:36:28 | INFO    | [Realengo] Página 4: 5 anúncios no HTML, 5 novos, 0 repetidos (sem condomínio: 0, sem quartos: 3).
19:36:28 | INFO    | Aguardando 7.0s (entre páginas)
19:36:35 | INFO    | [Realengo] Página 5/30 → https://www.zapimoveis.com.br/aluguel/imoveis/rj+rio-de-janeiro+zona-oeste+realengo/?ordem=MOST_RECENT&pagina=5
19:36:40 | INFO    | [Realengo] Nenhum card na página 5 — fim dos resultados do bairro.
19:36:40 | INFO    | [Realengo] Concluído: 94 anúncios novos coletados.
19:36:40 | INFO    | Progresso: 63/94 bairros | 11177 anúncios no total | 100 min decorridos | ~49 min restantes (estimativa).
19:36:40 | INFO    | Aguardando 16.3s (troca de bairro)
19:36:56 | INFO    | ======================================================================
19:36:56 | INFO    | BAIRRO: Recreio dos Bandeirantes  (limite: 30 páginas)
19:36:56 | INFO    | [Recreio dos Bandeirantes] Página 1/30 → https://www.zapimoveis.com.br/aluguel/imoveis/rj+rio-de-janeiro+zona-oeste+recreio-dos-bandeirantes/?ordem=MOST_RECENT
19:37:02 | INFO    | [Recreio dos Bandeirantes] O site informa 2.192 imóveis (~74 páginas).
19:37:02 | INFO    | [Recreio dos Bandeirantes] Página 1: 30 anúncios no HTML, 28 novos, 2 repetidos (sem condomínio: 0, sem quartos: 6).
19:37:02 | INFO    | Aguardando 7.6s (entre páginas)
19:37:10 | INFO    | [Recreio dos Bandeirantes] Página 2/30 → https://www.zapimoveis.com.br/aluguel/imoveis/rj+rio-de-janeiro+zona-oeste+recreio-dos-bandeirantes/?ordem=MOST_RECENT&pagina=2
19:37:15 | INFO    | [Recreio dos Bandeirantes] Página 2: 30 anúncios no HTML, 30 novos, 0 repetidos (sem condomínio: 0, sem quartos: 3).
19:37:15 | INFO    | Aguardando 7.7s (entre páginas)
19:37:23 | INFO    | [Recreio dos Bandeirantes] Página 3/30 → https://www.zapimoveis.com.br/aluguel/imoveis/rj+rio-de-janeiro+zona-oeste+recreio-dos-bandeirantes/?ordem=MOST_RECENT&pagina=3
19:37:29 | INFO    | [Recreio dos Bandeirantes] Página 3: 30 anúncios no HTML, 30 novos, 0 repetidos (sem condomínio: 0, sem quartos: 7).
19:37:29 | INFO    | Aguardando 5.9s (entre páginas)
19:37:35 | INFO    | [Recreio dos Bandeirantes] Página 4/30 → https://www.zapimoveis.com.br/aluguel/imoveis/rj+rio-de-janeiro+zona-oeste+recreio-dos-bandeirantes/?ordem=MOST_RECENT&pagina=4
19:37:41 | INFO    | [Recreio dos Bandeirantes] Página 4: 30 anúncios no HTML, 30 novos, 0 repetidos (sem condomínio: 0, sem quartos: 3).
19:37:41 | INFO    | Aguardando 5.8s (entre páginas)
19:37:47 | INFO    | [Recreio dos Bandeirantes] Página 5/30 → https://www.zapimoveis.com.br/aluguel/imoveis/rj+rio-de-janeiro+zona-oeste+recreio-dos-bandeirantes/?ordem=MOST_RECENT&pagina=5
19:37:53 | INFO    | [Recreio dos Bandeirantes] Página 5: 30 anúncios no HTML, 29 novos, 1 repetidos (sem condomínio: 0, sem quartos: 9).
19:37:54 | INFO    | Aguardando 5.8s (entre páginas)
19:37:59 | INFO    | [Recreio dos Bandeirantes] Página 6/30 → https://www.zapimoveis.com.br/aluguel/imoveis/rj+rio-de-janeiro+zona-oeste+recreio-dos-bandeirantes/?ordem=MOST_RECENT&pagina=6
19:38:05 | INFO    | [Recreio dos Bandeirantes] Página 6: 30 anúncios no HTML, 29 novos, 1 repetidos (sem condomínio: 0, sem quartos: 6).
19:38:05 | INFO    | Aguardando 4.4s (entre páginas)
19:38:10 | INFO    | [Recreio dos Bandeirantes] Página 7/30 → https://www.zapimoveis.com.br/aluguel/imoveis/rj+rio-de-janeiro+zona-oeste+recreio-dos-bandeirantes/?ordem=MOST_RECENT&pagina=7
19:38:16 | INFO    | [Recreio dos Bandeirantes] Página 7: 30 anúncios no HTML, 28 novos, 2 repetidos (sem condomínio: 0, sem quartos: 5).
19:38:16 | INFO    | Aguardando 7.0s (entre páginas)
19:38:23 | INFO    | [Recreio dos Bandeirantes] Página 8/30 → https://www.zapimoveis.com.br/aluguel/imoveis/rj+rio-de-janeiro+zona-oeste+recreio-dos-bandeirantes/?ordem=MOST_RECENT&pagina=8
19:38:29 | INFO    | [Recreio dos Bandeirantes] Página 8: 30 anúncios no HTML, 30 novos, 0 repetidos (sem condomínio: 0, sem quartos: 1).
19:38:29 | INFO    | Aguardando 5.4s (entre páginas)
19:38:34 | INFO    | [Recreio dos Bandeirantes] Página 9/30 → https://www.zapimoveis.com.br/aluguel/imoveis/rj+rio-de-janeiro+zona-oeste+recreio-dos-bandeirantes/?ordem=MOST_RECENT&pagina=9
19:38:40 | INFO    | [Recreio dos Bandeirantes] Página 9: 30 anúncios no HTML, 29 novos, 1 repetidos (sem condomínio: 0, sem quartos: 5).
19:38:40 | INFO    | Aguardando 5.0s (entre páginas)
19:38:45 | INFO    | [Recreio dos Bandeirantes] Página 10/30 → https://www.zapimoveis.com.br/aluguel/imoveis/rj+rio-de-janeiro+zona-oeste+recreio-dos-bandeirantes/?ordem=MOST_RECENT&pagina=10
19:38:51 | INFO    | [Recreio dos Bandeirantes] Página 10: 30 anúncios no HTML, 30 novos, 0 repetidos (sem condomínio: 0, sem quartos: 7).
19:38:51 | INFO    | Aguardando 8.7s (entre páginas)
19:39:00 | INFO    | [Recreio dos Bandeirantes] Página 11/30 → https://www.zapimoveis.com.br/aluguel/imoveis/rj+rio-de-janeiro+zona-oeste+recreio-dos-bandeirantes/?ordem=MOST_RECENT&pagina=11
19:39:06 | INFO    | [Recreio dos Bandeirantes] Página 11: 30 anúncios no HTML, 30 novos, 0 repetidos (sem condomínio: 0, sem quartos: 2).
19:39:06 | INFO    | Aguardando 6.1s (entre páginas)
19:39:12 | INFO    | [Recreio dos Bandeirantes] Página 12/30 → https://www.zapimoveis.com.br/aluguel/imoveis/rj+rio-de-janeiro+zona-oeste+recreio-dos-bandeirantes/?ordem=MOST_RECENT&pagina=12
19:39:18 | INFO    | [Recreio dos Bandeirantes] Página 12: 30 anúncios no HTML, 27 novos, 3 repetidos (sem condomínio: 0, sem quartos: 6).
19:39:18 | INFO    | Aguardando 4.9s (entre páginas)
19:39:23 | INFO    | [Recreio dos Bandeirantes] Página 13/30 → https://www.zapimoveis.com.br/aluguel/imoveis/rj+rio-de-janeiro+zona-oeste+recreio-dos-bandeirantes/?ordem=MOST_RECENT&pagina=13
19:39:28 | INFO    | [Recreio dos Bandeirantes] Página 13: 30 anúncios no HTML, 29 novos, 1 repetidos (sem condomínio: 0, sem quartos: 5).
19:39:29 | INFO    | Aguardando 8.3s (entre páginas)
19:39:37 | INFO    | [Recreio dos Bandeirantes] Página 14/30 → https://www.zapimoveis.com.br/aluguel/imoveis/rj+rio-de-janeiro+zona-oeste+recreio-dos-bandeirantes/?ordem=MOST_RECENT&pagina=14
19:39:44 | INFO    | [Recreio dos Bandeirantes] Página 14: 30 anúncios no HTML, 30 novos, 0 repetidos (sem condomínio: 0, sem quartos: 10).
19:39:44 | INFO    | Aguardando 6.9s (entre páginas)
19:39:51 | INFO    | [Recreio dos Bandeirantes] Página 15/30 → https://www.zapimoveis.com.br/aluguel/imoveis/rj+rio-de-janeiro+zona-oeste+recreio-dos-bandeirantes/?ordem=MOST_RECENT&pagina=15
19:39:57 | INFO    | [Recreio dos Bandeirantes] Página 15: 30 anúncios no HTML, 30 novos, 0 repetidos (sem condomínio: 0, sem quartos: 8).
19:39:57 | INFO    | Aguardando 6.6s (entre páginas)
19:40:04 | INFO    | [Recreio dos Bandeirantes] Página 16/30 → https://www.zapimoveis.com.br/aluguel/imoveis/rj+rio-de-janeiro+zona-oeste+recreio-dos-bandeirantes/?ordem=MOST_RECENT&pagina=16
19:40:09 | INFO    | [Recreio dos Bandeirantes] Página 16: 30 anúncios no HTML, 29 novos, 1 repetidos (sem condomínio: 0, sem quartos: 13).
19:40:09 | INFO    | Aguardando 6.7s (entre páginas)
19:40:16 | INFO    | [Recreio dos Bandeirantes] Página 17/30 → https://www.zapimoveis.com.br/aluguel/imoveis/rj+rio-de-janeiro+zona-oeste+recreio-dos-bandeirantes/?ordem=MOST_RECENT&pagina=17
19:40:22 | INFO    | [Recreio dos Bandeirantes] Página 17: 30 anúncios no HTML, 30 novos, 0 repetidos (sem condomínio: 0, sem quartos: 4).
19:40:22 | INFO    | Aguardando 7.5s (entre páginas)
19:40:29 | INFO    | [Recreio dos Bandeirantes] Página 18/30 → https://www.zapimoveis.com.br/aluguel/imoveis/rj+rio-de-janeiro+zona-oeste+recreio-dos-bandeirantes/?ordem=MOST_RECENT&pagina=18
19:40:36 | INFO    | [Recreio dos Bandeirantes] Página 18: 30 anúncios no HTML, 30 novos, 0 repetidos (sem condomínio: 0, sem quartos: 6).
19:40:36 | INFO    | Aguardando 7.9s (entre páginas)
19:40:44 | INFO    | [Recreio dos Bandeirantes] Página 19/30 → https://www.zapimoveis.com.br/aluguel/imoveis/rj+rio-de-janeiro+zona-oeste+recreio-dos-bandeirantes/?ordem=MOST_RECENT&pagina=19
19:40:49 | INFO    | [Recreio dos Bandeirantes] Página 19: 30 anúncios no HTML, 30 novos, 0 repetidos (sem condomínio: 0, sem quartos: 1).
19:40:49 | INFO    | Aguardando 4.9s (entre páginas)
19:40:54 | INFO    | [Recreio dos Bandeirantes] Página 20/30 → https://www.zapimoveis.com.br/aluguel/imoveis/rj+rio-de-janeiro+zona-oeste+recreio-dos-bandeirantes/?ordem=MOST_RECENT&pagina=20
19:41:00 | INFO    | [Recreio dos Bandeirantes] Página 20: 30 anúncios no HTML, 30 novos, 0 repetidos (sem condomínio: 0, sem quartos: 3).
19:41:00 | INFO    | Aguardando 7.0s (entre páginas)
19:41:07 | INFO    | [Recreio dos Bandeirantes] Página 21/30 → https://www.zapimoveis.com.br/aluguel/imoveis/rj+rio-de-janeiro+zona-oeste+recreio-dos-bandeirantes/?ordem=MOST_RECENT&pagina=21
19:41:13 | INFO    | [Recreio dos Bandeirantes] Página 21: 30 anúncios no HTML, 30 novos, 0 repetidos (sem condomínio: 0, sem quartos: 4).
19:41:13 | INFO    | Aguardando 6.3s (entre páginas)
19:41:20 | INFO    | [Recreio dos Bandeirantes] Página 22/30 → https://www.zapimoveis.com.br/aluguel/imoveis/rj+rio-de-janeiro+zona-oeste+recreio-dos-bandeirantes/?ordem=MOST_RECENT&pagina=22
19:41:25 | INFO    | [Recreio dos Bandeirantes] Página 22: 30 anúncios no HTML, 30 novos, 0 repetidos (sem condomínio: 0, sem quartos: 5).
19:41:25 | INFO    | Aguardando 5.7s (entre páginas)
19:41:31 | INFO    | [Recreio dos Bandeirantes] Página 23/30 → https://www.zapimoveis.com.br/aluguel/imoveis/rj+rio-de-janeiro+zona-oeste+recreio-dos-bandeirantes/?ordem=MOST_RECENT&pagina=23
19:41:40 | INFO    | [Recreio dos Bandeirantes] Página 23: 30 anúncios no HTML, 30 novos, 0 repetidos (sem condomínio: 0, sem quartos: 3).
19:41:40 | INFO    | Aguardando 8.3s (entre páginas)
19:41:48 | INFO    | [Recreio dos Bandeirantes] Página 24/30 → https://www.zapimoveis.com.br/aluguel/imoveis/rj+rio-de-janeiro+zona-oeste+recreio-dos-bandeirantes/?ordem=MOST_RECENT&pagina=24
19:41:54 | INFO    | [Recreio dos Bandeirantes] Página 24: 30 anúncios no HTML, 30 novos, 0 repetidos (sem condomínio: 0, sem quartos: 7).
19:41:54 | INFO    | Aguardando 5.1s (entre páginas)
19:41:59 | INFO    | [Recreio dos Bandeirantes] Página 25/30 → https://www.zapimoveis.com.br/aluguel/imoveis/rj+rio-de-janeiro+zona-oeste+recreio-dos-bandeirantes/?ordem=MOST_RECENT&pagina=25
19:42:06 | INFO    | [Recreio dos Bandeirantes] Página 25: 30 anúncios no HTML, 30 novos, 0 repetidos (sem condomínio: 0, sem quartos: 3).
19:42:06 | INFO    | Aguardando 5.8s (entre páginas)
19:42:12 | INFO    | [Recreio dos Bandeirantes] Página 26/30 → https://www.zapimoveis.com.br/aluguel/imoveis/rj+rio-de-janeiro+zona-oeste+recreio-dos-bandeirantes/?ordem=MOST_RECENT&pagina=26
19:42:17 | INFO    | [Recreio dos Bandeirantes] Página 26: 30 anúncios no HTML, 30 novos, 0 repetidos (sem condomínio: 0, sem quartos: 13).
19:42:17 | INFO    | Aguardando 6.5s (entre páginas)
19:42:24 | INFO    | [Recreio dos Bandeirantes] Página 27/30 → https://www.zapimoveis.com.br/aluguel/imoveis/rj+rio-de-janeiro+zona-oeste+recreio-dos-bandeirantes/?ordem=MOST_RECENT&pagina=27
19:42:30 | INFO    | [Recreio dos Bandeirantes] Página 27: 30 anúncios no HTML, 30 novos, 0 repetidos (sem condomínio: 0, sem quartos: 9).
19:42:30 | INFO    | Aguardando 6.9s (entre páginas)
19:42:37 | INFO    | [Recreio dos Bandeirantes] Página 28/30 → https://www.zapimoveis.com.br/aluguel/imoveis/rj+rio-de-janeiro+zona-oeste+recreio-dos-bandeirantes/?ordem=MOST_RECENT&pagina=28
19:42:43 | INFO    | [Recreio dos Bandeirantes] Página 28: 30 anúncios no HTML, 29 novos, 1 repetidos (sem condomínio: 0, sem quartos: 6).
19:42:43 | INFO    | Aguardando 8.4s (entre páginas)
19:42:52 | INFO    | [Recreio dos Bandeirantes] Página 29/30 → https://www.zapimoveis.com.br/aluguel/imoveis/rj+rio-de-janeiro+zona-oeste+recreio-dos-bandeirantes/?ordem=MOST_RECENT&pagina=29
19:42:57 | INFO    | [Recreio dos Bandeirantes] Página 29: 30 anúncios no HTML, 30 novos, 0 repetidos (sem condomínio: 0, sem quartos: 8).
19:42:57 | INFO    | Aguardando 5.8s (entre páginas)
19:43:03 | INFO    | [Recreio dos Bandeirantes] Página 30/30 → https://www.zapimoveis.com.br/aluguel/imoveis/rj+rio-de-janeiro+zona-oeste+recreio-dos-bandeirantes/?ordem=MOST_RECENT&pagina=30
19:43:10 | INFO    | [Recreio dos Bandeirantes] Página 30: 30 anúncios no HTML, 30 novos, 0 repetidos (sem condomínio: 0, sem quartos: 9).
19:43:10 | INFO    | [Recreio dos Bandeirantes] Concluído: 887 anúncios novos coletados.
19:43:10 | INFO    | Progresso: 64/94 bairros | 12064 anúncios no total | 107 min decorridos | ~50 min restantes (estimativa).
19:43:10 | INFO    | Aguardando 16.3s (troca de bairro)
19:43:27 | INFO    | ======================================================================
19:43:27 | INFO    | BAIRRO: Santa Cruz  (limite: 30 páginas)
19:43:27 | INFO    | [Santa Cruz] Página 1/30 → https://www.zapimoveis.com.br/aluguel/imoveis/rj+rio-de-janeiro+zona-oeste+sta-cruz/?ordem=MOST_RECENT
19:43:32 | INFO    | [Santa Cruz] O site informa 89 imóveis (~3 páginas).
19:43:33 | INFO    | [Santa Cruz] Página 1: 30 anúncios no HTML, 30 novos, 0 repetidos (sem condomínio: 0, sem quartos: 11).
19:43:33 | INFO    | Aguardando 7.1s (entre páginas)
19:43:40 | INFO    | [Santa Cruz] Página 2/30 → https://www.zapimoveis.com.br/aluguel/imoveis/rj+rio-de-janeiro+zona-oeste+sta-cruz/?ordem=MOST_RECENT&pagina=2
19:43:46 | INFO    | [Santa Cruz] Página 2: 30 anúncios no HTML, 28 novos, 2 repetidos (sem condomínio: 0, sem quartos: 16).
19:43:47 | INFO    | Aguardando 7.2s (entre páginas)
19:43:54 | INFO    | [Santa Cruz] Página 3/30 → https://www.zapimoveis.com.br/aluguel/imoveis/rj+rio-de-janeiro+zona-oeste+sta-cruz/?ordem=MOST_RECENT&pagina=3
19:43:59 | INFO    | [Santa Cruz] Página 3: 29 anúncios no HTML, 29 novos, 0 repetidos (sem condomínio: 0, sem quartos: 22).
19:43:59 | INFO    | Aguardando 5.5s (entre páginas)
19:44:05 | INFO    | [Santa Cruz] Página 4/30 → https://www.zapimoveis.com.br/aluguel/imoveis/rj+rio-de-janeiro+zona-oeste+sta-cruz/?ordem=MOST_RECENT&pagina=4
19:44:10 | INFO    | [Santa Cruz] Nenhum card na página 4 — fim dos resultados do bairro.
19:44:10 | INFO    | [Santa Cruz] Concluído: 87 anúncios novos coletados.
19:44:10 | INFO    | Progresso: 65/94 bairros | 12151 anúncios no total | 108 min decorridos | ~48 min restantes (estimativa).
19:44:10 | INFO    | Aguardando 18.7s (troca de bairro)
19:44:29 | INFO    | ======================================================================
19:44:29 | INFO    | BAIRRO: Santíssimo  (limite: 30 páginas)
19:44:29 | INFO    | [Santíssimo] Página 1/30 → https://www.zapimoveis.com.br/aluguel/imoveis/rj+rio-de-janeiro+zona-oeste+santissimo/?ordem=MOST_RECENT
19:44:35 | INFO    | [Santíssimo] O site informa 25 imóveis (~1 páginas).
19:44:36 | INFO    | [Santíssimo] Página 1: 25 anúncios no HTML, 19 novos, 6 repetidos (sem condomínio: 0, sem quartos: 5).
19:44:36 | INFO    | Aguardando 8.3s (entre páginas)
19:44:44 | INFO    | [Santíssimo] Página 2/30 → https://www.zapimoveis.com.br/aluguel/imoveis/rj+rio-de-janeiro+zona-oeste+santissimo/?ordem=MOST_RECENT&pagina=2
19:44:48 | INFO    | [Santíssimo] Nenhum card na página 2 — fim dos resultados do bairro.
19:44:48 | INFO    | [Santíssimo] Concluído: 19 anúncios novos coletados.
19:44:48 | INFO    | Progresso: 66/94 bairros | 12170 anúncios no total | 109 min decorridos | ~46 min restantes (estimativa).
19:44:48 | INFO    | Aguardando 18.9s (troca de bairro)
19:45:07 | INFO    | ======================================================================
19:45:07 | INFO    | BAIRRO: Senador Camará  (limite: 30 páginas)
19:45:07 | INFO    | [Senador Camará] Página 1/30 → https://www.zapimoveis.com.br/aluguel/imoveis/rj+rio-de-janeiro+zona-oeste+senador-camara/?ordem=MOST_RECENT
19:45:10 | INFO    | [Senador Camará] O site informa 9 imóveis (~1 páginas).
19:45:11 | INFO    | [Senador Camará] Página 1: 9 anúncios no HTML, 8 novos, 1 repetidos (sem condomínio: 0, sem quartos: 3).
19:45:11 | INFO    | Aguardando 5.2s (entre páginas)
19:45:16 | INFO    | [Senador Camará] Página 2/30 → https://www.zapimoveis.com.br/aluguel/imoveis/rj+rio-de-janeiro+zona-oeste+senador-camara/?ordem=MOST_RECENT&pagina=2
19:45:19 | INFO    | [Senador Camará] Nenhum card na página 2 — fim dos resultados do bairro.
19:45:19 | INFO    | [Senador Camará] Concluído: 8 anúncios novos coletados.
19:45:19 | INFO    | Progresso: 67/94 bairros | 12178 anúncios no total | 109 min decorridos | ~44 min restantes (estimativa).
19:45:19 | INFO    | Aguardando 12.9s (troca de bairro)
19:45:32 | INFO    | ======================================================================
19:45:32 | INFO    | BAIRRO: Senador Vasconcelos  (limite: 30 páginas)
19:45:32 | INFO    | [Senador Vasconcelos] Página 1/30 → https://www.zapimoveis.com.br/aluguel/imoveis/rj+rio-de-janeiro+zona-oeste+senador-vasconcelos/?ordem=MOST_RECENT
19:45:37 | INFO    | [Senador Vasconcelos] O site informa 30 imóveis (~1 páginas).
19:45:38 | INFO    | [Senador Vasconcelos] Página 1: 30 anúncios no HTML, 29 novos, 1 repetidos (sem condomínio: 0, sem quartos: 16).
19:45:38 | INFO    | Aguardando 5.5s (entre páginas)
19:45:43 | INFO    | [Senador Vasconcelos] Página 2/30 → https://www.zapimoveis.com.br/aluguel/imoveis/rj+rio-de-janeiro+zona-oeste+senador-vasconcelos/?ordem=MOST_RECENT&pagina=2
19:45:47 | INFO    | [Senador Vasconcelos] Nenhum card na página 2 — fim dos resultados do bairro.
19:45:47 | INFO    | [Senador Vasconcelos] Concluído: 29 anúncios novos coletados.
19:45:47 | INFO    | Progresso: 68/94 bairros | 12207 anúncios no total | 110 min decorridos | ~42 min restantes (estimativa).
19:45:47 | INFO    | Aguardando 15.6s (troca de bairro)
19:46:03 | INFO    | ======================================================================
19:46:03 | INFO    | BAIRRO: Sepetiba  (limite: 30 páginas)
19:46:03 | INFO    | [Sepetiba] Página 1/30 → https://www.zapimoveis.com.br/aluguel/imoveis/rj+rio-de-janeiro+zona-oeste+sepetiba/?ordem=MOST_RECENT
19:46:06 | INFO    | [Sepetiba] O site informa 6 imóveis (~1 páginas).
19:46:07 | INFO    | [Sepetiba] Página 1: 6 anúncios no HTML, 5 novos, 1 repetidos (sem condomínio: 0, sem quartos: 2).
19:46:07 | INFO    | Aguardando 7.0s (entre páginas)
19:46:14 | INFO    | [Sepetiba] Página 2/30 → https://www.zapimoveis.com.br/aluguel/imoveis/rj+rio-de-janeiro+zona-oeste+sepetiba/?ordem=MOST_RECENT&pagina=2
19:46:16 | INFO    | [Sepetiba] Nenhum card na página 2 — fim dos resultados do bairro.
19:46:16 | INFO    | [Sepetiba] Concluído: 5 anúncios novos coletados.
19:46:16 | INFO    | Progresso: 69/94 bairros | 12212 anúncios no total | 110 min decorridos | ~40 min restantes (estimativa).
19:46:16 | INFO    | Aguardando 12.7s (troca de bairro)
19:46:29 | INFO    | ======================================================================
19:46:29 | INFO    | BAIRRO: Tanque  (limite: 30 páginas)
19:46:29 | INFO    | [Tanque] Página 1/30 → https://www.zapimoveis.com.br/aluguel/imoveis/rj+rio-de-janeiro+zona-oeste+tanque/?ordem=MOST_RECENT
19:46:35 | INFO    | [Tanque] O site informa 129 imóveis (~5 páginas).
19:46:36 | INFO    | [Tanque] Página 1: 30 anúncios no HTML, 28 novos, 2 repetidos (sem condomínio: 0, sem quartos: 13).
19:46:36 | INFO    | Aguardando 4.1s (entre páginas)
19:46:40 | INFO    | [Tanque] Página 2/30 → https://www.zapimoveis.com.br/aluguel/imoveis/rj+rio-de-janeiro+zona-oeste+tanque/?ordem=MOST_RECENT&pagina=2
19:46:48 | INFO    | [Tanque] Página 2: 30 anúncios no HTML, 29 novos, 1 repetidos (sem condomínio: 0, sem quartos: 18).
19:46:48 | INFO    | Aguardando 5.4s (entre páginas)
19:46:53 | INFO    | [Tanque] Página 3/30 → https://www.zapimoveis.com.br/aluguel/imoveis/rj+rio-de-janeiro+zona-oeste+tanque/?ordem=MOST_RECENT&pagina=3
19:47:03 | INFO    | [Tanque] Página 3: 30 anúncios no HTML, 30 novos, 0 repetidos (sem condomínio: 0, sem quartos: 19).
19:47:03 | INFO    | Aguardando 4.3s (entre páginas)
19:47:08 | INFO    | [Tanque] Página 4/30 → https://www.zapimoveis.com.br/aluguel/imoveis/rj+rio-de-janeiro+zona-oeste+tanque/?ordem=MOST_RECENT&pagina=4
19:47:19 | INFO    | [Tanque] Página 4: 30 anúncios no HTML, 29 novos, 1 repetidos (sem condomínio: 0, sem quartos: 23).
19:47:19 | INFO    | Aguardando 7.2s (entre páginas)
19:47:26 | INFO    | [Tanque] Página 5/30 → https://www.zapimoveis.com.br/aluguel/imoveis/rj+rio-de-janeiro+zona-oeste+tanque/?ordem=MOST_RECENT&pagina=5
19:47:32 | INFO    | [Tanque] Página 5: 9 anúncios no HTML, 8 novos, 1 repetidos (sem condomínio: 0, sem quartos: 6).
19:47:32 | INFO    | Aguardando 5.4s (entre páginas)
19:47:37 | INFO    | [Tanque] Página 6/30 → https://www.zapimoveis.com.br/aluguel/imoveis/rj+rio-de-janeiro+zona-oeste+tanque/?ordem=MOST_RECENT&pagina=6
19:47:42 | INFO    | [Tanque] Nenhum card na página 6 — fim dos resultados do bairro.
19:47:42 | INFO    | [Tanque] Concluído: 124 anúncios novos coletados.
19:47:42 | INFO    | Progresso: 70/94 bairros | 12336 anúncios no total | 111 min decorridos | ~38 min restantes (estimativa).
19:47:42 | INFO    | Aguardando 17.5s (troca de bairro)
19:48:00 | INFO    | ======================================================================
19:48:00 | INFO    | BAIRRO: Taquara  (limite: 30 páginas)
19:48:00 | INFO    | [Taquara] Página 1/30 → https://www.zapimoveis.com.br/aluguel/imoveis/rj+rio-de-janeiro+zona-oeste+taquara/?ordem=MOST_RECENT
19:48:07 | INFO    | [Taquara] O site informa 603 imóveis (~21 páginas).
19:48:07 | INFO    | [Taquara] Página 1: 30 anúncios no HTML, 30 novos, 0 repetidos (sem condomínio: 0, sem quartos: 13).
19:48:07 | INFO    | Aguardando 5.4s (entre páginas)
19:48:12 | INFO    | [Taquara] Página 2/30 → https://www.zapimoveis.com.br/aluguel/imoveis/rj+rio-de-janeiro+zona-oeste+taquara/?ordem=MOST_RECENT&pagina=2
19:48:25 | INFO    | [Taquara] Página 2: 30 anúncios no HTML, 30 novos, 0 repetidos (sem condomínio: 0, sem quartos: 15).
19:48:25 | INFO    | Aguardando 8.6s (entre páginas)
19:48:33 | INFO    | [Taquara] Página 3/30 → https://www.zapimoveis.com.br/aluguel/imoveis/rj+rio-de-janeiro+zona-oeste+taquara/?ordem=MOST_RECENT&pagina=3
19:48:42 | INFO    | [Taquara] Página 3: 30 anúncios no HTML, 25 novos, 5 repetidos (sem condomínio: 0, sem quartos: 7).
19:48:42 | INFO    | Aguardando 8.6s (entre páginas)
19:48:51 | INFO    | [Taquara] Página 4/30 → https://www.zapimoveis.com.br/aluguel/imoveis/rj+rio-de-janeiro+zona-oeste+taquara/?ordem=MOST_RECENT&pagina=4
19:49:00 | INFO    | [Taquara] Página 4: 30 anúncios no HTML, 28 novos, 2 repetidos (sem condomínio: 0, sem quartos: 6).
19:49:01 | INFO    | Aguardando 7.5s (entre páginas)
19:49:08 | INFO    | [Taquara] Página 5/30 → https://www.zapimoveis.com.br/aluguel/imoveis/rj+rio-de-janeiro+zona-oeste+taquara/?ordem=MOST_RECENT&pagina=5
19:49:16 | INFO    | [Taquara] Página 5: 30 anúncios no HTML, 27 novos, 3 repetidos (sem condomínio: 0, sem quartos: 7).
19:49:17 | INFO    | Aguardando 8.9s (entre páginas)
19:49:26 | INFO    | [Taquara] Página 6/30 → https://www.zapimoveis.com.br/aluguel/imoveis/rj+rio-de-janeiro+zona-oeste+taquara/?ordem=MOST_RECENT&pagina=6
19:49:31 | INFO    | [Taquara] Página 6: 30 anúncios no HTML, 28 novos, 2 repetidos (sem condomínio: 0, sem quartos: 9).
19:49:32 | INFO    | Aguardando 7.4s (entre páginas)
19:49:39 | INFO    | [Taquara] Página 7/30 → https://www.zapimoveis.com.br/aluguel/imoveis/rj+rio-de-janeiro+zona-oeste+taquara/?ordem=MOST_RECENT&pagina=7
19:49:49 | INFO    | [Taquara] Página 7: 30 anúncios no HTML, 28 novos, 2 repetidos (sem condomínio: 0, sem quartos: 13).
19:49:49 | INFO    | Aguardando 5.0s (entre páginas)
19:49:54 | INFO    | [Taquara] Página 8/30 → https://www.zapimoveis.com.br/aluguel/imoveis/rj+rio-de-janeiro+zona-oeste+taquara/?ordem=MOST_RECENT&pagina=8
19:50:05 | INFO    | [Taquara] Página 8: 30 anúncios no HTML, 28 novos, 2 repetidos (sem condomínio: 0, sem quartos: 10).
19:50:05 | INFO    | Aguardando 8.9s (entre páginas)
19:50:14 | INFO    | [Taquara] Página 9/30 → https://www.zapimoveis.com.br/aluguel/imoveis/rj+rio-de-janeiro+zona-oeste+taquara/?ordem=MOST_RECENT&pagina=9
19:50:21 | INFO    | [Taquara] Página 9: 30 anúncios no HTML, 29 novos, 1 repetidos (sem condomínio: 0, sem quartos: 15).
19:50:21 | INFO    | Aguardando 5.2s (entre páginas)
19:50:27 | INFO    | [Taquara] Página 10/30 → https://www.zapimoveis.com.br/aluguel/imoveis/rj+rio-de-janeiro+zona-oeste+taquara/?ordem=MOST_RECENT&pagina=10
19:50:34 | INFO    | [Taquara] Página 10: 30 anúncios no HTML, 26 novos, 4 repetidos (sem condomínio: 0, sem quartos: 9).
19:50:34 | INFO    | Aguardando 4.8s (entre páginas)
19:50:39 | INFO    | [Taquara] Página 11/30 → https://www.zapimoveis.com.br/aluguel/imoveis/rj+rio-de-janeiro+zona-oeste+taquara/?ordem=MOST_RECENT&pagina=11
19:50:50 | INFO    | [Taquara] Página 11: 30 anúncios no HTML, 25 novos, 5 repetidos (sem condomínio: 0, sem quartos: 7).
19:50:50 | INFO    | Aguardando 5.1s (entre páginas)
19:50:55 | INFO    | [Taquara] Página 12/30 → https://www.zapimoveis.com.br/aluguel/imoveis/rj+rio-de-janeiro+zona-oeste+taquara/?ordem=MOST_RECENT&pagina=12
19:51:06 | INFO    | [Taquara] Página 12: 30 anúncios no HTML, 28 novos, 2 repetidos (sem condomínio: 0, sem quartos: 18).
19:51:07 | INFO    | Aguardando 8.1s (entre páginas)
19:51:15 | INFO    | [Taquara] Página 13/30 → https://www.zapimoveis.com.br/aluguel/imoveis/rj+rio-de-janeiro+zona-oeste+taquara/?ordem=MOST_RECENT&pagina=13
19:51:24 | INFO    | [Taquara] Página 13: 30 anúncios no HTML, 27 novos, 3 repetidos (sem condomínio: 0, sem quartos: 14).
19:51:24 | INFO    | Aguardando 7.1s (entre páginas)
19:51:32 | INFO    | [Taquara] Página 14/30 → https://www.zapimoveis.com.br/aluguel/imoveis/rj+rio-de-janeiro+zona-oeste+taquara/?ordem=MOST_RECENT&pagina=14
19:51:41 | INFO    | [Taquara] Página 14: 30 anúncios no HTML, 29 novos, 1 repetidos (sem condomínio: 0, sem quartos: 19).
19:51:41 | INFO    | Aguardando 8.7s (entre páginas)
19:51:50 | INFO    | [Taquara] Página 15/30 → https://www.zapimoveis.com.br/aluguel/imoveis/rj+rio-de-janeiro+zona-oeste+taquara/?ordem=MOST_RECENT&pagina=15
19:52:08 | INFO    | [Taquara] Página 15: 30 anúncios no HTML, 27 novos, 3 repetidos (sem condomínio: 0, sem quartos: 20).
19:52:08 | INFO    | Aguardando 7.1s (entre páginas)
19:52:15 | INFO    | [Taquara] Página 16/30 → https://www.zapimoveis.com.br/aluguel/imoveis/rj+rio-de-janeiro+zona-oeste+taquara/?ordem=MOST_RECENT&pagina=16
19:52:26 | INFO    | [Taquara] Página 16: 30 anúncios no HTML, 26 novos, 4 repetidos (sem condomínio: 0, sem quartos: 18).
19:52:26 | INFO    | Aguardando 6.0s (entre páginas)
19:52:32 | INFO    | [Taquara] Página 17/30 → https://www.zapimoveis.com.br/aluguel/imoveis/rj+rio-de-janeiro+zona-oeste+taquara/?ordem=MOST_RECENT&pagina=17
19:52:41 | INFO    | [Taquara] Página 17: 30 anúncios no HTML, 28 novos, 2 repetidos (sem condomínio: 0, sem quartos: 23).
19:52:41 | INFO    | Aguardando 5.0s (entre páginas)
19:52:46 | INFO    | [Taquara] Página 18/30 → https://www.zapimoveis.com.br/aluguel/imoveis/rj+rio-de-janeiro+zona-oeste+taquara/?ordem=MOST_RECENT&pagina=18
19:52:54 | INFO    | [Taquara] Página 18: 30 anúncios no HTML, 28 novos, 2 repetidos (sem condomínio: 0, sem quartos: 23).
19:52:54 | INFO    | Aguardando 4.8s (entre páginas)
19:52:59 | INFO    | [Taquara] Página 19/30 → https://www.zapimoveis.com.br/aluguel/imoveis/rj+rio-de-janeiro+zona-oeste+taquara/?ordem=MOST_RECENT&pagina=19
19:53:09 | INFO    | [Taquara] Página 19: 30 anúncios no HTML, 25 novos, 5 repetidos (sem condomínio: 0, sem quartos: 19).
19:53:09 | INFO    | Aguardando 6.0s (entre páginas)
19:53:15 | INFO    | [Taquara] Página 20/30 → https://www.zapimoveis.com.br/aluguel/imoveis/rj+rio-de-janeiro+zona-oeste+taquara/?ordem=MOST_RECENT&pagina=20
19:53:25 | INFO    | [Taquara] Página 20: 30 anúncios no HTML, 24 novos, 6 repetidos (sem condomínio: 0, sem quartos: 14).
19:53:25 | INFO    | Aguardando 5.5s (entre páginas)
19:53:31 | INFO    | [Taquara] Página 21/30 → https://www.zapimoveis.com.br/aluguel/imoveis/rj+rio-de-janeiro+zona-oeste+taquara/?ordem=MOST_RECENT&pagina=21
19:53:41 | INFO    | [Taquara] Página 21: 3 anúncios no HTML, 3 novos, 0 repetidos (sem condomínio: 0, sem quartos: 1).
19:53:42 | INFO    | Aguardando 4.4s (entre páginas)
19:53:46 | INFO    | [Taquara] Página 22/30 → https://www.zapimoveis.com.br/aluguel/imoveis/rj+rio-de-janeiro+zona-oeste+taquara/?ordem=MOST_RECENT&pagina=22
19:53:58 | INFO    | [Taquara] Nenhum card na página 22 — fim dos resultados do bairro.
19:53:58 | INFO    | [Taquara] Concluído: 549 anúncios novos coletados.
19:53:58 | INFO    | Progresso: 71/94 bairros | 12885 anúncios no total | 118 min decorridos | ~38 min restantes (estimativa).
19:53:58 | INFO    | Aguardando 13.3s (troca de bairro)
19:54:11 | INFO    | ======================================================================
19:54:11 | INFO    | BAIRRO: Vargem Grande  (limite: 30 páginas)
19:54:11 | INFO    | [Vargem Grande] Página 1/30 → https://www.zapimoveis.com.br/aluguel/imoveis/rj+rio-de-janeiro+zona-oeste+vargem-grande/?ordem=MOST_RECENT
19:54:25 | INFO    | [Vargem Grande] O site informa 193 imóveis (~7 páginas).
19:54:26 | INFO    | [Vargem Grande] Página 1: 30 anúncios no HTML, 28 novos, 2 repetidos (sem condomínio: 0, sem quartos: 0).
19:54:26 | INFO    | Aguardando 6.3s (entre páginas)
19:54:32 | INFO    | [Vargem Grande] Página 2/30 → https://www.zapimoveis.com.br/aluguel/imoveis/rj+rio-de-janeiro+zona-oeste+vargem-grande/?ordem=MOST_RECENT&pagina=2
19:54:45 | INFO    | [Vargem Grande] Página 2: 30 anúncios no HTML, 28 novos, 2 repetidos (sem condomínio: 0, sem quartos: 2).
19:54:45 | INFO    | Aguardando 8.9s (entre páginas)
19:54:54 | INFO    | [Vargem Grande] Página 3/30 → https://www.zapimoveis.com.br/aluguel/imoveis/rj+rio-de-janeiro+zona-oeste+vargem-grande/?ordem=MOST_RECENT&pagina=3
19:55:04 | INFO    | [Vargem Grande] Página 3: 30 anúncios no HTML, 29 novos, 1 repetidos (sem condomínio: 0, sem quartos: 6).
19:55:04 | INFO    | Aguardando 8.9s (entre páginas)
19:55:13 | INFO    | [Vargem Grande] Página 4/30 → https://www.zapimoveis.com.br/aluguel/imoveis/rj+rio-de-janeiro+zona-oeste+vargem-grande/?ordem=MOST_RECENT&pagina=4
19:55:24 | INFO    | [Vargem Grande] Página 4: 30 anúncios no HTML, 30 novos, 0 repetidos (sem condomínio: 0, sem quartos: 11).
19:55:24 | INFO    | Aguardando 5.3s (entre páginas)
19:55:29 | INFO    | [Vargem Grande] Página 5/30 → https://www.zapimoveis.com.br/aluguel/imoveis/rj+rio-de-janeiro+zona-oeste+vargem-grande/?ordem=MOST_RECENT&pagina=5
19:55:46 | INFO    | [Vargem Grande] Página 5: 30 anúncios no HTML, 30 novos, 0 repetidos (sem condomínio: 0, sem quartos: 7).
19:55:46 | INFO    | Aguardando 4.5s (entre páginas)
19:55:50 | INFO    | [Vargem Grande] Página 6/30 → https://www.zapimoveis.com.br/aluguel/imoveis/rj+rio-de-janeiro+zona-oeste+vargem-grande/?ordem=MOST_RECENT&pagina=6
19:56:02 | INFO    | [Vargem Grande] Página 6: 30 anúncios no HTML, 29 novos, 1 repetidos (sem condomínio: 0, sem quartos: 8).
19:56:02 | INFO    | Aguardando 4.8s (entre páginas)
19:56:07 | INFO    | [Vargem Grande] Página 7/30 → https://www.zapimoveis.com.br/aluguel/imoveis/rj+rio-de-janeiro+zona-oeste+vargem-grande/?ordem=MOST_RECENT&pagina=7
19:56:17 | INFO    | [Vargem Grande] Página 7: 13 anúncios no HTML, 13 novos, 0 repetidos (sem condomínio: 0, sem quartos: 2).
19:56:17 | INFO    | Aguardando 5.5s (entre páginas)
19:56:23 | INFO    | [Vargem Grande] Página 8/30 → https://www.zapimoveis.com.br/aluguel/imoveis/rj+rio-de-janeiro+zona-oeste+vargem-grande/?ordem=MOST_RECENT&pagina=8
19:56:37 | INFO    | [Vargem Grande] Nenhum card na página 8 — fim dos resultados do bairro.
19:56:37 | INFO    | [Vargem Grande] Concluído: 187 anúncios novos coletados.
19:56:37 | INFO    | Progresso: 72/94 bairros | 13072 anúncios no total | 120 min decorridos | ~37 min restantes (estimativa).
19:56:37 | INFO    | Aguardando 15.5s (troca de bairro)
19:56:52 | INFO    | ======================================================================
19:56:52 | INFO    | BAIRRO: Vargem Pequena  (limite: 30 páginas)
19:56:52 | INFO    | [Vargem Pequena] Página 1/30 → https://www.zapimoveis.com.br/aluguel/imoveis/rj+rio-de-janeiro+zona-oeste+vargem-pequena/?ordem=MOST_RECENT
19:57:10 | INFO    | [Vargem Pequena] O site informa 232 imóveis (~8 páginas).
19:57:10 | INFO    | [Vargem Pequena] Página 1: 30 anúncios no HTML, 29 novos, 1 repetidos (sem condomínio: 0, sem quartos: 0).
19:57:11 | INFO    | Aguardando 8.2s (entre páginas)
19:57:19 | INFO    | [Vargem Pequena] Página 2/30 → https://www.zapimoveis.com.br/aluguel/imoveis/rj+rio-de-janeiro+zona-oeste+vargem-pequena/?ordem=MOST_RECENT&pagina=2
19:58:01 | INFO    | [Vargem Pequena] Página 2: 30 anúncios no HTML, 30 novos, 0 repetidos (sem condomínio: 0, sem quartos: 4).
19:58:01 | INFO    | Aguardando 7.9s (entre páginas)
19:58:09 | INFO    | [Vargem Pequena] Página 3/30 → https://www.zapimoveis.com.br/aluguel/imoveis/rj+rio-de-janeiro+zona-oeste+vargem-pequena/?ordem=MOST_RECENT&pagina=3
19:58:17 | INFO    | [Vargem Pequena] Página 3: 30 anúncios no HTML, 29 novos, 1 repetidos (sem condomínio: 0, sem quartos: 4).
19:58:17 | INFO    | Aguardando 6.5s (entre páginas)
19:58:23 | INFO    | [Vargem Pequena] Página 4/30 → https://www.zapimoveis.com.br/aluguel/imoveis/rj+rio-de-janeiro+zona-oeste+vargem-pequena/?ordem=MOST_RECENT&pagina=4
19:58:30 | INFO    | [Vargem Pequena] Página 4: 30 anúncios no HTML, 26 novos, 4 repetidos (sem condomínio: 0, sem quartos: 4).
19:58:30 | INFO    | Aguardando 8.2s (entre páginas)
19:58:39 | INFO    | [Vargem Pequena] Página 5/30 → https://www.zapimoveis.com.br/aluguel/imoveis/rj+rio-de-janeiro+zona-oeste+vargem-pequena/?ordem=MOST_RECENT&pagina=5
19:58:46 | INFO    | [Vargem Pequena] Página 5: 30 anúncios no HTML, 24 novos, 6 repetidos (sem condomínio: 0, sem quartos: 6).
19:58:46 | INFO    | Aguardando 6.9s (entre páginas)
19:58:53 | INFO    | [Vargem Pequena] Página 6/30 → https://www.zapimoveis.com.br/aluguel/imoveis/rj+rio-de-janeiro+zona-oeste+vargem-pequena/?ordem=MOST_RECENT&pagina=6
19:59:04 | INFO    | [Vargem Pequena] Página 6: 30 anúncios no HTML, 29 novos, 1 repetidos (sem condomínio: 0, sem quartos: 7).
19:59:04 | INFO    | Aguardando 7.4s (entre páginas)
19:59:11 | INFO    | [Vargem Pequena] Página 7/30 → https://www.zapimoveis.com.br/aluguel/imoveis/rj+rio-de-janeiro+zona-oeste+vargem-pequena/?ordem=MOST_RECENT&pagina=7
19:59:24 | INFO    | [Vargem Pequena] Página 7: 30 anúncios no HTML, 22 novos, 8 repetidos (sem condomínio: 0, sem quartos: 4).
19:59:24 | INFO    | Aguardando 5.5s (entre páginas)
19:59:30 | INFO    | [Vargem Pequena] Página 8/30 → https://www.zapimoveis.com.br/aluguel/imoveis/rj+rio-de-janeiro+zona-oeste+vargem-pequena/?ordem=MOST_RECENT&pagina=8
19:59:41 | INFO    | [Vargem Pequena] Página 8: 22 anúncios no HTML, 22 novos, 0 repetidos (sem condomínio: 0, sem quartos: 4).
19:59:41 | INFO    | Aguardando 8.9s (entre páginas)
19:59:50 | INFO    | [Vargem Pequena] Página 9/30 → https://www.zapimoveis.com.br/aluguel/imoveis/rj+rio-de-janeiro+zona-oeste+vargem-pequena/?ordem=MOST_RECENT&pagina=9
19:59:59 | INFO    | [Vargem Pequena] Nenhum card na página 9 — fim dos resultados do bairro.
19:59:59 | INFO    | [Vargem Pequena] Concluído: 211 anúncios novos coletados.
19:59:59 | INFO    | Progresso: 73/94 bairros | 13283 anúncios no total | 124 min decorridos | ~36 min restantes (estimativa).
19:59:59 | INFO    | Aguardando 19.6s (troca de bairro)
20:00:19 | INFO    | ======================================================================
20:00:19 | INFO    | BAIRRO: Vila Militar  (limite: 30 páginas)
20:00:19 | INFO    | [Vila Militar] Página 1/30 → https://www.zapimoveis.com.br/aluguel/imoveis/rj+rio-de-janeiro+zona-oeste+vl-militar/?ordem=MOST_RECENT
20:00:52 | INFO    | [Vila Militar] O site informa 5 imóveis (~1 páginas).
20:00:52 | INFO    | [Vila Militar] Página 1: 5 anúncios no HTML, 3 novos, 2 repetidos (sem condomínio: 0, sem quartos: 1).
20:00:53 | INFO    | Aguardando 4.5s (entre páginas)
20:00:58 | INFO    | [Vila Militar] Página 2/30 → https://www.zapimoveis.com.br/aluguel/imoveis/rj+rio-de-janeiro+zona-oeste+vl-militar/?ordem=MOST_RECENT&pagina=2
20:01:05 | INFO    | [Vila Militar] Nenhum card na página 2 — fim dos resultados do bairro.
20:01:05 | INFO    | [Vila Militar] Concluído: 3 anúncios novos coletados.
20:01:05 | INFO    | Progresso: 74/94 bairros | 13286 anúncios no total | 125 min decorridos | ~34 min restantes (estimativa).
20:01:05 | INFO    | Aguardando 19.6s (troca de bairro)
20:01:25 | INFO    | ======================================================================
20:01:25 | INFO    | BAIRRO: Arpoador  (limite: 30 páginas)
20:01:25 | INFO    | [Arpoador] Página 1/30 → https://www.zapimoveis.com.br/aluguel/imoveis/rj+rio-de-janeiro+zona-sul+arpoador/?ordem=MOST_RECENT
20:01:31 | INFO    | [Arpoador] O site informa 2 imóveis (~1 páginas).
20:01:31 | INFO    | [Arpoador] Página 1: 2 anúncios no HTML, 2 novos, 0 repetidos (sem condomínio: 0, sem quartos: 0).
20:01:31 | INFO    | Aguardando 8.5s (entre páginas)
20:01:40 | INFO    | [Arpoador] Página 2/30 → https://www.zapimoveis.com.br/aluguel/imoveis/rj+rio-de-janeiro+zona-sul+arpoador/?ordem=MOST_RECENT&pagina=2
20:01:48 | INFO    | [Arpoador] Nenhum card na página 2 — fim dos resultados do bairro.
20:01:48 | INFO    | [Arpoador] Concluído: 2 anúncios novos coletados.
20:01:48 | INFO    | Progresso: 75/94 bairros | 13288 anúncios no total | 126 min decorridos | ~32 min restantes (estimativa).
20:01:48 | INFO    | Aguardando 17.3s (troca de bairro)
20:02:05 | INFO    | ======================================================================
20:02:05 | INFO    | BAIRRO: Botafogo  (limite: 30 páginas)
20:02:05 | INFO    | [Botafogo] Página 1/30 → https://www.zapimoveis.com.br/aluguel/imoveis/rj+rio-de-janeiro+zona-sul+botafogo/?ordem=MOST_RECENT
20:02:21 | INFO    | [Botafogo] O site informa 862 imóveis (~29 páginas).
20:02:21 | INFO    | [Botafogo] Página 1: 30 anúncios no HTML, 30 novos, 0 repetidos (sem condomínio: 0, sem quartos: 6).
20:02:22 | INFO    | Aguardando 7.6s (entre páginas)
20:02:29 | INFO    | [Botafogo] Página 2/30 → https://www.zapimoveis.com.br/aluguel/imoveis/rj+rio-de-janeiro+zona-sul+botafogo/?ordem=MOST_RECENT&pagina=2
20:02:38 | INFO    | [Botafogo] Página 2: 30 anúncios no HTML, 30 novos, 0 repetidos (sem condomínio: 0, sem quartos: 6).
20:02:38 | INFO    | Aguardando 5.6s (entre páginas)
20:02:43 | INFO    | [Botafogo] Página 3/30 → https://www.zapimoveis.com.br/aluguel/imoveis/rj+rio-de-janeiro+zona-sul+botafogo/?ordem=MOST_RECENT&pagina=3
20:02:56 | INFO    | [Botafogo] Página 3: 30 anúncios no HTML, 30 novos, 0 repetidos (sem condomínio: 0, sem quartos: 6).
20:02:56 | INFO    | Aguardando 6.6s (entre páginas)
20:03:03 | INFO    | [Botafogo] Página 4/30 → https://www.zapimoveis.com.br/aluguel/imoveis/rj+rio-de-janeiro+zona-sul+botafogo/?ordem=MOST_RECENT&pagina=4
20:03:15 | INFO    | [Botafogo] Página 4: 30 anúncios no HTML, 30 novos, 0 repetidos (sem condomínio: 0, sem quartos: 10).
20:03:15 | INFO    | Aguardando 5.0s (entre páginas)
20:03:20 | INFO    | [Botafogo] Página 5/30 → https://www.zapimoveis.com.br/aluguel/imoveis/rj+rio-de-janeiro+zona-sul+botafogo/?ordem=MOST_RECENT&pagina=5
20:03:39 | INFO    | [Botafogo] Página 5: 30 anúncios no HTML, 30 novos, 0 repetidos (sem condomínio: 0, sem quartos: 13).
20:03:39 | INFO    | Aguardando 8.6s (entre páginas)
20:03:48 | INFO    | [Botafogo] Página 6/30 → https://www.zapimoveis.com.br/aluguel/imoveis/rj+rio-de-janeiro+zona-sul+botafogo/?ordem=MOST_RECENT&pagina=6
20:04:04 | INFO    | [Botafogo] Página 6: 30 anúncios no HTML, 30 novos, 0 repetidos (sem condomínio: 0, sem quartos: 10).
20:04:05 | INFO    | Aguardando 5.1s (entre páginas)
20:04:10 | INFO    | [Botafogo] Página 7/30 → https://www.zapimoveis.com.br/aluguel/imoveis/rj+rio-de-janeiro+zona-sul+botafogo/?ordem=MOST_RECENT&pagina=7
20:04:30 | INFO    | [Botafogo] Página 7: 30 anúncios no HTML, 30 novos, 0 repetidos (sem condomínio: 0, sem quartos: 13).
20:04:31 | INFO    | Aguardando 4.7s (entre páginas)
20:04:35 | INFO    | [Botafogo] Página 8/30 → https://www.zapimoveis.com.br/aluguel/imoveis/rj+rio-de-janeiro+zona-sul+botafogo/?ordem=MOST_RECENT&pagina=8
20:05:26 | INFO    | [Botafogo] Página 8: 30 anúncios no HTML, 30 novos, 0 repetidos (sem condomínio: 0, sem quartos: 14).
20:05:26 | INFO    | Aguardando 8.1s (entre páginas)
20:05:34 | INFO    | [Botafogo] Página 9/30 → https://www.zapimoveis.com.br/aluguel/imoveis/rj+rio-de-janeiro+zona-sul+botafogo/?ordem=MOST_RECENT&pagina=9
20:05:47 | INFO    | [Botafogo] Página 9: 30 anúncios no HTML, 30 novos, 0 repetidos (sem condomínio: 0, sem quartos: 14).
20:05:48 | INFO    | Aguardando 6.2s (entre páginas)
20:05:54 | INFO    | [Botafogo] Página 10/30 → https://www.zapimoveis.com.br/aluguel/imoveis/rj+rio-de-janeiro+zona-sul+botafogo/?ordem=MOST_RECENT&pagina=10
20:06:06 | INFO    | [Botafogo] Página 10: 30 anúncios no HTML, 30 novos, 0 repetidos (sem condomínio: 0, sem quartos: 20).
20:06:06 | INFO    | Aguardando 5.6s (entre páginas)
20:06:12 | INFO    | [Botafogo] Página 11/30 → https://www.zapimoveis.com.br/aluguel/imoveis/rj+rio-de-janeiro+zona-sul+botafogo/?ordem=MOST_RECENT&pagina=11
20:06:35 | INFO    | [Botafogo] Página 11: 30 anúncios no HTML, 30 novos, 0 repetidos (sem condomínio: 0, sem quartos: 20).
20:06:35 | INFO    | Aguardando 8.8s (entre páginas)
20:06:44 | INFO    | [Botafogo] Página 12/30 → https://www.zapimoveis.com.br/aluguel/imoveis/rj+rio-de-janeiro+zona-sul+botafogo/?ordem=MOST_RECENT&pagina=12
20:06:59 | INFO    | [Botafogo] Página 12: 30 anúncios no HTML, 30 novos, 0 repetidos (sem condomínio: 0, sem quartos: 10).
20:06:59 | INFO    | Aguardando 7.0s (entre páginas)
20:07:06 | INFO    | [Botafogo] Página 13/30 → https://www.zapimoveis.com.br/aluguel/imoveis/rj+rio-de-janeiro+zona-sul+botafogo/?ordem=MOST_RECENT&pagina=13
20:08:06 | INFO    | [Botafogo] Página 13: 30 anúncios no HTML, 30 novos, 0 repetidos (sem condomínio: 0, sem quartos: 29).
20:08:07 | INFO    | Aguardando 5.1s (entre páginas)
20:08:12 | INFO    | [Botafogo] Página 14/30 → https://www.zapimoveis.com.br/aluguel/imoveis/rj+rio-de-janeiro+zona-sul+botafogo/?ordem=MOST_RECENT&pagina=14
20:08:23 | INFO    | [Botafogo] Página 14: 30 anúncios no HTML, 30 novos, 0 repetidos (sem condomínio: 0, sem quartos: 22).
20:08:23 | INFO    | Aguardando 7.7s (entre páginas)
20:08:30 | INFO    | [Botafogo] Página 15/30 → https://www.zapimoveis.com.br/aluguel/imoveis/rj+rio-de-janeiro+zona-sul+botafogo/?ordem=MOST_RECENT&pagina=15
20:08:40 | INFO    | [Botafogo] Página 15: 30 anúncios no HTML, 30 novos, 0 repetidos (sem condomínio: 0, sem quartos: 22).
20:08:40 | INFO    | Aguardando 5.6s (entre páginas)
20:08:46 | INFO    | [Botafogo] Página 16/30 → https://www.zapimoveis.com.br/aluguel/imoveis/rj+rio-de-janeiro+zona-sul+botafogo/?ordem=MOST_RECENT&pagina=16
20:08:54 | INFO    | [Botafogo] Página 16: 30 anúncios no HTML, 30 novos, 0 repetidos (sem condomínio: 0, sem quartos: 20).
20:08:54 | INFO    | Aguardando 7.3s (entre páginas)
20:09:02 | INFO    | [Botafogo] Página 17/30 → https://www.zapimoveis.com.br/aluguel/imoveis/rj+rio-de-janeiro+zona-sul+botafogo/?ordem=MOST_RECENT&pagina=17
20:09:17 | INFO    | [Botafogo] Página 17: 30 anúncios no HTML, 30 novos, 0 repetidos (sem condomínio: 0, sem quartos: 21).
20:09:17 | INFO    | Aguardando 6.9s (entre páginas)
20:09:24 | INFO    | [Botafogo] Página 18/30 → https://www.zapimoveis.com.br/aluguel/imoveis/rj+rio-de-janeiro+zona-sul+botafogo/?ordem=MOST_RECENT&pagina=18
20:09:38 | INFO    | [Botafogo] Página 18: 30 anúncios no HTML, 30 novos, 0 repetidos (sem condomínio: 0, sem quartos: 25).
20:09:38 | INFO    | Aguardando 6.4s (entre páginas)
20:09:44 | INFO    | [Botafogo] Página 19/30 → https://www.zapimoveis.com.br/aluguel/imoveis/rj+rio-de-janeiro+zona-sul+botafogo/?ordem=MOST_RECENT&pagina=19
20:09:59 | INFO    | [Botafogo] Página 19: 30 anúncios no HTML, 30 novos, 0 repetidos (sem condomínio: 0, sem quartos: 21).
20:09:59 | INFO    | Aguardando 4.0s (entre páginas)
20:10:03 | INFO    | [Botafogo] Página 20/30 → https://www.zapimoveis.com.br/aluguel/imoveis/rj+rio-de-janeiro+zona-sul+botafogo/?ordem=MOST_RECENT&pagina=20
20:11:05 | INFO    | [Botafogo] Página 20: 30 anúncios no HTML, 30 novos, 0 repetidos (sem condomínio: 0, sem quartos: 25).
20:11:06 | INFO    | Aguardando 8.7s (entre páginas)
20:11:14 | INFO    | [Botafogo] Página 21/30 → https://www.zapimoveis.com.br/aluguel/imoveis/rj+rio-de-janeiro+zona-sul+botafogo/?ordem=MOST_RECENT&pagina=21
20:11:30 | INFO    | [Botafogo] Página 21: 30 anúncios no HTML, 30 novos, 0 repetidos (sem condomínio: 0, sem quartos: 27).
20:11:30 | INFO    | Aguardando 8.9s (entre páginas)
20:11:39 | INFO    | [Botafogo] Página 22/30 → https://www.zapimoveis.com.br/aluguel/imoveis/rj+rio-de-janeiro+zona-sul+botafogo/?ordem=MOST_RECENT&pagina=22
20:11:52 | INFO    | [Botafogo] Página 22: 30 anúncios no HTML, 30 novos, 0 repetidos (sem condomínio: 0, sem quartos: 29).
20:11:52 | INFO    | Aguardando 5.1s (entre páginas)
20:11:57 | INFO    | [Botafogo] Página 23/30 → https://www.zapimoveis.com.br/aluguel/imoveis/rj+rio-de-janeiro+zona-sul+botafogo/?ordem=MOST_RECENT&pagina=23
20:12:16 | INFO    | [Botafogo] Página 23: 30 anúncios no HTML, 30 novos, 0 repetidos (sem condomínio: 0, sem quartos: 19).
20:12:17 | INFO    | Aguardando 4.2s (entre páginas)
20:12:21 | INFO    | [Botafogo] Página 24/30 → https://www.zapimoveis.com.br/aluguel/imoveis/rj+rio-de-janeiro+zona-sul+botafogo/?ordem=MOST_RECENT&pagina=24
20:13:12 | INFO    | [Botafogo] Página 24: 30 anúncios no HTML, 30 novos, 0 repetidos (sem condomínio: 0, sem quartos: 26).
20:13:13 | INFO    | Aguardando 4.3s (entre páginas)
20:13:17 | INFO    | [Botafogo] Página 25/30 → https://www.zapimoveis.com.br/aluguel/imoveis/rj+rio-de-janeiro+zona-sul+botafogo/?ordem=MOST_RECENT&pagina=25
20:13:40 | INFO    | [Botafogo] Página 25: 30 anúncios no HTML, 30 novos, 0 repetidos (sem condomínio: 0, sem quartos: 18).
20:13:40 | INFO    | Aguardando 8.4s (entre páginas)
20:13:49 | INFO    | [Botafogo] Página 26/30 → https://www.zapimoveis.com.br/aluguel/imoveis/rj+rio-de-janeiro+zona-sul+botafogo/?ordem=MOST_RECENT&pagina=26
20:14:05 | INFO    | [Botafogo] Página 26: 30 anúncios no HTML, 29 novos, 1 repetidos (sem condomínio: 0, sem quartos: 18).
20:14:05 | INFO    | Aguardando 8.5s (entre páginas)
20:14:13 | INFO    | [Botafogo] Página 27/30 → https://www.zapimoveis.com.br/aluguel/imoveis/rj+rio-de-janeiro+zona-sul+botafogo/?ordem=MOST_RECENT&pagina=27
20:15:01 | INFO    | [Botafogo] Página 27: 30 anúncios no HTML, 30 novos, 0 repetidos (sem condomínio: 0, sem quartos: 22).
20:15:02 | INFO    | Aguardando 4.1s (entre páginas)
20:15:06 | INFO    | [Botafogo] Página 28/30 → https://www.zapimoveis.com.br/aluguel/imoveis/rj+rio-de-janeiro+zona-sul+botafogo/?ordem=MOST_RECENT&pagina=28
20:15:30 | INFO    | [Botafogo] Página 28: 30 anúncios no HTML, 30 novos, 0 repetidos (sem condomínio: 0, sem quartos: 21).
20:15:31 | INFO    | Aguardando 4.6s (entre páginas)
20:15:35 | INFO    | [Botafogo] Página 29/30 → https://www.zapimoveis.com.br/aluguel/imoveis/rj+rio-de-janeiro+zona-sul+botafogo/?ordem=MOST_RECENT&pagina=29
20:15:47 | INFO    | [Botafogo] Página 29: 22 anúncios no HTML, 22 novos, 0 repetidos (sem condomínio: 0, sem quartos: 13).
20:15:47 | INFO    | Aguardando 4.4s (entre páginas)
20:15:51 | INFO    | [Botafogo] Página 30/30 → https://www.zapimoveis.com.br/aluguel/imoveis/rj+rio-de-janeiro+zona-sul+botafogo/?ordem=MOST_RECENT&pagina=30
20:16:13 | INFO    | [Botafogo] Nenhum card na página 30 — fim dos resultados do bairro.
20:16:13 | INFO    | [Botafogo] Concluído: 861 anúncios novos coletados.
20:16:13 | INFO    | Progresso: 76/94 bairros | 14149 anúncios no total | 140 min decorridos | ~33 min restantes (estimativa).
20:16:13 | INFO    | Aguardando 17.8s (troca de bairro)
20:16:31 | INFO    | ======================================================================
20:16:31 | INFO    | BAIRRO: Catete  (limite: 30 páginas)
20:16:31 | INFO    | [Catete] Página 1/30 → https://www.zapimoveis.com.br/aluguel/imoveis/rj+rio-de-janeiro+zona-sul+catete/?ordem=MOST_RECENT
20:17:25 | INFO    | [Catete] O site informa 61 imóveis (~3 páginas).
20:17:26 | INFO    | [Catete] Página 1: 30 anúncios no HTML, 30 novos, 0 repetidos (sem condomínio: 0, sem quartos: 14).
20:17:27 | INFO    | Aguardando 5.8s (entre páginas)
20:17:33 | INFO    | [Catete] Página 2/30 → https://www.zapimoveis.com.br/aluguel/imoveis/rj+rio-de-janeiro+zona-sul+catete/?ordem=MOST_RECENT&pagina=2
20:18:00 | INFO    | [Catete] Página 2: 30 anúncios no HTML, 30 novos, 0 repetidos (sem condomínio: 0, sem quartos: 20).
20:18:00 | INFO    | Aguardando 8.9s (entre páginas)
20:18:09 | INFO    | [Catete] Página 3/30 → https://www.zapimoveis.com.br/aluguel/imoveis/rj+rio-de-janeiro+zona-sul+catete/?ordem=MOST_RECENT&pagina=3
20:18:17 | INFO    | [Catete] Página 3: 1 anúncios no HTML, 1 novos, 0 repetidos (sem condomínio: 0, sem quartos: 1).
20:18:17 | INFO    | Aguardando 6.7s (entre páginas)
20:18:24 | INFO    | [Catete] Página 4/30 → https://www.zapimoveis.com.br/aluguel/imoveis/rj+rio-de-janeiro+zona-sul+catete/?ordem=MOST_RECENT&pagina=4
20:18:37 | INFO    | [Catete] Nenhum card na página 4 — fim dos resultados do bairro.
20:18:37 | INFO    | [Catete] Concluído: 61 anúncios novos coletados.
20:18:37 | INFO    | Progresso: 77/94 bairros | 14210 anúncios no total | 142 min decorridos | ~31 min restantes (estimativa).
20:18:37 | INFO    | Aguardando 18.7s (troca de bairro)
20:18:55 | INFO    | ======================================================================
20:18:55 | INFO    | BAIRRO: Copacabana  (limite: 30 páginas)
20:18:55 | INFO    | [Copacabana] Página 1/30 → https://www.zapimoveis.com.br/aluguel/imoveis/rj+rio-de-janeiro+zona-sul+copacabana/?ordem=MOST_RECENT
20:19:05 | INFO    | [Copacabana] O site informa 1.123 imóveis (~38 páginas).
20:19:06 | INFO    | [Copacabana] Página 1: 30 anúncios no HTML, 30 novos, 0 repetidos (sem condomínio: 0, sem quartos: 4).
20:19:06 | INFO    | Aguardando 6.0s (entre páginas)
20:19:12 | INFO    | [Copacabana] Página 2/30 → https://www.zapimoveis.com.br/aluguel/imoveis/rj+rio-de-janeiro+zona-sul+copacabana/?ordem=MOST_RECENT&pagina=2
20:20:14 | INFO    | [Copacabana] Página 2: 30 anúncios no HTML, 30 novos, 0 repetidos (sem condomínio: 0, sem quartos: 6).
20:20:14 | INFO    | Aguardando 8.3s (entre páginas)
20:20:23 | INFO    | [Copacabana] Página 3/30 → https://www.zapimoveis.com.br/aluguel/imoveis/rj+rio-de-janeiro+zona-sul+copacabana/?ordem=MOST_RECENT&pagina=3
20:20:40 | INFO    | [Copacabana] Página 3: 30 anúncios no HTML, 30 novos, 0 repetidos (sem condomínio: 0, sem quartos: 3).
20:20:41 | INFO    | Aguardando 7.7s (entre páginas)
20:20:48 | INFO    | [Copacabana] Página 4/30 → https://www.zapimoveis.com.br/aluguel/imoveis/rj+rio-de-janeiro+zona-sul+copacabana/?ordem=MOST_RECENT&pagina=4
20:21:07 | INFO    | [Copacabana] Página 4: 30 anúncios no HTML, 30 novos, 0 repetidos (sem condomínio: 0, sem quartos: 5).
20:21:07 | INFO    | Aguardando 7.7s (entre páginas)
20:21:15 | INFO    | [Copacabana] Página 5/30 → https://www.zapimoveis.com.br/aluguel/imoveis/rj+rio-de-janeiro+zona-sul+copacabana/?ordem=MOST_RECENT&pagina=5
20:21:31 | INFO    | [Copacabana] Página 5: 30 anúncios no HTML, 30 novos, 0 repetidos (sem condomínio: 0, sem quartos: 8).
20:21:31 | INFO    | Aguardando 6.9s (entre páginas)
20:21:38 | INFO    | [Copacabana] Página 6/30 → https://www.zapimoveis.com.br/aluguel/imoveis/rj+rio-de-janeiro+zona-sul+copacabana/?ordem=MOST_RECENT&pagina=6
20:22:44 | INFO    | [Copacabana] Página 6: 30 anúncios no HTML, 30 novos, 0 repetidos (sem condomínio: 0, sem quartos: 2).
20:22:45 | INFO    | Aguardando 4.3s (entre páginas)
20:22:49 | INFO    | [Copacabana] Página 7/30 → https://www.zapimoveis.com.br/aluguel/imoveis/rj+rio-de-janeiro+zona-sul+copacabana/?ordem=MOST_RECENT&pagina=7
20:23:19 | INFO    | [Copacabana] Página 7: 30 anúncios no HTML, 30 novos, 0 repetidos (sem condomínio: 0, sem quartos: 4).
20:23:20 | INFO    | Aguardando 7.4s (entre páginas)
20:23:28 | INFO    | [Copacabana] Página 8/30 → https://www.zapimoveis.com.br/aluguel/imoveis/rj+rio-de-janeiro+zona-sul+copacabana/?ordem=MOST_RECENT&pagina=8
20:23:43 | INFO    | [Copacabana] Página 8: 30 anúncios no HTML, 30 novos, 0 repetidos (sem condomínio: 0, sem quartos: 2).
20:23:43 | INFO    | Aguardando 5.0s (entre páginas)
20:23:48 | INFO    | [Copacabana] Página 9/30 → https://www.zapimoveis.com.br/aluguel/imoveis/rj+rio-de-janeiro+zona-sul+copacabana/?ordem=MOST_RECENT&pagina=9
20:24:52 | INFO    | [Copacabana] Página 9: 30 anúncios no HTML, 30 novos, 0 repetidos (sem condomínio: 0, sem quartos: 25).
20:24:52 | INFO    | Aguardando 8.3s (entre páginas)
20:25:01 | INFO    | [Copacabana] Página 10/30 → https://www.zapimoveis.com.br/aluguel/imoveis/rj+rio-de-janeiro+zona-sul+copacabana/?ordem=MOST_RECENT&pagina=10
20:25:20 | INFO    | [Copacabana] Página 10: 30 anúncios no HTML, 30 novos, 0 repetidos (sem condomínio: 0, sem quartos: 11).
20:25:20 | INFO    | Aguardando 8.8s (entre páginas)
20:25:29 | INFO    | [Copacabana] Página 11/30 → https://www.zapimoveis.com.br/aluguel/imoveis/rj+rio-de-janeiro+zona-sul+copacabana/?ordem=MOST_RECENT&pagina=11
20:26:26 | INFO    | [Copacabana] Página 11: 30 anúncios no HTML, 30 novos, 0 repetidos (sem condomínio: 0, sem quartos: 3).
20:26:26 | INFO    | Aguardando 6.9s (entre páginas)
20:26:33 | INFO    | [Copacabana] Página 12/30 → https://www.zapimoveis.com.br/aluguel/imoveis/rj+rio-de-janeiro+zona-sul+copacabana/?ordem=MOST_RECENT&pagina=12
20:26:54 | INFO    | [Copacabana] Página 12: 30 anúncios no HTML, 30 novos, 0 repetidos (sem condomínio: 0, sem quartos: 8).
20:26:55 | INFO    | Aguardando 4.1s (entre páginas)
20:26:59 | INFO    | [Copacabana] Página 13/30 → https://www.zapimoveis.com.br/aluguel/imoveis/rj+rio-de-janeiro+zona-sul+copacabana/?ordem=MOST_RECENT&pagina=13
20:28:04 | INFO    | [Copacabana] Página 13: 30 anúncios no HTML, 30 novos, 0 repetidos (sem condomínio: 0, sem quartos: 3).
20:28:05 | INFO    | Aguardando 5.1s (entre páginas)
20:28:10 | INFO    | [Copacabana] Página 14/30 → https://www.zapimoveis.com.br/aluguel/imoveis/rj+rio-de-janeiro+zona-sul+copacabana/?ordem=MOST_RECENT&pagina=14
20:29:07 | INFO    | [Copacabana] Página 14: 30 anúncios no HTML, 29 novos, 1 repetidos (sem condomínio: 0, sem quartos: 9).
20:29:08 | INFO    | Aguardando 5.9s (entre páginas)
20:29:14 | INFO    | [Copacabana] Página 15/30 → https://www.zapimoveis.com.br/aluguel/imoveis/rj+rio-de-janeiro+zona-sul+copacabana/?ordem=MOST_RECENT&pagina=15
20:30:30 | INFO    | [Copacabana] Página 15: 30 anúncios no HTML, 30 novos, 0 repetidos (sem condomínio: 0, sem quartos: 10).
20:30:31 | INFO    | Aguardando 6.9s (entre páginas)
20:30:38 | INFO    | [Copacabana] Página 16/30 → https://www.zapimoveis.com.br/aluguel/imoveis/rj+rio-de-janeiro+zona-sul+copacabana/?ordem=MOST_RECENT&pagina=16
20:31:38 | WARNING | Timeout ao abrir a página (tentativa 1/3).
20:33:13 | INFO    | [Copacabana] Página 16: 30 anúncios no HTML, 30 novos, 0 repetidos (sem condomínio: 0, sem quartos: 5).
20:33:14 | INFO    | Aguardando 8.0s (entre páginas)
20:33:22 | INFO    | [Copacabana] Página 17/30 → https://www.zapimoveis.com.br/aluguel/imoveis/rj+rio-de-janeiro+zona-sul+copacabana/?ordem=MOST_RECENT&pagina=17
20:34:22 | WARNING | Timeout ao abrir a página (tentativa 1/3).
20:37:50 | INFO    | [Copacabana] Página 17: 30 anúncios no HTML, 30 novos, 0 repetidos (sem condomínio: 0, sem quartos: 9).
20:37:51 | INFO    | Aguardando 8.3s (entre páginas)
20:37:59 | INFO    | [Copacabana] Página 18/30 → https://www.zapimoveis.com.br/aluguel/imoveis/rj+rio-de-janeiro+zona-sul+copacabana/?ordem=MOST_RECENT&pagina=18
20:38:59 | WARNING | Timeout ao abrir a página (tentativa 1/3).
20:40:15 | WARNING | Timeout ao abrir a página (tentativa 2/3).
20:41:51 | WARNING | Timeout ao abrir a página (tentativa 3/3).
20:43:51 | WARNING | Navegador travou (timeout e o navegador não responde). Reiniciando e repetindo Copacabana (tentativa 2/3).
20:43:52 | INFO    | Reiniciando o navegador (travamento).
20:44:08 | INFO    | Navegador iniciado (Chrome via undetected-chromedriver).
20:44:08 | INFO    | Aguardando 28.8s (após reinício)
20:44:37 | INFO    | ======================================================================
20:44:37 | INFO    | BAIRRO: Copacabana  (limite: 30 páginas)
20:44:37 | INFO    | [Copacabana] Página 1/30 → https://www.zapimoveis.com.br/aluguel/imoveis/rj+rio-de-janeiro+zona-sul+copacabana/?ordem=MOST_RECENT
20:44:44 | INFO    | Pop-up de cookies aceito (adopt-accept-all-button).
20:44:51 | INFO    | [Copacabana] O site informa 1.122 imóveis (~38 páginas).
20:44:52 | INFO    | [Copacabana] Página 1: 30 anúncios no HTML, 0 novos, 30 repetidos (sem condomínio: 0, sem quartos: 0).
20:44:54 | INFO    | Aguardando 7.2s (entre páginas)
20:45:01 | INFO    | [Copacabana] Página 2/30 → https://www.zapimoveis.com.br/aluguel/imoveis/rj+rio-de-janeiro+zona-sul+copacabana/?ordem=MOST_RECENT&pagina=2
20:45:11 | INFO    | [Copacabana] Página 2: 30 anúncios no HTML, 0 novos, 30 repetidos (sem condomínio: 0, sem quartos: 0).
20:45:11 | INFO    | [Copacabana] Página 2 só trouxe anúncios já coletados — encerrando o bairro.
20:45:11 | INFO    | [Copacabana] Concluído: 0 anúncios novos coletados.
20:45:11 | INFO    | Progresso: 78/94 bairros | 14719 anúncios no total | 169 min decorridos | ~35 min restantes (estimativa).
20:45:11 | INFO    | Aguardando 19.3s (troca de bairro)
20:45:30 | INFO    | ======================================================================
20:45:30 | INFO    | BAIRRO: Cosme Velho  (limite: 30 páginas)
20:45:30 | INFO    | [Cosme Velho] Página 1/30 → https://www.zapimoveis.com.br/aluguel/imoveis/rj+rio-de-janeiro+zona-sul+cosme-velho/?ordem=MOST_RECENT
20:45:42 | INFO    | [Cosme Velho] O site informa 15 imóveis (~1 páginas).
20:45:46 | INFO    | [Cosme Velho] Página 1: 15 anúncios no HTML, 15 novos, 0 repetidos (sem condomínio: 0, sem quartos: 2).
20:45:49 | INFO    | Aguardando 8.1s (entre páginas)
20:45:57 | INFO    | [Cosme Velho] Página 2/30 → https://www.zapimoveis.com.br/aluguel/imoveis/rj+rio-de-janeiro+zona-sul+cosme-velho/?ordem=MOST_RECENT&pagina=2
20:46:03 | INFO    | [Cosme Velho] Nenhum card na página 2 — fim dos resultados do bairro.
20:46:03 | INFO    | [Cosme Velho] Concluído: 15 anúncios novos coletados.
20:46:03 | INFO    | Progresso: 79/94 bairros | 14734 anúncios no total | 170 min decorridos | ~32 min restantes (estimativa).
20:46:03 | INFO    | Aguardando 17.4s (troca de bairro)
20:46:20 | INFO    | ======================================================================
20:46:20 | INFO    | BAIRRO: Flamengo  (limite: 30 páginas)
20:46:20 | INFO    | [Flamengo] Página 1/30 → https://www.zapimoveis.com.br/aluguel/imoveis/rj+rio-de-janeiro+zona-sul+flamengo/?ordem=MOST_RECENT
20:46:27 | INFO    | [Flamengo] O site informa 235 imóveis (~8 páginas).
20:46:28 | INFO    | [Flamengo] Página 1: 30 anúncios no HTML, 29 novos, 1 repetidos (sem condomínio: 0, sem quartos: 3).
20:46:28 | INFO    | Aguardando 5.5s (entre páginas)
20:46:34 | INFO    | [Flamengo] Página 2/30 → https://www.zapimoveis.com.br/aluguel/imoveis/rj+rio-de-janeiro+zona-sul+flamengo/?ordem=MOST_RECENT&pagina=2
20:46:41 | INFO    | [Flamengo] Página 2: 30 anúncios no HTML, 28 novos, 2 repetidos (sem condomínio: 0, sem quartos: 5).
20:46:41 | INFO    | Aguardando 8.8s (entre páginas)
20:46:50 | INFO    | [Flamengo] Página 3/30 → https://www.zapimoveis.com.br/aluguel/imoveis/rj+rio-de-janeiro+zona-sul+flamengo/?ordem=MOST_RECENT&pagina=3
20:46:57 | INFO    | [Flamengo] Página 3: 30 anúncios no HTML, 27 novos, 3 repetidos (sem condomínio: 0, sem quartos: 9).
20:46:57 | INFO    | Aguardando 7.8s (entre páginas)
20:47:05 | INFO    | [Flamengo] Página 4/30 → https://www.zapimoveis.com.br/aluguel/imoveis/rj+rio-de-janeiro+zona-sul+flamengo/?ordem=MOST_RECENT&pagina=4
20:47:12 | INFO    | [Flamengo] Página 4: 30 anúncios no HTML, 29 novos, 1 repetidos (sem condomínio: 0, sem quartos: 2).
20:47:13 | INFO    | Aguardando 8.0s (entre páginas)
20:47:21 | INFO    | [Flamengo] Página 5/30 → https://www.zapimoveis.com.br/aluguel/imoveis/rj+rio-de-janeiro+zona-sul+flamengo/?ordem=MOST_RECENT&pagina=5
20:47:27 | INFO    | [Flamengo] Página 5: 30 anúncios no HTML, 29 novos, 1 repetidos (sem condomínio: 0, sem quartos: 7).
20:47:28 | INFO    | Aguardando 6.8s (entre páginas)
20:47:35 | INFO    | [Flamengo] Página 6/30 → https://www.zapimoveis.com.br/aluguel/imoveis/rj+rio-de-janeiro+zona-sul+flamengo/?ordem=MOST_RECENT&pagina=6
20:47:42 | INFO    | [Flamengo] Página 6: 30 anúncios no HTML, 30 novos, 0 repetidos (sem condomínio: 0, sem quartos: 9).
20:47:42 | INFO    | Aguardando 5.9s (entre páginas)
20:47:48 | INFO    | [Flamengo] Página 7/30 → https://www.zapimoveis.com.br/aluguel/imoveis/rj+rio-de-janeiro+zona-sul+flamengo/?ordem=MOST_RECENT&pagina=7
20:47:55 | INFO    | [Flamengo] Página 7: 30 anúncios no HTML, 30 novos, 0 repetidos (sem condomínio: 0, sem quartos: 13).
20:47:55 | INFO    | Aguardando 6.4s (entre páginas)
20:48:02 | INFO    | [Flamengo] Página 8/30 → https://www.zapimoveis.com.br/aluguel/imoveis/rj+rio-de-janeiro+zona-sul+flamengo/?ordem=MOST_RECENT&pagina=8
20:48:08 | INFO    | [Flamengo] Página 8: 25 anúncios no HTML, 22 novos, 3 repetidos (sem condomínio: 0, sem quartos: 7).
20:48:08 | INFO    | Aguardando 4.8s (entre páginas)
20:48:13 | INFO    | [Flamengo] Página 9/30 → https://www.zapimoveis.com.br/aluguel/imoveis/rj+rio-de-janeiro+zona-sul+flamengo/?ordem=MOST_RECENT&pagina=9
20:48:18 | INFO    | [Flamengo] Nenhum card na página 9 — fim dos resultados do bairro.
20:48:18 | INFO    | [Flamengo] Concluído: 224 anúncios novos coletados.
20:48:18 | INFO    | Progresso: 80/94 bairros | 14958 anúncios no total | 172 min decorridos | ~30 min restantes (estimativa).
20:48:18 | INFO    | Aguardando 17.3s (troca de bairro)
20:48:35 | INFO    | Reiniciando o navegador (preventivo, a cada 20 bairros).
20:48:43 | INFO    | Navegador iniciado (Chrome via undetected-chromedriver).
20:48:43 | INFO    | ======================================================================
20:48:43 | INFO    | BAIRRO: Gávea  (limite: 30 páginas)
20:48:43 | INFO    | [Gávea] Página 1/30 → https://www.zapimoveis.com.br/aluguel/imoveis/rj+rio-de-janeiro+zona-sul+gavea/?ordem=MOST_RECENT
20:48:48 | INFO    | Pop-up de cookies aceito (adopt-accept-all-button).
20:48:53 | INFO    | [Gávea] O site informa 116 imóveis (~4 páginas).
20:48:54 | INFO    | [Gávea] Página 1: 30 anúncios no HTML, 30 novos, 0 repetidos (sem condomínio: 0, sem quartos: 6).
20:48:54 | INFO    | Aguardando 6.6s (entre páginas)
20:49:01 | INFO    | [Gávea] Página 2/30 → https://www.zapimoveis.com.br/aluguel/imoveis/rj+rio-de-janeiro+zona-sul+gavea/?ordem=MOST_RECENT&pagina=2
20:49:08 | INFO    | [Gávea] Página 2: 30 anúncios no HTML, 30 novos, 0 repetidos (sem condomínio: 0, sem quartos: 13).
20:49:08 | INFO    | Aguardando 6.4s (entre páginas)
20:49:15 | INFO    | [Gávea] Página 3/30 → https://www.zapimoveis.com.br/aluguel/imoveis/rj+rio-de-janeiro+zona-sul+gavea/?ordem=MOST_RECENT&pagina=3
20:49:22 | INFO    | [Gávea] Página 3: 30 anúncios no HTML, 30 novos, 0 repetidos (sem condomínio: 0, sem quartos: 18).
20:49:22 | INFO    | Aguardando 5.3s (entre páginas)
20:49:27 | INFO    | [Gávea] Página 4/30 → https://www.zapimoveis.com.br/aluguel/imoveis/rj+rio-de-janeiro+zona-sul+gavea/?ordem=MOST_RECENT&pagina=4
20:49:34 | INFO    | [Gávea] Página 4: 26 anúncios no HTML, 26 novos, 0 repetidos (sem condomínio: 0, sem quartos: 16).
20:49:34 | INFO    | Aguardando 8.3s (entre páginas)
20:49:42 | INFO    | [Gávea] Página 5/30 → https://www.zapimoveis.com.br/aluguel/imoveis/rj+rio-de-janeiro+zona-sul+gavea/?ordem=MOST_RECENT&pagina=5
20:49:47 | INFO    | [Gávea] Nenhum card na página 5 — fim dos resultados do bairro.
20:49:47 | INFO    | [Gávea] Concluído: 116 anúncios novos coletados.
20:49:47 | INFO    | Progresso: 81/94 bairros | 15074 anúncios no total | 174 min decorridos | ~28 min restantes (estimativa).
20:49:47 | INFO    | Aguardando 10.8s (troca de bairro)
20:49:58 | INFO    | ======================================================================
20:49:58 | INFO    | BAIRRO: Glória  (limite: 30 páginas)
20:49:58 | INFO    | [Glória] Página 1/30 → https://www.zapimoveis.com.br/aluguel/imoveis/rj+rio-de-janeiro+zona-sul+gloria/?ordem=MOST_RECENT
20:50:05 | INFO    | [Glória] O site informa 84 imóveis (~3 páginas).
20:50:05 | INFO    | [Glória] Página 1: 30 anúncios no HTML, 30 novos, 0 repetidos (sem condomínio: 0, sem quartos: 14).
20:50:06 | INFO    | Aguardando 6.3s (entre páginas)
20:50:12 | INFO    | [Glória] Página 2/30 → https://www.zapimoveis.com.br/aluguel/imoveis/rj+rio-de-janeiro+zona-sul+gloria/?ordem=MOST_RECENT&pagina=2
20:50:18 | INFO    | [Glória] Página 2: 30 anúncios no HTML, 29 novos, 1 repetidos (sem condomínio: 0, sem quartos: 22).
20:50:19 | INFO    | Aguardando 5.3s (entre páginas)
20:50:24 | INFO    | [Glória] Página 3/30 → https://www.zapimoveis.com.br/aluguel/imoveis/rj+rio-de-janeiro+zona-sul+gloria/?ordem=MOST_RECENT&pagina=3
20:50:31 | INFO    | [Glória] Página 3: 24 anúncios no HTML, 23 novos, 1 repetidos (sem condomínio: 0, sem quartos: 18).
20:50:31 | INFO    | Aguardando 6.5s (entre páginas)
20:50:38 | INFO    | [Glória] Página 4/30 → https://www.zapimoveis.com.br/aluguel/imoveis/rj+rio-de-janeiro+zona-sul+gloria/?ordem=MOST_RECENT&pagina=4
20:50:45 | INFO    | [Glória] Nenhum card na página 4 — fim dos resultados do bairro.
20:50:45 | INFO    | [Glória] Concluído: 82 anúncios novos coletados.
20:50:45 | INFO    | Progresso: 82/94 bairros | 15156 anúncios no total | 175 min decorridos | ~26 min restantes (estimativa).
20:50:45 | INFO    | Aguardando 16.6s (troca de bairro)
20:51:02 | INFO    | ======================================================================
20:51:02 | INFO    | BAIRRO: Humaitá  (limite: 30 páginas)
20:51:02 | INFO    | [Humaitá] Página 1/30 → https://www.zapimoveis.com.br/aluguel/imoveis/rj+rio-de-janeiro+zona-sul+humaita/?ordem=MOST_RECENT
20:51:08 | INFO    | [Humaitá] O site informa 173 imóveis (~6 páginas).
20:51:09 | INFO    | [Humaitá] Página 1: 30 anúncios no HTML, 30 novos, 0 repetidos (sem condomínio: 0, sem quartos: 10).
20:51:09 | INFO    | Aguardando 5.3s (entre páginas)
20:51:15 | INFO    | [Humaitá] Página 2/30 → https://www.zapimoveis.com.br/aluguel/imoveis/rj+rio-de-janeiro+zona-sul+humaita/?ordem=MOST_RECENT&pagina=2
20:51:21 | INFO    | [Humaitá] Página 2: 30 anúncios no HTML, 30 novos, 0 repetidos (sem condomínio: 0, sem quartos: 17).
20:51:21 | INFO    | Aguardando 8.7s (entre páginas)
20:51:30 | INFO    | [Humaitá] Página 3/30 → https://www.zapimoveis.com.br/aluguel/imoveis/rj+rio-de-janeiro+zona-sul+humaita/?ordem=MOST_RECENT&pagina=3
20:51:37 | INFO    | [Humaitá] Página 3: 30 anúncios no HTML, 30 novos, 0 repetidos (sem condomínio: 0, sem quartos: 28).
20:51:37 | INFO    | Aguardando 5.2s (entre páginas)
20:51:42 | INFO    | [Humaitá] Página 4/30 → https://www.zapimoveis.com.br/aluguel/imoveis/rj+rio-de-janeiro+zona-sul+humaita/?ordem=MOST_RECENT&pagina=4
20:51:49 | INFO    | [Humaitá] Página 4: 30 anúncios no HTML, 29 novos, 1 repetidos (sem condomínio: 0, sem quartos: 24).
20:51:49 | INFO    | Aguardando 7.3s (entre páginas)
20:51:57 | INFO    | [Humaitá] Página 5/30 → https://www.zapimoveis.com.br/aluguel/imoveis/rj+rio-de-janeiro+zona-sul+humaita/?ordem=MOST_RECENT&pagina=5
20:52:04 | INFO    | [Humaitá] Página 5: 30 anúncios no HTML, 30 novos, 0 repetidos (sem condomínio: 0, sem quartos: 25).
20:52:04 | INFO    | Aguardando 5.4s (entre páginas)
20:52:09 | INFO    | [Humaitá] Página 6/30 → https://www.zapimoveis.com.br/aluguel/imoveis/rj+rio-de-janeiro+zona-sul+humaita/?ordem=MOST_RECENT&pagina=6
20:52:17 | INFO    | [Humaitá] Página 6: 23 anúncios no HTML, 21 novos, 2 repetidos (sem condomínio: 0, sem quartos: 17).
20:52:17 | INFO    | Aguardando 7.3s (entre páginas)
20:52:24 | INFO    | [Humaitá] Página 7/30 → https://www.zapimoveis.com.br/aluguel/imoveis/rj+rio-de-janeiro+zona-sul+humaita/?ordem=MOST_RECENT&pagina=7
20:52:30 | INFO    | [Humaitá] Nenhum card na página 7 — fim dos resultados do bairro.
20:52:30 | INFO    | [Humaitá] Concluído: 170 anúncios novos coletados.
20:52:30 | INFO    | Progresso: 83/94 bairros | 15326 anúncios no total | 176 min decorridos | ~23 min restantes (estimativa).
20:52:30 | INFO    | Aguardando 12.4s (troca de bairro)
20:52:42 | INFO    | ======================================================================
20:52:42 | INFO    | BAIRRO: Ipanema  (limite: 30 páginas)
20:52:42 | INFO    | [Ipanema] Página 1/30 → https://www.zapimoveis.com.br/aluguel/imoveis/rj+rio-de-janeiro+zona-sul+ipanema/?ordem=MOST_RECENT
20:52:49 | INFO    | [Ipanema] O site informa 790 imóveis (~27 páginas).
20:52:49 | INFO    | [Ipanema] Página 1: 30 anúncios no HTML, 30 novos, 0 repetidos (sem condomínio: 0, sem quartos: 5).
20:52:50 | INFO    | Aguardando 8.1s (entre páginas)
20:52:58 | INFO    | [Ipanema] Página 2/30 → https://www.zapimoveis.com.br/aluguel/imoveis/rj+rio-de-janeiro+zona-sul+ipanema/?ordem=MOST_RECENT&pagina=2
20:53:07 | INFO    | [Ipanema] Página 2: 30 anúncios no HTML, 30 novos, 0 repetidos (sem condomínio: 0, sem quartos: 5).
20:53:08 | INFO    | Aguardando 5.3s (entre páginas)
20:53:13 | INFO    | [Ipanema] Página 3/30 → https://www.zapimoveis.com.br/aluguel/imoveis/rj+rio-de-janeiro+zona-sul+ipanema/?ordem=MOST_RECENT&pagina=3
20:53:21 | INFO    | [Ipanema] Página 3: 30 anúncios no HTML, 30 novos, 0 repetidos (sem condomínio: 0, sem quartos: 1).
20:53:22 | INFO    | Aguardando 4.7s (entre páginas)
20:53:26 | INFO    | [Ipanema] Página 4/30 → https://www.zapimoveis.com.br/aluguel/imoveis/rj+rio-de-janeiro+zona-sul+ipanema/?ordem=MOST_RECENT&pagina=4
20:53:33 | INFO    | [Ipanema] Página 4: 30 anúncios no HTML, 30 novos, 0 repetidos (sem condomínio: 0, sem quartos: 3).
20:53:34 | INFO    | Aguardando 6.8s (entre páginas)
20:53:41 | INFO    | [Ipanema] Página 5/30 → https://www.zapimoveis.com.br/aluguel/imoveis/rj+rio-de-janeiro+zona-sul+ipanema/?ordem=MOST_RECENT&pagina=5
20:53:48 | INFO    | [Ipanema] Página 5: 30 anúncios no HTML, 30 novos, 0 repetidos (sem condomínio: 0, sem quartos: 5).
20:53:49 | INFO    | Aguardando 8.3s (entre páginas)
20:53:57 | INFO    | [Ipanema] Página 6/30 → https://www.zapimoveis.com.br/aluguel/imoveis/rj+rio-de-janeiro+zona-sul+ipanema/?ordem=MOST_RECENT&pagina=6
20:54:05 | INFO    | [Ipanema] Página 6: 30 anúncios no HTML, 29 novos, 1 repetidos (sem condomínio: 0, sem quartos: 13).
20:54:05 | INFO    | Aguardando 4.4s (entre páginas)
20:54:10 | INFO    | [Ipanema] Página 7/30 → https://www.zapimoveis.com.br/aluguel/imoveis/rj+rio-de-janeiro+zona-sul+ipanema/?ordem=MOST_RECENT&pagina=7
20:54:17 | INFO    | [Ipanema] Página 7: 30 anúncios no HTML, 30 novos, 0 repetidos (sem condomínio: 0, sem quartos: 6).
20:54:17 | INFO    | Aguardando 5.7s (entre páginas)
20:54:23 | INFO    | [Ipanema] Página 8/30 → https://www.zapimoveis.com.br/aluguel/imoveis/rj+rio-de-janeiro+zona-sul+ipanema/?ordem=MOST_RECENT&pagina=8
20:54:30 | INFO    | [Ipanema] Página 8: 30 anúncios no HTML, 29 novos, 1 repetidos (sem condomínio: 0, sem quartos: 2).
20:54:31 | INFO    | Aguardando 8.5s (entre páginas)
20:54:39 | INFO    | [Ipanema] Página 9/30 → https://www.zapimoveis.com.br/aluguel/imoveis/rj+rio-de-janeiro+zona-sul+ipanema/?ordem=MOST_RECENT&pagina=9
20:54:46 | INFO    | [Ipanema] Página 9: 30 anúncios no HTML, 30 novos, 0 repetidos (sem condomínio: 0, sem quartos: 3).
20:54:46 | INFO    | Aguardando 8.8s (entre páginas)
20:54:55 | INFO    | [Ipanema] Página 10/30 → https://www.zapimoveis.com.br/aluguel/imoveis/rj+rio-de-janeiro+zona-sul+ipanema/?ordem=MOST_RECENT&pagina=10
20:55:02 | INFO    | [Ipanema] Página 10: 30 anúncios no HTML, 30 novos, 0 repetidos (sem condomínio: 0, sem quartos: 12).
20:55:03 | INFO    | Aguardando 5.0s (entre páginas)
20:55:08 | INFO    | [Ipanema] Página 11/30 → https://www.zapimoveis.com.br/aluguel/imoveis/rj+rio-de-janeiro+zona-sul+ipanema/?ordem=MOST_RECENT&pagina=11
20:55:15 | INFO    | [Ipanema] Página 11: 30 anúncios no HTML, 30 novos, 0 repetidos (sem condomínio: 0, sem quartos: 5).
20:55:15 | INFO    | Aguardando 7.4s (entre páginas)
20:55:23 | INFO    | [Ipanema] Página 12/30 → https://www.zapimoveis.com.br/aluguel/imoveis/rj+rio-de-janeiro+zona-sul+ipanema/?ordem=MOST_RECENT&pagina=12
20:55:31 | INFO    | [Ipanema] Página 12: 30 anúncios no HTML, 30 novos, 0 repetidos (sem condomínio: 0, sem quartos: 1).
20:55:31 | INFO    | Aguardando 7.4s (entre páginas)
20:55:39 | INFO    | [Ipanema] Página 13/30 → https://www.zapimoveis.com.br/aluguel/imoveis/rj+rio-de-janeiro+zona-sul+ipanema/?ordem=MOST_RECENT&pagina=13
20:55:47 | INFO    | [Ipanema] Página 13: 30 anúncios no HTML, 30 novos, 0 repetidos (sem condomínio: 0, sem quartos: 2).
20:55:47 | INFO    | Aguardando 5.4s (entre páginas)
20:55:53 | INFO    | [Ipanema] Página 14/30 → https://www.zapimoveis.com.br/aluguel/imoveis/rj+rio-de-janeiro+zona-sul+ipanema/?ordem=MOST_RECENT&pagina=14
20:55:59 | INFO    | [Ipanema] Página 14: 30 anúncios no HTML, 30 novos, 0 repetidos (sem condomínio: 0, sem quartos: 14).
20:56:00 | INFO    | Aguardando 4.1s (entre páginas)
20:56:04 | INFO    | [Ipanema] Página 15/30 → https://www.zapimoveis.com.br/aluguel/imoveis/rj+rio-de-janeiro+zona-sul+ipanema/?ordem=MOST_RECENT&pagina=15
20:56:12 | INFO    | [Ipanema] Página 15: 30 anúncios no HTML, 30 novos, 0 repetidos (sem condomínio: 0, sem quartos: 6).
20:56:12 | INFO    | Aguardando 4.3s (entre páginas)
20:56:17 | INFO    | [Ipanema] Página 16/30 → https://www.zapimoveis.com.br/aluguel/imoveis/rj+rio-de-janeiro+zona-sul+ipanema/?ordem=MOST_RECENT&pagina=16
20:56:24 | INFO    | [Ipanema] Página 16: 30 anúncios no HTML, 30 novos, 0 repetidos (sem condomínio: 0, sem quartos: 4).
20:56:24 | INFO    | Aguardando 6.9s (entre páginas)
20:56:31 | INFO    | [Ipanema] Página 17/30 → https://www.zapimoveis.com.br/aluguel/imoveis/rj+rio-de-janeiro+zona-sul+ipanema/?ordem=MOST_RECENT&pagina=17
20:56:39 | INFO    | [Ipanema] Página 17: 30 anúncios no HTML, 30 novos, 0 repetidos (sem condomínio: 0, sem quartos: 9).
20:56:40 | INFO    | Aguardando 7.6s (entre páginas)
20:56:47 | INFO    | [Ipanema] Página 18/30 → https://www.zapimoveis.com.br/aluguel/imoveis/rj+rio-de-janeiro+zona-sul+ipanema/?ordem=MOST_RECENT&pagina=18
20:56:55 | INFO    | [Ipanema] Página 18: 30 anúncios no HTML, 30 novos, 0 repetidos (sem condomínio: 0, sem quartos: 9).
20:56:56 | INFO    | Aguardando 6.2s (entre páginas)
20:57:02 | INFO    | [Ipanema] Página 19/30 → https://www.zapimoveis.com.br/aluguel/imoveis/rj+rio-de-janeiro+zona-sul+ipanema/?ordem=MOST_RECENT&pagina=19
20:57:09 | INFO    | [Ipanema] Página 19: 30 anúncios no HTML, 30 novos, 0 repetidos (sem condomínio: 0, sem quartos: 10).
20:57:10 | INFO    | Aguardando 4.3s (entre páginas)
20:57:14 | INFO    | [Ipanema] Página 20/30 → https://www.zapimoveis.com.br/aluguel/imoveis/rj+rio-de-janeiro+zona-sul+ipanema/?ordem=MOST_RECENT&pagina=20
20:57:22 | INFO    | [Ipanema] Página 20: 30 anúncios no HTML, 30 novos, 0 repetidos (sem condomínio: 0, sem quartos: 8).
20:57:22 | INFO    | Aguardando 8.8s (entre páginas)
20:57:31 | INFO    | [Ipanema] Página 21/30 → https://www.zapimoveis.com.br/aluguel/imoveis/rj+rio-de-janeiro+zona-sul+ipanema/?ordem=MOST_RECENT&pagina=21
20:57:38 | INFO    | [Ipanema] Página 21: 30 anúncios no HTML, 30 novos, 0 repetidos (sem condomínio: 0, sem quartos: 12).
20:57:39 | INFO    | Aguardando 4.8s (entre páginas)
20:57:44 | INFO    | [Ipanema] Página 22/30 → https://www.zapimoveis.com.br/aluguel/imoveis/rj+rio-de-janeiro+zona-sul+ipanema/?ordem=MOST_RECENT&pagina=22
20:57:53 | INFO    | [Ipanema] Página 22: 30 anúncios no HTML, 30 novos, 0 repetidos (sem condomínio: 0, sem quartos: 4).
20:57:53 | INFO    | Aguardando 5.7s (entre páginas)
20:57:59 | INFO    | [Ipanema] Página 23/30 → https://www.zapimoveis.com.br/aluguel/imoveis/rj+rio-de-janeiro+zona-sul+ipanema/?ordem=MOST_RECENT&pagina=23
20:58:07 | INFO    | [Ipanema] Página 23: 30 anúncios no HTML, 30 novos, 0 repetidos (sem condomínio: 0, sem quartos: 3).
20:58:08 | INFO    | Aguardando 7.5s (entre páginas)
20:58:15 | INFO    | [Ipanema] Página 24/30 → https://www.zapimoveis.com.br/aluguel/imoveis/rj+rio-de-janeiro+zona-sul+ipanema/?ordem=MOST_RECENT&pagina=24
20:58:23 | INFO    | [Ipanema] Página 24: 30 anúncios no HTML, 30 novos, 0 repetidos (sem condomínio: 0, sem quartos: 5).
20:58:24 | INFO    | Aguardando 6.2s (entre páginas)
20:58:30 | INFO    | [Ipanema] Página 25/30 → https://www.zapimoveis.com.br/aluguel/imoveis/rj+rio-de-janeiro+zona-sul+ipanema/?ordem=MOST_RECENT&pagina=25
20:58:38 | INFO    | [Ipanema] Página 25: 30 anúncios no HTML, 29 novos, 1 repetidos (sem condomínio: 0, sem quartos: 3).
20:58:38 | INFO    | Aguardando 4.8s (entre páginas)
20:58:43 | INFO    | [Ipanema] Página 26/30 → https://www.zapimoveis.com.br/aluguel/imoveis/rj+rio-de-janeiro+zona-sul+ipanema/?ordem=MOST_RECENT&pagina=26
20:58:52 | INFO    | [Ipanema] Página 26: 30 anúncios no HTML, 30 novos, 0 repetidos (sem condomínio: 0, sem quartos: 2).
20:58:53 | INFO    | Aguardando 5.2s (entre páginas)
20:58:58 | INFO    | [Ipanema] Página 27/30 → https://www.zapimoveis.com.br/aluguel/imoveis/rj+rio-de-janeiro+zona-sul+ipanema/?ordem=MOST_RECENT&pagina=27
20:59:06 | INFO    | [Ipanema] Página 27: 10 anúncios no HTML, 10 novos, 0 repetidos (sem condomínio: 0, sem quartos: 0).
20:59:06 | INFO    | Aguardando 8.5s (entre páginas)
20:59:15 | INFO    | [Ipanema] Página 28/30 → https://www.zapimoveis.com.br/aluguel/imoveis/rj+rio-de-janeiro+zona-sul+ipanema/?ordem=MOST_RECENT&pagina=28
20:59:22 | INFO    | [Ipanema] Nenhum card na página 28 — fim dos resultados do bairro.
20:59:22 | INFO    | [Ipanema] Concluído: 787 anúncios novos coletados.
20:59:22 | INFO    | Progresso: 84/94 bairros | 16113 anúncios no total | 183 min decorridos | ~22 min restantes (estimativa).
20:59:22 | INFO    | Aguardando 15.3s (troca de bairro)
20:59:37 | INFO    | ======================================================================
20:59:37 | INFO    | BAIRRO: Jardim Botânico  (limite: 30 páginas)
20:59:37 | INFO    | [Jardim Botânico] Página 1/30 → https://www.zapimoveis.com.br/aluguel/imoveis/rj+rio-de-janeiro+zona-sul+jd-botanico/?ordem=MOST_RECENT
20:59:44 | INFO    | [Jardim Botânico] O site informa 154 imóveis (~6 páginas).
20:59:45 | INFO    | [Jardim Botânico] Página 1: 30 anúncios no HTML, 30 novos, 0 repetidos (sem condomínio: 0, sem quartos: 6).
20:59:46 | INFO    | Aguardando 6.9s (entre páginas)
20:59:53 | INFO    | [Jardim Botânico] Página 2/30 → https://www.zapimoveis.com.br/aluguel/imoveis/rj+rio-de-janeiro+zona-sul+jd-botanico/?ordem=MOST_RECENT&pagina=2
21:00:00 | INFO    | [Jardim Botânico] Página 2: 30 anúncios no HTML, 30 novos, 0 repetidos (sem condomínio: 0, sem quartos: 13).
21:00:01 | INFO    | Aguardando 8.4s (entre páginas)
21:00:09 | INFO    | [Jardim Botânico] Página 3/30 → https://www.zapimoveis.com.br/aluguel/imoveis/rj+rio-de-janeiro+zona-sul+jd-botanico/?ordem=MOST_RECENT&pagina=3
21:00:19 | INFO    | [Jardim Botânico] Página 3: 30 anúncios no HTML, 29 novos, 1 repetidos (sem condomínio: 0, sem quartos: 10).
21:00:19 | INFO    | Aguardando 7.9s (entre páginas)
21:00:27 | INFO    | [Jardim Botânico] Página 4/30 → https://www.zapimoveis.com.br/aluguel/imoveis/rj+rio-de-janeiro+zona-sul+jd-botanico/?ordem=MOST_RECENT&pagina=4
21:00:35 | INFO    | [Jardim Botânico] Página 4: 30 anúncios no HTML, 29 novos, 1 repetidos (sem condomínio: 0, sem quartos: 9).
21:00:35 | INFO    | Aguardando 4.6s (entre páginas)
21:00:40 | INFO    | [Jardim Botânico] Página 5/30 → https://www.zapimoveis.com.br/aluguel/imoveis/rj+rio-de-janeiro+zona-sul+jd-botanico/?ordem=MOST_RECENT&pagina=5
21:00:52 | INFO    | [Jardim Botânico] Página 5: 30 anúncios no HTML, 30 novos, 0 repetidos (sem condomínio: 0, sem quartos: 12).
21:00:52 | INFO    | Aguardando 8.9s (entre páginas)
21:01:01 | INFO    | [Jardim Botânico] Página 6/30 → https://www.zapimoveis.com.br/aluguel/imoveis/rj+rio-de-janeiro+zona-sul+jd-botanico/?ordem=MOST_RECENT&pagina=6
21:01:07 | INFO    | [Jardim Botânico] Página 6: 4 anúncios no HTML, 4 novos, 0 repetidos (sem condomínio: 0, sem quartos: 0).
21:01:07 | INFO    | Aguardando 7.2s (entre páginas)
21:01:14 | INFO    | [Jardim Botânico] Página 7/30 → https://www.zapimoveis.com.br/aluguel/imoveis/rj+rio-de-janeiro+zona-sul+jd-botanico/?ordem=MOST_RECENT&pagina=7
21:01:20 | INFO    | [Jardim Botânico] Nenhum card na página 7 — fim dos resultados do bairro.
21:01:20 | INFO    | [Jardim Botânico] Concluído: 152 anúncios novos coletados.
21:01:20 | INFO    | Progresso: 85/94 bairros | 16265 anúncios no total | 185 min decorridos | ~20 min restantes (estimativa).
21:01:20 | INFO    | Aguardando 12.8s (troca de bairro)
21:01:33 | INFO    | ======================================================================
21:01:33 | INFO    | BAIRRO: Lagoa  (limite: 30 páginas)
21:01:33 | INFO    | [Lagoa] Página 1/30 → https://www.zapimoveis.com.br/aluguel/imoveis/rj+rio-de-janeiro+zona-sul+lagoa/?ordem=MOST_RECENT
21:01:41 | INFO    | [Lagoa] O site informa 188 imóveis (~7 páginas).
21:01:41 | INFO    | [Lagoa] Página 1: 30 anúncios no HTML, 27 novos, 3 repetidos (sem condomínio: 0, sem quartos: 0).
21:01:42 | INFO    | Aguardando 8.4s (entre páginas)
21:01:50 | INFO    | [Lagoa] Página 2/30 → https://www.zapimoveis.com.br/aluguel/imoveis/rj+rio-de-janeiro+zona-sul+lagoa/?ordem=MOST_RECENT&pagina=2
21:02:00 | INFO    | [Lagoa] Página 2: 30 anúncios no HTML, 28 novos, 2 repetidos (sem condomínio: 0, sem quartos: 0).
21:02:01 | INFO    | Aguardando 5.0s (entre páginas)
21:02:06 | INFO    | [Lagoa] Página 3/30 → https://www.zapimoveis.com.br/aluguel/imoveis/rj+rio-de-janeiro+zona-sul+lagoa/?ordem=MOST_RECENT&pagina=3
21:02:13 | INFO    | [Lagoa] Página 3: 30 anúncios no HTML, 24 novos, 6 repetidos (sem condomínio: 0, sem quartos: 1).
21:02:13 | INFO    | Aguardando 6.4s (entre páginas)
21:02:20 | INFO    | [Lagoa] Página 4/30 → https://www.zapimoveis.com.br/aluguel/imoveis/rj+rio-de-janeiro+zona-sul+lagoa/?ordem=MOST_RECENT&pagina=4
21:02:28 | INFO    | [Lagoa] Página 4: 30 anúncios no HTML, 28 novos, 2 repetidos (sem condomínio: 0, sem quartos: 1).
21:02:28 | INFO    | Aguardando 7.4s (entre páginas)
21:02:35 | INFO    | [Lagoa] Página 5/30 → https://www.zapimoveis.com.br/aluguel/imoveis/rj+rio-de-janeiro+zona-sul+lagoa/?ordem=MOST_RECENT&pagina=5
21:02:49 | INFO    | [Lagoa] Página 5: 30 anúncios no HTML, 29 novos, 1 repetidos (sem condomínio: 0, sem quartos: 0).
21:02:49 | INFO    | Aguardando 6.1s (entre páginas)
21:02:55 | INFO    | [Lagoa] Página 6/30 → https://www.zapimoveis.com.br/aluguel/imoveis/rj+rio-de-janeiro+zona-sul+lagoa/?ordem=MOST_RECENT&pagina=6
21:03:07 | INFO    | [Lagoa] Página 6: 30 anúncios no HTML, 29 novos, 1 repetidos (sem condomínio: 0, sem quartos: 0).
21:03:07 | INFO    | Aguardando 5.2s (entre páginas)
21:03:12 | INFO    | [Lagoa] Página 7/30 → https://www.zapimoveis.com.br/aluguel/imoveis/rj+rio-de-janeiro+zona-sul+lagoa/?ordem=MOST_RECENT&pagina=7
21:03:25 | INFO    | [Lagoa] Página 7: 8 anúncios no HTML, 7 novos, 1 repetidos (sem condomínio: 0, sem quartos: 0).
21:03:25 | INFO    | Aguardando 8.2s (entre páginas)
21:03:33 | INFO    | [Lagoa] Página 8/30 → https://www.zapimoveis.com.br/aluguel/imoveis/rj+rio-de-janeiro+zona-sul+lagoa/?ordem=MOST_RECENT&pagina=8
21:03:40 | INFO    | [Lagoa] Nenhum card na página 8 — fim dos resultados do bairro.
21:03:40 | INFO    | [Lagoa] Concluído: 172 anúncios novos coletados.
21:03:40 | INFO    | Progresso: 86/94 bairros | 16437 anúncios no total | 187 min decorridos | ~17 min restantes (estimativa).
21:03:40 | INFO    | Aguardando 16.7s (troca de bairro)
21:03:57 | INFO    | ======================================================================
21:03:57 | INFO    | BAIRRO: Laranjeiras  (limite: 30 páginas)
21:03:57 | INFO    | [Laranjeiras] Página 1/30 → https://www.zapimoveis.com.br/aluguel/imoveis/rj+rio-de-janeiro+zona-sul+laranjeiras/?ordem=MOST_RECENT
21:04:05 | INFO    | [Laranjeiras] O site informa 112 imóveis (~4 páginas).
21:04:05 | INFO    | [Laranjeiras] Página 1: 30 anúncios no HTML, 30 novos, 0 repetidos (sem condomínio: 0, sem quartos: 6).
21:04:05 | INFO    | Aguardando 8.8s (entre páginas)
21:04:14 | INFO    | [Laranjeiras] Página 2/30 → https://www.zapimoveis.com.br/aluguel/imoveis/rj+rio-de-janeiro+zona-sul+laranjeiras/?ordem=MOST_RECENT&pagina=2
21:04:25 | INFO    | [Laranjeiras] Página 2: 30 anúncios no HTML, 30 novos, 0 repetidos (sem condomínio: 0, sem quartos: 7).
21:04:25 | INFO    | Aguardando 7.7s (entre páginas)
21:04:32 | INFO    | [Laranjeiras] Página 3/30 → https://www.zapimoveis.com.br/aluguel/imoveis/rj+rio-de-janeiro+zona-sul+laranjeiras/?ordem=MOST_RECENT&pagina=3
21:04:48 | INFO    | [Laranjeiras] Página 3: 30 anúncios no HTML, 29 novos, 1 repetidos (sem condomínio: 0, sem quartos: 20).
21:04:48 | INFO    | Aguardando 5.3s (entre páginas)
21:04:53 | INFO    | [Laranjeiras] Página 4/30 → https://www.zapimoveis.com.br/aluguel/imoveis/rj+rio-de-janeiro+zona-sul+laranjeiras/?ordem=MOST_RECENT&pagina=4
21:05:02 | INFO    | [Laranjeiras] Página 4: 22 anúncios no HTML, 22 novos, 0 repetidos (sem condomínio: 0, sem quartos: 13).
21:05:02 | INFO    | Aguardando 4.6s (entre páginas)
21:05:07 | INFO    | [Laranjeiras] Página 5/30 → https://www.zapimoveis.com.br/aluguel/imoveis/rj+rio-de-janeiro+zona-sul+laranjeiras/?ordem=MOST_RECENT&pagina=5
21:05:19 | INFO    | [Laranjeiras] Nenhum card na página 5 — fim dos resultados do bairro.
21:05:19 | INFO    | [Laranjeiras] Concluído: 111 anúncios novos coletados.
21:05:19 | INFO    | Progresso: 87/94 bairros | 16548 anúncios no total | 189 min decorridos | ~15 min restantes (estimativa).
21:05:19 | INFO    | Aguardando 19.5s (troca de bairro)
21:05:39 | INFO    | ======================================================================
21:05:39 | INFO    | BAIRRO: Leblon  (limite: 30 páginas)
21:05:39 | INFO    | [Leblon] Página 1/30 → https://www.zapimoveis.com.br/aluguel/imoveis/rj+rio-de-janeiro+zona-sul+leblon/?ordem=MOST_RECENT
21:05:47 | INFO    | [Leblon] O site informa 829 imóveis (~28 páginas).
21:05:47 | INFO    | [Leblon] Página 1: 30 anúncios no HTML, 30 novos, 0 repetidos (sem condomínio: 0, sem quartos: 2).
21:05:47 | INFO    | Aguardando 7.0s (entre páginas)
21:05:54 | INFO    | [Leblon] Página 2/30 → https://www.zapimoveis.com.br/aluguel/imoveis/rj+rio-de-janeiro+zona-sul+leblon/?ordem=MOST_RECENT&pagina=2
21:06:01 | INFO    | [Leblon] Página 2: 30 anúncios no HTML, 30 novos, 0 repetidos (sem condomínio: 0, sem quartos: 7).
21:06:01 | INFO    | Aguardando 4.5s (entre páginas)
21:06:06 | INFO    | [Leblon] Página 3/30 → https://www.zapimoveis.com.br/aluguel/imoveis/rj+rio-de-janeiro+zona-sul+leblon/?ordem=MOST_RECENT&pagina=3
21:06:16 | INFO    | [Leblon] Página 3: 30 anúncios no HTML, 30 novos, 0 repetidos (sem condomínio: 0, sem quartos: 8).
21:06:16 | INFO    | Aguardando 8.7s (entre páginas)
21:06:25 | INFO    | [Leblon] Página 4/30 → https://www.zapimoveis.com.br/aluguel/imoveis/rj+rio-de-janeiro+zona-sul+leblon/?ordem=MOST_RECENT&pagina=4
21:06:34 | INFO    | [Leblon] Página 4: 30 anúncios no HTML, 30 novos, 0 repetidos (sem condomínio: 0, sem quartos: 4).
21:06:34 | INFO    | Aguardando 7.6s (entre páginas)
21:06:42 | INFO    | [Leblon] Página 5/30 → https://www.zapimoveis.com.br/aluguel/imoveis/rj+rio-de-janeiro+zona-sul+leblon/?ordem=MOST_RECENT&pagina=5
21:06:50 | INFO    | [Leblon] Página 5: 30 anúncios no HTML, 30 novos, 0 repetidos (sem condomínio: 0, sem quartos: 4).
21:06:51 | INFO    | Aguardando 8.2s (entre páginas)
21:06:59 | INFO    | [Leblon] Página 6/30 → https://www.zapimoveis.com.br/aluguel/imoveis/rj+rio-de-janeiro+zona-sul+leblon/?ordem=MOST_RECENT&pagina=6
21:07:06 | INFO    | [Leblon] Página 6: 30 anúncios no HTML, 30 novos, 0 repetidos (sem condomínio: 0, sem quartos: 18).
21:07:06 | INFO    | Aguardando 6.8s (entre páginas)
21:07:13 | INFO    | [Leblon] Página 7/30 → https://www.zapimoveis.com.br/aluguel/imoveis/rj+rio-de-janeiro+zona-sul+leblon/?ordem=MOST_RECENT&pagina=7
21:07:21 | INFO    | [Leblon] Página 7: 30 anúncios no HTML, 30 novos, 0 repetidos (sem condomínio: 0, sem quartos: 16).
21:07:21 | INFO    | Aguardando 7.6s (entre páginas)
21:07:29 | INFO    | [Leblon] Página 8/30 → https://www.zapimoveis.com.br/aluguel/imoveis/rj+rio-de-janeiro+zona-sul+leblon/?ordem=MOST_RECENT&pagina=8
21:07:40 | INFO    | [Leblon] Página 8: 30 anúncios no HTML, 30 novos, 0 repetidos (sem condomínio: 0, sem quartos: 3).
21:07:40 | INFO    | Aguardando 7.9s (entre páginas)
21:07:48 | INFO    | [Leblon] Página 9/30 → https://www.zapimoveis.com.br/aluguel/imoveis/rj+rio-de-janeiro+zona-sul+leblon/?ordem=MOST_RECENT&pagina=9
21:07:58 | INFO    | [Leblon] Página 9: 30 anúncios no HTML, 30 novos, 0 repetidos (sem condomínio: 0, sem quartos: 5).
21:07:58 | INFO    | Aguardando 7.4s (entre páginas)
21:08:05 | INFO    | [Leblon] Página 10/30 → https://www.zapimoveis.com.br/aluguel/imoveis/rj+rio-de-janeiro+zona-sul+leblon/?ordem=MOST_RECENT&pagina=10
21:08:15 | INFO    | [Leblon] Página 10: 30 anúncios no HTML, 29 novos, 1 repetidos (sem condomínio: 0, sem quartos: 8).
21:08:15 | INFO    | Aguardando 6.6s (entre páginas)
21:08:22 | INFO    | [Leblon] Página 11/30 → https://www.zapimoveis.com.br/aluguel/imoveis/rj+rio-de-janeiro+zona-sul+leblon/?ordem=MOST_RECENT&pagina=11
21:08:33 | INFO    | [Leblon] Página 11: 30 anúncios no HTML, 30 novos, 0 repetidos (sem condomínio: 0, sem quartos: 9).
21:08:33 | INFO    | Aguardando 4.3s (entre páginas)
21:08:37 | INFO    | [Leblon] Página 12/30 → https://www.zapimoveis.com.br/aluguel/imoveis/rj+rio-de-janeiro+zona-sul+leblon/?ordem=MOST_RECENT&pagina=12
21:08:46 | INFO    | [Leblon] Página 12: 30 anúncios no HTML, 30 novos, 0 repetidos (sem condomínio: 0, sem quartos: 9).
21:08:46 | INFO    | Aguardando 4.8s (entre páginas)
21:08:51 | INFO    | [Leblon] Página 13/30 → https://www.zapimoveis.com.br/aluguel/imoveis/rj+rio-de-janeiro+zona-sul+leblon/?ordem=MOST_RECENT&pagina=13
21:09:04 | INFO    | [Leblon] Página 13: 30 anúncios no HTML, 30 novos, 0 repetidos (sem condomínio: 0, sem quartos: 13).
21:09:05 | INFO    | Aguardando 6.0s (entre páginas)
21:09:11 | INFO    | [Leblon] Página 14/30 → https://www.zapimoveis.com.br/aluguel/imoveis/rj+rio-de-janeiro+zona-sul+leblon/?ordem=MOST_RECENT&pagina=14
21:09:26 | INFO    | [Leblon] Página 14: 30 anúncios no HTML, 30 novos, 0 repetidos (sem condomínio: 0, sem quartos: 2).
21:09:27 | INFO    | Aguardando 8.8s (entre páginas)
21:09:35 | INFO    | [Leblon] Página 15/30 → https://www.zapimoveis.com.br/aluguel/imoveis/rj+rio-de-janeiro+zona-sul+leblon/?ordem=MOST_RECENT&pagina=15
21:09:44 | INFO    | [Leblon] Página 15: 30 anúncios no HTML, 30 novos, 0 repetidos (sem condomínio: 0, sem quartos: 6).
21:09:44 | INFO    | Aguardando 7.3s (entre páginas)
21:09:51 | INFO    | [Leblon] Página 16/30 → https://www.zapimoveis.com.br/aluguel/imoveis/rj+rio-de-janeiro+zona-sul+leblon/?ordem=MOST_RECENT&pagina=16
21:10:00 | INFO    | [Leblon] Página 16: 30 anúncios no HTML, 30 novos, 0 repetidos (sem condomínio: 0, sem quartos: 5).
21:10:00 | INFO    | Aguardando 7.7s (entre páginas)
21:10:08 | INFO    | [Leblon] Página 17/30 → https://www.zapimoveis.com.br/aluguel/imoveis/rj+rio-de-janeiro+zona-sul+leblon/?ordem=MOST_RECENT&pagina=17
21:10:18 | INFO    | [Leblon] Página 17: 30 anúncios no HTML, 30 novos, 0 repetidos (sem condomínio: 0, sem quartos: 14).
21:10:18 | INFO    | Aguardando 5.4s (entre páginas)
21:10:24 | INFO    | [Leblon] Página 18/30 → https://www.zapimoveis.com.br/aluguel/imoveis/rj+rio-de-janeiro+zona-sul+leblon/?ordem=MOST_RECENT&pagina=18
21:10:33 | INFO    | [Leblon] Página 18: 30 anúncios no HTML, 30 novos, 0 repetidos (sem condomínio: 0, sem quartos: 14).
21:10:33 | INFO    | Aguardando 7.1s (entre páginas)
21:10:41 | INFO    | [Leblon] Página 19/30 → https://www.zapimoveis.com.br/aluguel/imoveis/rj+rio-de-janeiro+zona-sul+leblon/?ordem=MOST_RECENT&pagina=19
21:10:51 | INFO    | [Leblon] Página 19: 30 anúncios no HTML, 30 novos, 0 repetidos (sem condomínio: 0, sem quartos: 5).
21:10:51 | INFO    | Aguardando 4.5s (entre páginas)
21:10:55 | INFO    | [Leblon] Página 20/30 → https://www.zapimoveis.com.br/aluguel/imoveis/rj+rio-de-janeiro+zona-sul+leblon/?ordem=MOST_RECENT&pagina=20
21:11:17 | INFO    | [Leblon] Página 20: 30 anúncios no HTML, 30 novos, 0 repetidos (sem condomínio: 0, sem quartos: 12).
21:11:18 | INFO    | Aguardando 6.5s (entre páginas)
21:11:24 | INFO    | [Leblon] Página 21/30 → https://www.zapimoveis.com.br/aluguel/imoveis/rj+rio-de-janeiro+zona-sul+leblon/?ordem=MOST_RECENT&pagina=21
21:11:34 | INFO    | [Leblon] Página 21: 30 anúncios no HTML, 30 novos, 0 repetidos (sem condomínio: 0, sem quartos: 9).
21:11:34 | INFO    | Aguardando 7.0s (entre páginas)
21:11:41 | INFO    | [Leblon] Página 22/30 → https://www.zapimoveis.com.br/aluguel/imoveis/rj+rio-de-janeiro+zona-sul+leblon/?ordem=MOST_RECENT&pagina=22
21:11:52 | INFO    | [Leblon] Página 22: 30 anúncios no HTML, 30 novos, 0 repetidos (sem condomínio: 0, sem quartos: 13).
21:11:53 | INFO    | Aguardando 8.4s (entre páginas)
21:12:01 | INFO    | [Leblon] Página 23/30 → https://www.zapimoveis.com.br/aluguel/imoveis/rj+rio-de-janeiro+zona-sul+leblon/?ordem=MOST_RECENT&pagina=23
21:12:18 | INFO    | [Leblon] Página 23: 30 anúncios no HTML, 30 novos, 0 repetidos (sem condomínio: 0, sem quartos: 14).
21:12:19 | INFO    | Aguardando 7.5s (entre páginas)
21:12:26 | INFO    | [Leblon] Página 24/30 → https://www.zapimoveis.com.br/aluguel/imoveis/rj+rio-de-janeiro+zona-sul+leblon/?ordem=MOST_RECENT&pagina=24
21:12:38 | INFO    | [Leblon] Página 24: 30 anúncios no HTML, 30 novos, 0 repetidos (sem condomínio: 0, sem quartos: 12).
21:12:38 | INFO    | Aguardando 5.2s (entre páginas)
21:12:43 | INFO    | [Leblon] Página 25/30 → https://www.zapimoveis.com.br/aluguel/imoveis/rj+rio-de-janeiro+zona-sul+leblon/?ordem=MOST_RECENT&pagina=25
21:12:55 | INFO    | [Leblon] Página 25: 30 anúncios no HTML, 30 novos, 0 repetidos (sem condomínio: 0, sem quartos: 15).
21:12:55 | INFO    | Aguardando 5.1s (entre páginas)
21:13:00 | INFO    | [Leblon] Página 26/30 → https://www.zapimoveis.com.br/aluguel/imoveis/rj+rio-de-janeiro+zona-sul+leblon/?ordem=MOST_RECENT&pagina=26
21:13:19 | INFO    | [Leblon] Página 26: 30 anúncios no HTML, 30 novos, 0 repetidos (sem condomínio: 0, sem quartos: 18).
21:13:19 | INFO    | Aguardando 7.0s (entre páginas)
21:13:26 | INFO    | [Leblon] Página 27/30 → https://www.zapimoveis.com.br/aluguel/imoveis/rj+rio-de-janeiro+zona-sul+leblon/?ordem=MOST_RECENT&pagina=27
21:13:34 | INFO    | [Leblon] Página 27: 30 anúncios no HTML, 30 novos, 0 repetidos (sem condomínio: 0, sem quartos: 14).
21:13:34 | INFO    | Aguardando 8.9s (entre páginas)
21:13:43 | INFO    | [Leblon] Página 28/30 → https://www.zapimoveis.com.br/aluguel/imoveis/rj+rio-de-janeiro+zona-sul+leblon/?ordem=MOST_RECENT&pagina=28
21:13:53 | INFO    | [Leblon] Página 28: 19 anúncios no HTML, 19 novos, 0 repetidos (sem condomínio: 0, sem quartos: 9).
21:13:53 | INFO    | Aguardando 5.6s (entre páginas)
21:13:58 | INFO    | [Leblon] Página 29/30 → https://www.zapimoveis.com.br/aluguel/imoveis/rj+rio-de-janeiro+zona-sul+leblon/?ordem=MOST_RECENT&pagina=29
21:14:10 | INFO    | [Leblon] Nenhum card na página 29 — fim dos resultados do bairro.
21:14:10 | INFO    | [Leblon] Concluído: 828 anúncios novos coletados.
21:14:10 | INFO    | Progresso: 88/94 bairros | 17376 anúncios no total | 198 min decorridos | ~13 min restantes (estimativa).
21:14:10 | INFO    | Aguardando 17.9s (troca de bairro)
21:14:27 | INFO    | ======================================================================
21:14:27 | INFO    | BAIRRO: Leme  (limite: 30 páginas)
21:14:27 | INFO    | [Leme] Página 1/30 → https://www.zapimoveis.com.br/aluguel/imoveis/rj+rio-de-janeiro+zona-sul+leme/?ordem=MOST_RECENT
21:15:02 | INFO    | [Leme] O site informa 53 imóveis (~2 páginas).
21:15:03 | INFO    | [Leme] Página 1: 30 anúncios no HTML, 28 novos, 2 repetidos (sem condomínio: 0, sem quartos: 7).
21:15:03 | INFO    | Aguardando 8.0s (entre páginas)
21:15:11 | INFO    | [Leme] Página 2/30 → https://www.zapimoveis.com.br/aluguel/imoveis/rj+rio-de-janeiro+zona-sul+leme/?ordem=MOST_RECENT&pagina=2
21:15:25 | INFO    | [Leme] Página 2: 23 anúncios no HTML, 23 novos, 0 repetidos (sem condomínio: 0, sem quartos: 9).
21:15:25 | INFO    | Aguardando 7.0s (entre páginas)
21:15:32 | INFO    | [Leme] Página 3/30 → https://www.zapimoveis.com.br/aluguel/imoveis/rj+rio-de-janeiro+zona-sul+leme/?ordem=MOST_RECENT&pagina=3
21:15:44 | INFO    | [Leme] Nenhum card na página 3 — fim dos resultados do bairro.
21:15:44 | INFO    | [Leme] Concluído: 51 anúncios novos coletados.
21:15:44 | INFO    | Progresso: 89/94 bairros | 17427 anúncios no total | 200 min decorridos | ~11 min restantes (estimativa).
21:15:44 | INFO    | Aguardando 11.9s (troca de bairro)
21:15:56 | INFO    | ======================================================================
21:15:56 | INFO    | BAIRRO: Rocinha  (limite: 30 páginas)
21:15:56 | INFO    | [Rocinha] Página 1/30 → https://www.zapimoveis.com.br/aluguel/imoveis/rj+rio-de-janeiro+zona-sul+rocinha/?ordem=MOST_RECENT
21:16:04 | INFO    | [Rocinha] O site informa 1 imóveis (~1 páginas).
21:16:04 | INFO    | [Rocinha] Página 1: 1 anúncios no HTML, 1 novos, 0 repetidos (sem condomínio: 0, sem quartos: 1).
21:16:04 | INFO    | Aguardando 8.7s (entre páginas)
21:16:12 | INFO    | [Rocinha] Página 2/30 → https://www.zapimoveis.com.br/aluguel/imoveis/rj+rio-de-janeiro+zona-sul+rocinha/?ordem=MOST_RECENT&pagina=2
21:16:37 | INFO    | [Rocinha] Nenhum card na página 2 — fim dos resultados do bairro.
21:16:37 | INFO    | [Rocinha] Concluído: 1 anúncios novos coletados.
21:16:37 | INFO    | Progresso: 90/94 bairros | 17428 anúncios no total | 200 min decorridos | ~9 min restantes (estimativa).
21:16:37 | INFO    | Aguardando 18.0s (troca de bairro)
21:16:55 | INFO    | ======================================================================
21:16:55 | INFO    | BAIRRO: São Conrado  (limite: 30 páginas)
21:16:55 | INFO    | [São Conrado] Página 1/30 → https://www.zapimoveis.com.br/aluguel/imoveis/rj+rio-de-janeiro+zona-sul+s-conrado/?ordem=MOST_RECENT
21:17:04 | INFO    | [São Conrado] O site informa 42 imóveis (~2 páginas).
21:17:05 | INFO    | [São Conrado] Página 1: 30 anúncios no HTML, 30 novos, 0 repetidos (sem condomínio: 0, sem quartos: 2).
21:17:05 | INFO    | Aguardando 5.8s (entre páginas)
21:17:11 | INFO    | [São Conrado] Página 2/30 → https://www.zapimoveis.com.br/aluguel/imoveis/rj+rio-de-janeiro+zona-sul+s-conrado/?ordem=MOST_RECENT&pagina=2
21:17:21 | INFO    | [São Conrado] Página 2: 12 anúncios no HTML, 12 novos, 0 repetidos (sem condomínio: 0, sem quartos: 2).
21:17:21 | INFO    | Aguardando 8.9s (entre páginas)
21:17:30 | INFO    | [São Conrado] Página 3/30 → https://www.zapimoveis.com.br/aluguel/imoveis/rj+rio-de-janeiro+zona-sul+s-conrado/?ordem=MOST_RECENT&pagina=3
21:17:40 | INFO    | [São Conrado] Nenhum card na página 3 — fim dos resultados do bairro.
21:17:40 | INFO    | [São Conrado] Concluído: 42 anúncios novos coletados.
21:17:40 | INFO    | Progresso: 91/94 bairros | 17470 anúncios no total | 201 min decorridos | ~7 min restantes (estimativa).
21:17:40 | INFO    | Aguardando 14.3s (troca de bairro)
21:17:54 | INFO    | ======================================================================
21:17:54 | INFO    | BAIRRO: Urca  (limite: 30 páginas)
21:17:54 | INFO    | [Urca] Página 1/30 → https://www.zapimoveis.com.br/aluguel/imoveis/rj+rio-de-janeiro+zona-sul+urca/?ordem=MOST_RECENT
21:18:09 | INFO    | [Urca] O site informa 35 imóveis (~2 páginas).
21:18:09 | INFO    | [Urca] Página 1: 30 anúncios no HTML, 30 novos, 0 repetidos (sem condomínio: 0, sem quartos: 6).
21:18:09 | INFO    | Aguardando 4.3s (entre páginas)
21:18:14 | INFO    | [Urca] Página 2/30 → https://www.zapimoveis.com.br/aluguel/imoveis/rj+rio-de-janeiro+zona-sul+urca/?ordem=MOST_RECENT&pagina=2
21:18:23 | INFO    | [Urca] Página 2: 5 anúncios no HTML, 5 novos, 0 repetidos (sem condomínio: 0, sem quartos: 0).
21:18:23 | INFO    | Aguardando 4.3s (entre páginas)
21:18:28 | INFO    | [Urca] Página 3/30 → https://www.zapimoveis.com.br/aluguel/imoveis/rj+rio-de-janeiro+zona-sul+urca/?ordem=MOST_RECENT&pagina=3
21:19:38 | INFO    | [Urca] Nenhum card na página 3 — fim dos resultados do bairro.
21:19:38 | INFO    | [Urca] Concluído: 35 anúncios novos coletados.
21:19:38 | INFO    | Progresso: 92/94 bairros | 17505 anúncios no total | 203 min decorridos | ~4 min restantes (estimativa).
21:19:38 | INFO    | Aguardando 16.5s (troca de bairro)
21:19:55 | INFO    | ======================================================================
21:19:55 | INFO    | BAIRRO: Vidigal  (limite: 30 páginas)
21:19:55 | INFO    | [Vidigal] Página 1/30 → https://www.zapimoveis.com.br/aluguel/imoveis/rj+rio-de-janeiro+zona-sul+vidigal/?ordem=MOST_RECENT
21:20:06 | INFO    | [Vidigal] O site informa 5 imóveis (~1 páginas).
21:20:07 | INFO    | [Vidigal] Página 1: 5 anúncios no HTML, 2 novos, 3 repetidos (sem condomínio: 0, sem quartos: 0).
21:20:07 | INFO    | Aguardando 7.9s (entre páginas)
21:20:15 | INFO    | [Vidigal] Página 2/30 → https://www.zapimoveis.com.br/aluguel/imoveis/rj+rio-de-janeiro+zona-sul+vidigal/?ordem=MOST_RECENT&pagina=2
21:20:26 | INFO    | [Vidigal] Nenhum card na página 2 — fim dos resultados do bairro.
21:20:26 | INFO    | [Vidigal] Concluído: 2 anúncios novos coletados.
21:20:26 | INFO    | Progresso: 93/94 bairros | 17507 anúncios no total | 204 min decorridos | ~2 min restantes (estimativa).
21:20:26 | INFO    | Aguardando 15.5s (troca de bairro)
21:20:42 | INFO    | ======================================================================
21:20:42 | INFO    | BAIRRO: Vila Kennedy  (limite: 30 páginas)
21:20:42 | INFO    | [Vila Kennedy] Página 1/30 → https://www.zapimoveis.com.br/aluguel/imoveis/rj+rio-de-janeiro+zona-sul+vl-kennedy/?ordem=MOST_RECENT
21:20:51 | INFO    | [Vila Kennedy] O site informa 1 imóveis (~1 páginas).
21:20:51 | INFO    | [Vila Kennedy] Página 1: 1 anúncios no HTML, 1 novos, 0 repetidos (sem condomínio: 0, sem quartos: 0).
21:20:51 | INFO    | Aguardando 7.1s (entre páginas)
21:20:59 | INFO    | [Vila Kennedy] Página 2/30 → https://www.zapimoveis.com.br/aluguel/imoveis/rj+rio-de-janeiro+zona-sul+vl-kennedy/?ordem=MOST_RECENT&pagina=2
21:21:09 | INFO    | [Vila Kennedy] Nenhum card na página 2 — fim dos resultados do bairro.
21:21:09 | INFO    | [Vila Kennedy] Concluído: 1 anúncios novos coletados.
21:21:09 | INFO    | Progresso: 94/94 bairros | 17508 anúncios no total | 205 min decorridos | ~0 min restantes (estimativa).
21:21:12 | INFO    | Coleta finalizada: 17508 anúncios gravados em C:\Users\jaque\OneDrive\Área de Trabalho\Web Scrapping\zap-scraper\zap_imoveis_raw_rj.csv (205.0 min).
11:49:32 | INFO    | Retomando: 17508 anúncios já gravados em zap_imoveis_raw_rj.csv.
11:49:32 | INFO    | Retomando: 162 bairro(s) já concluído(s) segundo progresso_coleta.json.
11:49:32 | INFO    | Refazendo: Pavuna, Copacabana
11:49:32 | INFO    | Iniciando coleta | 2 bairro(s) pendente(s) de 2 selecionado(s) | até 30 página(s) por bairro | ordenação: {'ordem': 'MOST_RECENT'}
11:49:32 | INFO    | Bairros: Pavuna, Copacabana
11:49:35 | INFO    | Navegador iniciado (Chrome via undetected-chromedriver).
11:49:35 | INFO    | ======================================================================
11:49:35 | INFO    | BAIRRO: Pavuna  (limite: 30 páginas)
11:49:35 | INFO    | [Pavuna] Página 1/30 → https://www.zapimoveis.com.br/aluguel/imoveis/rj+rio-de-janeiro+zona-norte+pavuna/?ordem=MOST_RECENT
11:49:41 | INFO    | Pop-up de cookies aceito (#onetrust-accept-btn-handler, button[id*='accept' i], button[class*='accept' i]).
11:49:47 | INFO    | [Pavuna] O site informa 140 imóveis (~5 páginas).
11:49:47 | INFO    | [Pavuna] Página 1: 30 anúncios no HTML, 0 novos, 30 repetidos (sem condomínio: 0, sem quartos: 0).
11:49:47 | INFO    | Aguardando 5.6s (entre páginas)
11:49:53 | INFO    | [Pavuna] Página 2/30 → https://www.zapimoveis.com.br/aluguel/imoveis/rj+rio-de-janeiro+zona-norte+pavuna/?ordem=MOST_RECENT&pagina=2
11:50:01 | INFO    | [Pavuna] Página 2: 30 anúncios no HTML, 0 novos, 30 repetidos (sem condomínio: 0, sem quartos: 0).
11:50:02 | INFO    | Aguardando 6.1s (entre páginas)
11:50:08 | INFO    | [Pavuna] Página 3/30 → https://www.zapimoveis.com.br/aluguel/imoveis/rj+rio-de-janeiro+zona-norte+pavuna/?ordem=MOST_RECENT&pagina=3
11:50:16 | INFO    | [Pavuna] Página 3: 30 anúncios no HTML, 1 novos, 29 repetidos (sem condomínio: 0, sem quartos: 1).
11:50:16 | INFO    | Aguardando 5.1s (entre páginas)
11:50:21 | INFO    | [Pavuna] Página 4/30 → https://www.zapimoveis.com.br/aluguel/imoveis/rj+rio-de-janeiro+zona-norte+pavuna/?ordem=MOST_RECENT&pagina=4
11:50:29 | INFO    | [Pavuna] Página 4: 30 anúncios no HTML, 29 novos, 1 repetidos (sem condomínio: 0, sem quartos: 27).
11:50:29 | INFO    | Aguardando 8.3s (entre páginas)
11:50:38 | INFO    | [Pavuna] Página 5/30 → https://www.zapimoveis.com.br/aluguel/imoveis/rj+rio-de-janeiro+zona-norte+pavuna/?ordem=MOST_RECENT&pagina=5
11:50:45 | INFO    | [Pavuna] Página 5: 20 anúncios no HTML, 16 novos, 4 repetidos (sem condomínio: 0, sem quartos: 16).
11:50:45 | INFO    | Aguardando 5.1s (entre páginas)
11:50:50 | INFO    | [Pavuna] Página 6/30 → https://www.zapimoveis.com.br/aluguel/imoveis/rj+rio-de-janeiro+zona-norte+pavuna/?ordem=MOST_RECENT&pagina=6
11:50:58 | INFO    | [Pavuna] Nenhum card na página 6 — fim dos resultados do bairro.
11:50:58 | INFO    | [Pavuna] Concluído: 46 anúncios novos coletados.
11:50:58 | INFO    | Progresso: 1/2 bairros | 17554 anúncios no total | 1 min decorridos | ~1 min restantes (estimativa).
11:50:58 | INFO    | Aguardando 11.9s (troca de bairro)
11:51:10 | INFO    | ======================================================================
11:51:10 | INFO    | BAIRRO: Copacabana  (limite: 30 páginas)
11:51:10 | INFO    | [Copacabana] Página 1/30 → https://www.zapimoveis.com.br/aluguel/imoveis/rj+rio-de-janeiro+zona-sul+copacabana/?ordem=MOST_RECENT
11:51:17 | INFO    | [Copacabana] O site informa 1.120 imóveis (~38 páginas).
11:51:18 | INFO    | [Copacabana] Página 1: 30 anúncios no HTML, 1 novos, 29 repetidos (sem condomínio: 0, sem quartos: 0).
11:51:18 | INFO    | Aguardando 4.6s (entre páginas)
11:51:23 | INFO    | [Copacabana] Página 2/30 → https://www.zapimoveis.com.br/aluguel/imoveis/rj+rio-de-janeiro+zona-sul+copacabana/?ordem=MOST_RECENT&pagina=2
11:51:31 | INFO    | [Copacabana] Página 2: 30 anúncios no HTML, 0 novos, 30 repetidos (sem condomínio: 0, sem quartos: 0).
11:51:31 | INFO    | Aguardando 4.3s (entre páginas)
11:51:36 | INFO    | [Copacabana] Página 3/30 → https://www.zapimoveis.com.br/aluguel/imoveis/rj+rio-de-janeiro+zona-sul+copacabana/?ordem=MOST_RECENT&pagina=3
11:51:44 | INFO    | [Copacabana] Página 3: 30 anúncios no HTML, 0 novos, 30 repetidos (sem condomínio: 0, sem quartos: 0).
11:51:44 | INFO    | Aguardando 4.3s (entre páginas)
11:51:48 | INFO    | [Copacabana] Página 4/30 → https://www.zapimoveis.com.br/aluguel/imoveis/rj+rio-de-janeiro+zona-sul+copacabana/?ordem=MOST_RECENT&pagina=4
11:51:56 | INFO    | [Copacabana] Página 4: 30 anúncios no HTML, 0 novos, 30 repetidos (sem condomínio: 0, sem quartos: 0).
11:51:56 | INFO    | Aguardando 8.5s (entre páginas)
11:52:04 | INFO    | [Copacabana] Página 5/30 → https://www.zapimoveis.com.br/aluguel/imoveis/rj+rio-de-janeiro+zona-sul+copacabana/?ordem=MOST_RECENT&pagina=5
11:52:12 | INFO    | [Copacabana] Página 5: 30 anúncios no HTML, 2 novos, 28 repetidos (sem condomínio: 0, sem quartos: 0).
11:52:12 | INFO    | Aguardando 4.9s (entre páginas)
11:52:16 | INFO    | [Copacabana] Página 6/30 → https://www.zapimoveis.com.br/aluguel/imoveis/rj+rio-de-janeiro+zona-sul+copacabana/?ordem=MOST_RECENT&pagina=6
11:52:24 | INFO    | [Copacabana] Página 6: 30 anúncios no HTML, 0 novos, 30 repetidos (sem condomínio: 0, sem quartos: 0).
11:52:24 | INFO    | Aguardando 6.8s (entre páginas)
11:52:31 | INFO    | [Copacabana] Página 7/30 → https://www.zapimoveis.com.br/aluguel/imoveis/rj+rio-de-janeiro+zona-sul+copacabana/?ordem=MOST_RECENT&pagina=7
11:52:39 | INFO    | [Copacabana] Página 7: 30 anúncios no HTML, 0 novos, 30 repetidos (sem condomínio: 0, sem quartos: 0).
11:52:39 | INFO    | Aguardando 8.6s (entre páginas)
11:52:47 | INFO    | [Copacabana] Página 8/30 → https://www.zapimoveis.com.br/aluguel/imoveis/rj+rio-de-janeiro+zona-sul+copacabana/?ordem=MOST_RECENT&pagina=8
11:52:55 | INFO    | [Copacabana] Página 8: 30 anúncios no HTML, 0 novos, 30 repetidos (sem condomínio: 0, sem quartos: 0).
11:52:55 | INFO    | Aguardando 6.4s (entre páginas)
11:53:01 | INFO    | [Copacabana] Página 9/30 → https://www.zapimoveis.com.br/aluguel/imoveis/rj+rio-de-janeiro+zona-sul+copacabana/?ordem=MOST_RECENT&pagina=9
11:53:11 | INFO    | [Copacabana] Página 9: 30 anúncios no HTML, 0 novos, 30 repetidos (sem condomínio: 0, sem quartos: 0).
11:53:11 | INFO    | Aguardando 4.1s (entre páginas)
11:53:15 | INFO    | [Copacabana] Página 10/30 → https://www.zapimoveis.com.br/aluguel/imoveis/rj+rio-de-janeiro+zona-sul+copacabana/?ordem=MOST_RECENT&pagina=10
11:53:23 | INFO    | [Copacabana] Página 10: 30 anúncios no HTML, 1 novos, 29 repetidos (sem condomínio: 0, sem quartos: 0).
11:53:23 | INFO    | Aguardando 4.5s (entre páginas)
11:53:28 | INFO    | [Copacabana] Página 11/30 → https://www.zapimoveis.com.br/aluguel/imoveis/rj+rio-de-janeiro+zona-sul+copacabana/?ordem=MOST_RECENT&pagina=11
11:53:36 | INFO    | [Copacabana] Página 11: 30 anúncios no HTML, 0 novos, 30 repetidos (sem condomínio: 0, sem quartos: 0).
11:53:36 | INFO    | Aguardando 5.0s (entre páginas)
11:53:41 | INFO    | [Copacabana] Página 12/30 → https://www.zapimoveis.com.br/aluguel/imoveis/rj+rio-de-janeiro+zona-sul+copacabana/?ordem=MOST_RECENT&pagina=12
11:53:50 | INFO    | [Copacabana] Página 12: 30 anúncios no HTML, 0 novos, 30 repetidos (sem condomínio: 0, sem quartos: 0).
11:53:50 | INFO    | Aguardando 7.1s (entre páginas)
11:53:57 | INFO    | [Copacabana] Página 13/30 → https://www.zapimoveis.com.br/aluguel/imoveis/rj+rio-de-janeiro+zona-sul+copacabana/?ordem=MOST_RECENT&pagina=13
11:54:05 | INFO    | [Copacabana] Página 13: 30 anúncios no HTML, 0 novos, 30 repetidos (sem condomínio: 0, sem quartos: 0).
11:54:06 | INFO    | Aguardando 7.3s (entre páginas)
11:54:13 | INFO    | [Copacabana] Página 14/30 → https://www.zapimoveis.com.br/aluguel/imoveis/rj+rio-de-janeiro+zona-sul+copacabana/?ordem=MOST_RECENT&pagina=14
11:54:21 | INFO    | [Copacabana] Página 14: 30 anúncios no HTML, 1 novos, 29 repetidos (sem condomínio: 0, sem quartos: 0).
11:54:21 | INFO    | Aguardando 7.5s (entre páginas)
11:54:28 | INFO    | [Copacabana] Página 15/30 → https://www.zapimoveis.com.br/aluguel/imoveis/rj+rio-de-janeiro+zona-sul+copacabana/?ordem=MOST_RECENT&pagina=15
11:54:37 | INFO    | [Copacabana] Página 15: 30 anúncios no HTML, 0 novos, 30 repetidos (sem condomínio: 0, sem quartos: 0).
11:54:37 | INFO    | Aguardando 5.8s (entre páginas)
11:54:42 | INFO    | [Copacabana] Página 16/30 → https://www.zapimoveis.com.br/aluguel/imoveis/rj+rio-de-janeiro+zona-sul+copacabana/?ordem=MOST_RECENT&pagina=16
11:54:50 | INFO    | [Copacabana] Página 16: 30 anúncios no HTML, 0 novos, 30 repetidos (sem condomínio: 0, sem quartos: 0).
11:54:50 | INFO    | Aguardando 6.1s (entre páginas)
11:54:56 | INFO    | [Copacabana] Página 17/30 → https://www.zapimoveis.com.br/aluguel/imoveis/rj+rio-de-janeiro+zona-sul+copacabana/?ordem=MOST_RECENT&pagina=17
11:55:04 | INFO    | [Copacabana] Página 17: 30 anúncios no HTML, 4 novos, 26 repetidos (sem condomínio: 0, sem quartos: 1).
11:55:05 | INFO    | Aguardando 7.7s (entre páginas)
11:55:12 | INFO    | [Copacabana] Página 18/30 → https://www.zapimoveis.com.br/aluguel/imoveis/rj+rio-de-janeiro+zona-sul+copacabana/?ordem=MOST_RECENT&pagina=18
11:55:20 | INFO    | [Copacabana] Página 18: 30 anúncios no HTML, 30 novos, 0 repetidos (sem condomínio: 0, sem quartos: 12).
11:55:21 | INFO    | Aguardando 7.5s (entre páginas)
11:55:28 | INFO    | [Copacabana] Página 19/30 → https://www.zapimoveis.com.br/aluguel/imoveis/rj+rio-de-janeiro+zona-sul+copacabana/?ordem=MOST_RECENT&pagina=19
11:55:36 | INFO    | [Copacabana] Página 19: 30 anúncios no HTML, 28 novos, 2 repetidos (sem condomínio: 0, sem quartos: 4).
11:55:37 | INFO    | Aguardando 4.9s (entre páginas)
11:55:42 | INFO    | [Copacabana] Página 20/30 → https://www.zapimoveis.com.br/aluguel/imoveis/rj+rio-de-janeiro+zona-sul+copacabana/?ordem=MOST_RECENT&pagina=20
11:55:50 | INFO    | [Copacabana] Página 20: 30 anúncios no HTML, 30 novos, 0 repetidos (sem condomínio: 0, sem quartos: 7).
11:55:50 | INFO    | Aguardando 6.6s (entre páginas)
11:55:57 | INFO    | [Copacabana] Página 21/30 → https://www.zapimoveis.com.br/aluguel/imoveis/rj+rio-de-janeiro+zona-sul+copacabana/?ordem=MOST_RECENT&pagina=21
11:56:05 | INFO    | [Copacabana] Página 21: 30 anúncios no HTML, 30 novos, 0 repetidos (sem condomínio: 0, sem quartos: 5).
11:56:05 | INFO    | Aguardando 6.3s (entre páginas)
11:56:12 | INFO    | [Copacabana] Página 22/30 → https://www.zapimoveis.com.br/aluguel/imoveis/rj+rio-de-janeiro+zona-sul+copacabana/?ordem=MOST_RECENT&pagina=22
11:56:20 | INFO    | [Copacabana] Página 22: 30 anúncios no HTML, 29 novos, 1 repetidos (sem condomínio: 0, sem quartos: 5).
11:56:20 | INFO    | Aguardando 4.1s (entre páginas)
11:56:24 | INFO    | [Copacabana] Página 23/30 → https://www.zapimoveis.com.br/aluguel/imoveis/rj+rio-de-janeiro+zona-sul+copacabana/?ordem=MOST_RECENT&pagina=23
11:56:34 | INFO    | [Copacabana] Página 23: 30 anúncios no HTML, 30 novos, 0 repetidos (sem condomínio: 0, sem quartos: 5).
11:56:34 | INFO    | Aguardando 4.7s (entre páginas)
11:56:39 | INFO    | [Copacabana] Página 24/30 → https://www.zapimoveis.com.br/aluguel/imoveis/rj+rio-de-janeiro+zona-sul+copacabana/?ordem=MOST_RECENT&pagina=24
11:56:46 | INFO    | [Copacabana] Página 24: 30 anúncios no HTML, 30 novos, 0 repetidos (sem condomínio: 0, sem quartos: 11).
11:56:46 | INFO    | Aguardando 7.8s (entre páginas)
11:56:54 | INFO    | [Copacabana] Página 25/30 → https://www.zapimoveis.com.br/aluguel/imoveis/rj+rio-de-janeiro+zona-sul+copacabana/?ordem=MOST_RECENT&pagina=25
11:57:01 | INFO    | [Copacabana] Página 25: 30 anúncios no HTML, 29 novos, 1 repetidos (sem condomínio: 0, sem quartos: 13).
11:57:01 | INFO    | Aguardando 8.0s (entre páginas)
11:57:09 | INFO    | [Copacabana] Página 26/30 → https://www.zapimoveis.com.br/aluguel/imoveis/rj+rio-de-janeiro+zona-sul+copacabana/?ordem=MOST_RECENT&pagina=26
11:57:17 | INFO    | [Copacabana] Página 26: 30 anúncios no HTML, 28 novos, 2 repetidos (sem condomínio: 0, sem quartos: 5).
11:57:17 | INFO    | Aguardando 7.3s (entre páginas)
11:57:24 | INFO    | [Copacabana] Página 27/30 → https://www.zapimoveis.com.br/aluguel/imoveis/rj+rio-de-janeiro+zona-sul+copacabana/?ordem=MOST_RECENT&pagina=27
11:57:32 | INFO    | [Copacabana] Página 27: 30 anúncios no HTML, 30 novos, 0 repetidos (sem condomínio: 0, sem quartos: 6).
11:57:32 | INFO    | Aguardando 6.5s (entre páginas)
11:57:38 | INFO    | [Copacabana] Página 28/30 → https://www.zapimoveis.com.br/aluguel/imoveis/rj+rio-de-janeiro+zona-sul+copacabana/?ordem=MOST_RECENT&pagina=28
11:57:46 | INFO    | [Copacabana] Página 28: 30 anúncios no HTML, 29 novos, 1 repetidos (sem condomínio: 0, sem quartos: 10).
11:57:46 | INFO    | Aguardando 8.0s (entre páginas)
11:57:54 | INFO    | [Copacabana] Página 29/30 → https://www.zapimoveis.com.br/aluguel/imoveis/rj+rio-de-janeiro+zona-sul+copacabana/?ordem=MOST_RECENT&pagina=29
11:58:03 | INFO    | [Copacabana] Página 29: 30 anúncios no HTML, 30 novos, 0 repetidos (sem condomínio: 0, sem quartos: 13).
11:58:03 | INFO    | Aguardando 6.0s (entre páginas)
11:58:09 | INFO    | [Copacabana] Página 30/30 → https://www.zapimoveis.com.br/aluguel/imoveis/rj+rio-de-janeiro+zona-sul+copacabana/?ordem=MOST_RECENT&pagina=30
11:58:16 | INFO    | [Copacabana] Página 30: 30 anúncios no HTML, 29 novos, 1 repetidos (sem condomínio: 0, sem quartos: 14).
11:58:16 | INFO    | [Copacabana] Concluído: 391 anúncios novos coletados.
11:58:16 | INFO    | Progresso: 2/2 bairros | 17945 anúncios no total | 9 min decorridos | ~0 min restantes (estimativa).
11:58:18 | INFO    | Coleta finalizada: 17945 anúncios gravados em C:\Users\jaque\OneDrive\Área de Trabalho\Web Scrapping\zap-scraper\zap_imoveis_raw_rj.csv (8.8 min).
