motivo_descarte,bairro,rua,aluguel,condominio,area_m2,quartos,id_anuncio,url_anuncio
fora do município do Rio de Janeiro,São Francisco de Assis,,,,,,2876434581,https://www.zapimoveis.com.br/imovel/aluguel-galpao-deposito-armazem-sao-francisco-de-assis-belford-roxo-310m2-id-2876434581/
fora do município do Rio de Janeiro,Jardim Guandu,,,,,,2841659014,https://www.zapimoveis.com.br/imovel/aluguel-loja-salao-jardim-guandu-nova-iguacu-493m2-id-2841659014/
duplicata de conteúdo (mesmo imóvel),Centro,Rua da Assembléia,20000.0,8251.0,357.0,,2910095614,https://www.zapimoveis.com.br/imovel/aluguel-conjunto-comercial-sala-com-escritorio-centro-rio-de-janeiro-357m2-id-2910095614/
duplicata de conteúdo (mesmo imóvel),Centro,Rua do Passeio,16000.0,5198.0,372.0,,2910090752,https://www.zapimoveis.com.br/imovel/aluguel-andar-laje-corporativa-com-cozinha-centro-rio-de-janeiro-372m2-id-2910090752/
duplicata de conteúdo (mesmo imóvel),Centro,Praça Passeio Público,20000.0,13656.0,629.0,,2910095417,https://www.zapimoveis.com.br/imovel/aluguel-terreno-lote-comercial-centro-rio-de-janeiro-629m2-id-2910095417/
duplicata de conteúdo (mesmo imóvel),Centro,Rua do Ouvidor,8800.0,3684.0,177.0,,2910092028,https://www.zapimoveis.com.br/imovel/aluguel-andar-laje-corporativa-com-ar-condicionado-centro-rio-de-janeiro-177m2-id-2910092028/
duplicata de conteúdo (mesmo imóvel),Centro,Rua do Passeio,20000.0,13656.0,629.0,,2910092024,https://www.zapimoveis.com.br/imovel/aluguel-terreno-lote-comercial-com-ar-condicionado-centro-rio-de-janeiro-629m2-id-2910092024/
duplicata de conteúdo (mesmo imóvel),Centro,Rua do Ouvidor,8800.0,3684.0,177.0,,2910095022,https://www.zapimoveis.com.br/imovel/aluguel-andar-laje-corporativa-centro-rio-de-janeiro-177m2-id-2910095022/
duplicata de conteúdo (mesmo imóvel),Centro,Rua da Assembléia,20000.0,8251.0,335.0,,2910094126,https://www.zapimoveis.com.br/imovel/aluguel-conjunto-comercial-sala-com-ar-condicionado-centro-rio-de-janeiro-335m2-id-2910094126/
duplicata de conteúdo (mesmo imóvel),Centro,Rua da Assembléia,20000.0,8251.0,335.0,,2910091535,https://www.zapimoveis.com.br/imovel/aluguel-conjunto-comercial-sala-com-escritorio-centro-rio-de-janeiro-335m2-id-2910091535/
duplicata de conteúdo (mesmo imóvel),Centro,Rua do Ouvidor,8800.0,3684.0,177.0,,2910094919,https://www.zapimoveis.com.br/imovel/aluguel-andar-laje-corporativa-centro-rio-de-janeiro-177m2-id-2910094919/
duplicata de conteúdo (mesmo imóvel),Centro,Rua do Ouvidor,8800.0,3684.0,177.0,,2910073519,https://www.zapimoveis.com.br/imovel/aluguel-loja-salao-com-acesso-24-horas-centro-rio-de-janeiro-177m2-id-2910073519/
duplicata de conteúdo (mesmo imóvel),Centro,Rua do Ouvidor,8800.0,3684.0,177.0,,2910065576,https://www.zapimoveis.com.br/imovel/aluguel-loja-salao-com-ar-condicionado-centro-rio-de-janeiro-177m2-id-2910065576/
duplicata de conteúdo (mesmo imóvel),Centro,Avenida Gomes Freire,50000.0,0.0,1067.0,,2909351129,https://www.zapimoveis.com.br/imovel/aluguel-loja-salao-com-elevador-centro-rio-de-janeiro-1067m2-id-2909351129/
duplicata de conteúdo (mesmo imóvel),Centro,Rua México,55000.0,7564.0,414.0,,2909348550,https://www.zapimoveis.com.br/imovel/aluguel-loja-salao-centro-rio-de-janeiro-414m2-id-2909348550/
duplicata de conteúdo (mesmo imóvel),Centro,Rua da Quitanda,1400.0,676.0,32.0,,2909349961,https://www.zapimoveis.com.br/imovel/aluguel-conjunto-comercial-sala-com-escritorio-centro-rio-de-janeiro-32m2-id-2909349961/
duplicata de conteúdo (mesmo imóvel),Centro,Rua da Quitanda,1400.0,713.0,33.0,,2909350140,https://www.zapimoveis.com.br/imovel/aluguel-conjunto-comercial-sala-com-interfone-centro-rio-de-janeiro-33m2-id-2909350140/
duplicata de conteúdo (mesmo imóvel),Centro,Rua da Quitanda,2800.0,1388.0,65.0,,2909349960,https://www.zapimoveis.com.br/imovel/aluguel-conjunto-comercial-sala-com-escritorio-centro-rio-de-janeiro-65m2-id-2909349960/
duplicata de conteúdo (mesmo imóvel),Centro,Rua Visconde de Inhaúma,880.0,664.0,44.0,,2909265959,https://www.zapimoveis.com.br/imovel/aluguel-conjunto-comercial-sala-com-hall-de-entrada-centro-rio-de-janeiro-44m2-id-2909265959/
duplicata de conteúdo (mesmo imóvel),Centro,Rua Visconde de Inhaúma,420.0,318.0,21.0,,2909266654,https://www.zapimoveis.com.br/imovel/aluguel-conjunto-comercial-sala-centro-rio-de-janeiro-21m2-id-2909266654/
duplicata de conteúdo (mesmo imóvel),Centro,Rua da Quitanda,150.0,456.0,21.0,,2909190920,https://www.zapimoveis.com.br/imovel/aluguel-loja-salao-com-elevador-centro-rio-de-janeiro-21m2-id-2909190920/
duplicata de conteúdo (mesmo imóvel),Centro,Rua do Resende,6000.0,242.0,85.0,,2909122857,https://www.zapimoveis.com.br/imovel/aluguel-loja-salao-com-escritorio-centro-rio-de-janeiro-85m2-id-2909122857/
duplicata de conteúdo (mesmo imóvel),Centro,Avenida Almirante Barroso,8000.0,0.0,51.0,,2909125545,https://www.zapimoveis.com.br/imovel/aluguel-loja-salao-com-interfone-centro-rio-de-janeiro-51m2-id-2909125545/
duplicata de conteúdo (mesmo imóvel),Centro,Avenida Nilo Peçanha,5000.0,1412.0,74.0,,2908530117,https://www.zapimoveis.com.br/imovel/aluguel-conjunto-comercial-sala-com-infraestrutura-internet-centro-rio-de-janeiro-74m2-id-2908530117/
duplicata de conteúdo (mesmo imóvel),Centro,Rua da Assembléia,20000.0,8251.0,357.0,,2908530216,https://www.zapimoveis.com.br/imovel/aluguel-conjunto-comercial-sala-centro-rio-de-janeiro-357m2-id-2908530216/
duplicata de conteúdo (mesmo imóvel),Centro,Rua da Assembléia,20000.0,8251.0,357.0,,2908530215,https://www.zapimoveis.com.br/imovel/aluguel-conjunto-comercial-sala-com-ar-condicionado-centro-rio-de-janeiro-357m2-id-2908530215/
duplicata de conteúdo (mesmo imóvel),Centro,Rua da Assembléia,20000.0,8251.0,335.0,,2908417470,https://www.zapimoveis.com.br/imovel/aluguel-conjunto-comercial-sala-com-infraestrutura-internet-centro-rio-de-janeiro-335m2-id-2908417470/
duplicata de conteúdo (mesmo imóvel),Centro,Avenida Nilo Peçanha,5000.0,1412.0,74.0,,2907609227,https://www.zapimoveis.com.br/imovel/aluguel-conjunto-comercial-sala-com-elevador-centro-rio-de-janeiro-74m2-id-2907609227/
duplicata de conteúdo (mesmo imóvel),Centro,Avenida Almirante Barroso,25000.0,16000.0,510.0,,2907067961,https://www.zapimoveis.com.br/imovel/aluguel-conjunto-comercial-sala-centro-rio-de-janeiro-510m2-id-2907067961/
duplicata de conteúdo (mesmo imóvel),Centro,Travessa do Ouvidor,11000.0,3438.0,163.0,,2906891438,https://www.zapimoveis.com.br/imovel/aluguel-conjunto-comercial-sala-com-deposito-privativo-centro-rio-de-janeiro-163m2-id-2906891438/
duplicata de conteúdo (mesmo imóvel),Centro,Rua Araújo Porto Alegre,20000.0,9438.0,279.0,1,2906660716,https://www.zapimoveis.com.br/imovel/aluguel-conjunto-comercial-sala-1-quarto-mobiliado-centro-rio-de-janeiro-279m2-id-2906660716/
duplicata de conteúdo (mesmo imóvel),Centro,Avenida Rio Branco,6420.0,2675.0,107.0,,2906438539,https://www.zapimoveis.com.br/imovel/aluguel-conjunto-comercial-sala-com-cozinha-centro-rio-de-janeiro-107m2-id-2906438539/
duplicata de conteúdo (mesmo imóvel),Centro,Avenida Rio Branco,8820.0,3675.0,147.0,,2906443027,https://www.zapimoveis.com.br/imovel/aluguel-conjunto-comercial-sala-com-ar-condicionado-centro-rio-de-janeiro-147m2-id-2906443027/
duplicata de conteúdo (mesmo imóvel),Centro,Rua do Passeio,150000.0,0.0,2049.0,,2906240263,https://www.zapimoveis.com.br/imovel/aluguel-loja-salao-centro-rio-de-janeiro-2049m2-id-2906240263/
duplicata de conteúdo (mesmo imóvel),Centro,Avenida Rio Branco,6000.0,14148.0,550.0,,2905331822,https://www.zapimoveis.com.br/imovel/aluguel-conjunto-comercial-sala-com-elevador-centro-rio-de-janeiro-550m2-id-2905331822/
duplicata de conteúdo (mesmo imóvel),Centro,Rua Sete de Setembro,350.0,1147.0,30.0,,2904078716,https://www.zapimoveis.com.br/imovel/aluguel-conjunto-comercial-sala-centro-rio-de-janeiro-30m2-id-2904078716/
duplicata de conteúdo (mesmo imóvel),Centro,Avenida República do Chile,99344.0,50523.0,1774.0,,2903884829,https://www.zapimoveis.com.br/imovel/aluguel-conjunto-comercial-sala-centro-rio-de-janeiro-1774m2-id-2903884829/
duplicata de conteúdo (mesmo imóvel),Centro,Avenida República do Chile,198688.0,100800.0,3548.0,,2903678093,https://www.zapimoveis.com.br/imovel/aluguel-conjunto-comercial-sala-com-ar-condicionado-centro-rio-de-janeiro-3548m2-id-2903678093/
duplicata de conteúdo (mesmo imóvel),Centro,Rua Senador Dantas,1400.0,760.0,30.0,,2903100046,https://www.zapimoveis.com.br/imovel/aluguel-quitinete-com-churrasqueira-centro-rio-de-janeiro-30m2-id-2903100046/
duplicata de conteúdo (mesmo imóvel),Centro,Rua Sete de Setembro,50000.0,2522.0,271.0,,2902610804,https://www.zapimoveis.com.br/imovel/aluguel-loja-salao-centro-rio-de-janeiro-271m2-id-2902610804/
duplicata de conteúdo (mesmo imóvel),Centro,Rua Senador Dantas,30000.0,0.0,562.0,,2902575112,https://www.zapimoveis.com.br/imovel/aluguel-predio-com-ar-condicionado-centro-rio-de-janeiro-562m2-id-2902575112/
duplicata de conteúdo (mesmo imóvel),Centro,Rua da Assembléia,20000.0,8251.0,357.0,,2902009096,https://www.zapimoveis.com.br/imovel/aluguel-conjunto-comercial-sala-com-interfone-centro-rio-de-janeiro-357m2-id-2902009096/
duplicata de conteúdo (mesmo imóvel),Centro,Avenida Rio Branco,3900.0,5576.0,254.0,,2901252732,https://www.zapimoveis.com.br/imovel/aluguel-loja-salao-com-cozinha-centro-rio-de-janeiro-254m2-id-2901252732/
duplicata de conteúdo (mesmo imóvel),Centro,Rua Sete de Setembro,6000.0,5221.0,283.0,,2901255504,https://www.zapimoveis.com.br/imovel/aluguel-conjunto-comercial-sala-com-escritorio-centro-rio-de-janeiro-283m2-id-2901255504/
duplicata de conteúdo (mesmo imóvel),Centro,Travessa do Ouvidor,11000.0,3438.0,163.0,,2901165342,https://www.zapimoveis.com.br/imovel/aluguel-conjunto-comercial-sala-centro-rio-de-janeiro-163m2-id-2901165342/
duplicata de conteúdo (mesmo imóvel),Centro,Avenida Nilo Peçanha,5000.0,1411.0,74.0,,2901161738,https://www.zapimoveis.com.br/imovel/aluguel-conjunto-comercial-sala-centro-rio-de-janeiro-74m2-id-2901161738/
duplicata de conteúdo (mesmo imóvel),Centro,Praça Floriano,4000.0,2809.0,195.0,,2901058407,https://www.zapimoveis.com.br/imovel/aluguel-andar-laje-corporativa-centro-rio-de-janeiro-195m2-id-2901058407/
duplicata de conteúdo (mesmo imóvel),Centro,Praça Floriano,7000.0,5618.0,390.0,,2901056891,https://www.zapimoveis.com.br/imovel/aluguel-andar-laje-corporativa-com-ambientes-integrados-centro-rio-de-janeiro-390m2-id-2901056891/
duplicata de conteúdo (mesmo imóvel),Centro,Rua da Quitanda,30000.0,0.0,208.0,,2900946820,https://www.zapimoveis.com.br/imovel/aluguel-loja-salao-com-copa-centro-rio-de-janeiro-208m2-id-2900946820/
duplicata de conteúdo (mesmo imóvel),Centro,Avenida Rio Branco,12000.0,0.0,50.0,,2900946429,https://www.zapimoveis.com.br/imovel/aluguel-loja-salao-com-ar-condicionado-centro-rio-de-janeiro-50m2-id-2900946429/
duplicata de conteúdo (mesmo imóvel),Centro,Rua Sete de Setembro,50000.0,2522.0,271.0,,2900759002,https://www.zapimoveis.com.br/imovel/aluguel-conjunto-comercial-sala-centro-rio-de-janeiro-271m2-id-2900759002/
duplicata de conteúdo (mesmo imóvel),Centro,Rua da Assembléia,20000.0,8251.0,481.0,,2900478783,https://www.zapimoveis.com.br/imovel/aluguel-andar-laje-corporativa-centro-rio-de-janeiro-481m2-id-2900478783/
duplicata de conteúdo (mesmo imóvel),Centro,Rua do Passeio,20000.0,5457.0,350.0,,2900427415,https://www.zapimoveis.com.br/imovel/aluguel-loja-salao-com-ar-condicionado-centro-rio-de-janeiro-350m2-id-2900427415/
duplicata de conteúdo (mesmo imóvel),Centro,Rua Sete de Setembro,50000.0,2522.0,271.0,,2899819231,https://www.zapimoveis.com.br/imovel/aluguel-loja-salao-centro-rio-de-janeiro-271m2-id-2899819231/
duplicata de conteúdo (mesmo imóvel),Centro,Rua da Quitanda,30000.0,0.0,208.0,,2899821678,https://www.zapimoveis.com.br/imovel/aluguel-loja-salao-centro-rio-de-janeiro-208m2-id-2899821678/
duplicata de conteúdo (mesmo imóvel),Centro,Avenida Rio Branco,12000.0,0.0,50.0,,2899817608,https://www.zapimoveis.com.br/imovel/aluguel-loja-salao-centro-rio-de-janeiro-50m2-id-2899817608/
duplicata de conteúdo (mesmo imóvel),Centro,Rua do Ouvidor,30000.0,5526.0,170.0,,2899821396,https://www.zapimoveis.com.br/imovel/aluguel-loja-salao-centro-rio-de-janeiro-170m2-id-2899821396/
duplicata de conteúdo (mesmo imóvel),Centro,Rua do Passeio,150000.0,0.0,2049.0,,2899674907,https://www.zapimoveis.com.br/imovel/aluguel-loja-salao-com-cozinha-centro-rio-de-janeiro-2049m2-id-2899674907/
duplicata de conteúdo (mesmo imóvel),Centro,Praça Floriano,15200.0,8036.0,242.0,,2899676000,https://www.zapimoveis.com.br/imovel/aluguel-conjunto-comercial-sala-centro-rio-de-janeiro-242m2-id-2899676000/
duplicata de conteúdo (mesmo imóvel),Centro,Avenida Marechal Câmara,20000.0,13366.0,430.0,,2899287379,https://www.zapimoveis.com.br/imovel/aluguel-conjunto-comercial-sala-centro-rio-de-janeiro-430m2-id-2899287379/
duplicata de conteúdo (mesmo imóvel),Centro,Avenida Rio Branco,15600.0,6469.0,229.0,,2899163051,https://www.zapimoveis.com.br/imovel/aluguel-conjunto-comercial-sala-mobiliado-centro-rio-de-janeiro-229m2-id-2899163051/
duplicata de conteúdo (mesmo imóvel),Centro,Rua Senador Dantas,800.0,708.0,36.0,,2899108705,https://www.zapimoveis.com.br/imovel/aluguel-conjunto-comercial-sala-centro-rio-de-janeiro-36m2-id-2899108705/
duplicata de conteúdo (mesmo imóvel),Centro,Rua São José,5000.0,4500.0,210.0,,2899067894,https://www.zapimoveis.com.br/imovel/aluguel-andar-laje-corporativa-com-gesso---sanca---teto-rebaixado-centro-rio-de-janeiro-210m2-id-2899067894/
duplicata de conteúdo (mesmo imóvel),Centro,Rua Sete de Setembro,50000.0,2522.0,271.0,,2899028181,https://www.zapimoveis.com.br/imovel/aluguel-loja-salao-centro-rio-de-janeiro-271m2-id-2899028181/
duplicata de conteúdo (mesmo imóvel),Centro,Rua da Assembléia,20000.0,8251.0,357.0,,2899028280,https://www.zapimoveis.com.br/imovel/aluguel-conjunto-comercial-sala-centro-rio-de-janeiro-357m2-id-2899028280/
duplicata de conteúdo (mesmo imóvel),Centro,Praça Floriano,15200.0,8036.0,242.0,,2899028474,https://www.zapimoveis.com.br/imovel/aluguel-conjunto-comercial-sala-centro-rio-de-janeiro-242m2-id-2899028474/
duplicata de conteúdo (mesmo imóvel),Centro,Praça Floriano,15200.0,8036.0,242.0,,2899028179,https://www.zapimoveis.com.br/imovel/aluguel-conjunto-comercial-sala-centro-rio-de-janeiro-242m2-id-2899028179/
duplicata de conteúdo (mesmo imóvel),Centro,Praça Floriano,15200.0,8036.0,242.0,,2899023697,https://www.zapimoveis.com.br/imovel/aluguel-conjunto-comercial-sala-centro-rio-de-janeiro-242m2-id-2899023697/
duplicata de conteúdo (mesmo imóvel),Centro,Praça Floriano,15200.0,8036.0,242.0,,2899027690,https://www.zapimoveis.com.br/imovel/aluguel-conjunto-comercial-sala-centro-rio-de-janeiro-242m2-id-2899027690/
duplicata de conteúdo (mesmo imóvel),Centro,Praça Floriano,15200.0,8036.0,242.0,,2899028473,https://www.zapimoveis.com.br/imovel/aluguel-conjunto-comercial-sala-centro-rio-de-janeiro-242m2-id-2899028473/
duplicata de conteúdo (mesmo imóvel),Centro,Praça Floriano,15200.0,8036.0,242.0,,2899023696,https://www.zapimoveis.com.br/imovel/aluguel-conjunto-comercial-sala-centro-rio-de-janeiro-242m2-id-2899023696/
duplicata de conteúdo (mesmo imóvel),Centro,Rua do Ouvidor,8800.0,3684.0,177.0,,2898741820,https://www.zapimoveis.com.br/imovel/aluguel-conjunto-comercial-sala-com-acesso-24-horas-centro-rio-de-janeiro-177m2-id-2898741820/
duplicata de conteúdo (mesmo imóvel),Centro,Avenida Rio Branco,3500.0,3250.0,219.0,,2898112209,https://www.zapimoveis.com.br/imovel/aluguel-conjunto-comercial-sala-com-ar-condicionado-centro-rio-de-janeiro-219m2-id-2898112209/
duplicata de conteúdo (mesmo imóvel),Centro,Rua Senador Dantas,1400.0,760.0,30.0,,2897933633,https://www.zapimoveis.com.br/imovel/aluguel-quitinete-com-churrasqueira-centro-rio-de-janeiro-30m2-id-2897933633/
duplicata de conteúdo (mesmo imóvel),Centro,Travessa do Ouvidor,11000.0,3438.0,163.0,,2897760285,https://www.zapimoveis.com.br/imovel/aluguel-conjunto-comercial-sala-com-seguranca-interna-centro-rio-de-janeiro-163m2-id-2897760285/
duplicata de conteúdo (mesmo imóvel),Centro,Avenida Marechal Floriano,18000.0,11300.0,470.0,,2897748975,https://www.zapimoveis.com.br/imovel/aluguel-conjunto-comercial-sala-centro-rio-de-janeiro-470m2-id-2897748975/
duplicata de conteúdo (mesmo imóvel),Centro,Avenida Marechal Floriano,18000.0,11300.0,470.0,,2897748678,https://www.zapimoveis.com.br/imovel/aluguel-conjunto-comercial-sala-centro-rio-de-janeiro-470m2-id-2897748678/
duplicata de conteúdo (mesmo imóvel),Centro,Avenida Marechal Floriano,18000.0,11300.0,470.0,,2897748677,https://www.zapimoveis.com.br/imovel/aluguel-conjunto-comercial-sala-centro-rio-de-janeiro-470m2-id-2897748677/
duplicata de conteúdo (mesmo imóvel),Centro,Rua Riachuelo,4500.0,2244.0,95.0,,2897749077,https://www.zapimoveis.com.br/imovel/aluguel-loja-salao-com-cozinha-centro-rio-de-janeiro-95m2-id-2897749077/
duplicata de conteúdo (mesmo imóvel),Centro,Rua do Ouvidor,15180.0,24223.0,759.0,,2897611874,https://www.zapimoveis.com.br/imovel/aluguel-loja-salao-centro-rio-de-janeiro-759m2-id-2897611874/
duplicata de conteúdo (mesmo imóvel),Centro,Rua do Ouvidor,15180.0,24223.0,759.0,,2897611290,https://www.zapimoveis.com.br/imovel/aluguel-loja-salao-centro-rio-de-janeiro-759m2-id-2897611290/
duplicata de conteúdo (mesmo imóvel),Centro,Rua da Assembléia,1200.0,1311.0,30.0,,2897581524,https://www.zapimoveis.com.br/imovel/aluguel-conjunto-comercial-sala-com-ambientes-integrados-centro-rio-de-janeiro-30m2-id-2897581524/
duplicata de conteúdo (mesmo imóvel),Centro,Avenida Almirante Barroso,21000.0,12266.0,350.0,,2897565007,https://www.zapimoveis.com.br/imovel/aluguel-conjunto-comercial-sala-com-elevador-centro-rio-de-janeiro-350m2-id-2897565007/
duplicata de conteúdo (mesmo imóvel),Centro,Rua México,3600.0,950.0,110.0,,2897477394,https://www.zapimoveis.com.br/imovel/aluguel-andar-laje-corporativa-com-hall-de-entrada-centro-rio-de-janeiro-110m2-id-2897477394/
duplicata de conteúdo (mesmo imóvel),Centro,Rua da Quitanda,30000.0,0.0,208.0,,2897302997,https://www.zapimoveis.com.br/imovel/aluguel-loja-salao-centro-rio-de-janeiro-208m2-id-2897302997/
duplicata de conteúdo (mesmo imóvel),Centro,Avenida Rio Branco,14500.0,0.0,50.0,,2897301376,https://www.zapimoveis.com.br/imovel/aluguel-loja-salao-centro-rio-de-janeiro-50m2-id-2897301376/
duplicata de conteúdo (mesmo imóvel),Centro,Rua Candelária,34320.0,16619.0,858.0,,2896793814,https://www.zapimoveis.com.br/imovel/aluguel-conjunto-comercial-sala-com-interfone-centro-rio-de-janeiro-858m2-id-2896793814/
duplicata de conteúdo (mesmo imóvel),Centro,Rua Candelária,34320.0,16619.0,858.0,,2896794483,https://www.zapimoveis.com.br/imovel/aluguel-conjunto-comercial-sala-com-tv-a-cabo-centro-rio-de-janeiro-858m2-id-2896794483/
duplicata de conteúdo (mesmo imóvel),Centro,Avenida Nilo Peçanha,5000.0,651.0,74.0,,2895923286,https://www.zapimoveis.com.br/imovel/aluguel-conjunto-comercial-sala-com-cozinha-centro-rio-de-janeiro-74m2-id-2895923286/
duplicata de conteúdo (mesmo imóvel),Centro,Avenida Nilo Peçanha,5000.0,651.0,74.0,,2895877810,https://www.zapimoveis.com.br/imovel/aluguel-conjunto-comercial-sala-com-tv-a-cabo-centro-rio-de-janeiro-74m2-id-2895877810/
duplicata de conteúdo (mesmo imóvel),Centro,Rua do Mercado,50000.0,5000.0,400.0,,2895360686,https://www.zapimoveis.com.br/imovel/aluguel-conjunto-comercial-sala-com-escritorio-centro-rio-de-janeiro-400m2-id-2895360686/
duplicata de conteúdo (mesmo imóvel),Centro,Avenida Presidente Vargas,58500.0,20909.0,1300.0,,2894939883,https://www.zapimoveis.com.br/imovel/aluguel-conjunto-comercial-sala-com-interfone-centro-rio-de-janeiro-1300m2-id-2894939883/
duplicata de conteúdo (mesmo imóvel),Centro,Rua do Passeio,150000.0,0.0,2049.0,,2894929678,https://www.zapimoveis.com.br/imovel/aluguel-loja-salao-com-interfone-centro-rio-de-janeiro-2049m2-id-2894929678/
duplicata de conteúdo (mesmo imóvel),Centro,Rua Sete de Setembro,50000.0,2522.0,271.0,,2894928693,https://www.zapimoveis.com.br/imovel/aluguel-loja-salao-com-ar-condicionado-centro-rio-de-janeiro-271m2-id-2894928693/
duplicata de conteúdo (mesmo imóvel),Centro,Rua do Ouvidor,8800.0,3684.0,177.0,,2894789882,https://www.zapimoveis.com.br/imovel/aluguel-andar-laje-corporativa-com-interfone-centro-rio-de-janeiro-177m2-id-2894789882/
duplicata de conteúdo (mesmo imóvel),Centro,Rua Primeiro de Março,700.0,1500.0,40.0,,2894708634,https://www.zapimoveis.com.br/imovel/aluguel-conjunto-comercial-sala-centro-rio-de-janeiro-40m2-id-2894708634/
duplicata de conteúdo (mesmo imóvel),Centro,Rua do Passeio,16000.0,5198.0,372.0,,2894695888,https://www.zapimoveis.com.br/imovel/aluguel-conjunto-comercial-sala-centro-rio-de-janeiro-372m2-id-2894695888/
duplicata de conteúdo (mesmo imóvel),Centro,Rua da Assembléia,900.0,1442.0,42.0,,2894620313,https://www.zapimoveis.com.br/imovel/aluguel-conjunto-comercial-sala-centro-rio-de-janeiro-42m2-id-2894620313/
duplicata de conteúdo (mesmo imóvel),Centro,Avenida Rio Branco,5500.0,8300.0,314.0,,2894624889,https://www.zapimoveis.com.br/imovel/aluguel-conjunto-comercial-sala-centro-rio-de-janeiro-314m2-id-2894624889/
duplicata de conteúdo (mesmo imóvel),Centro,Avenida Nilo Peçanha,5000.0,1444.0,74.0,,2893992410,https://www.zapimoveis.com.br/imovel/aluguel-conjunto-comercial-sala-com-escritorio-centro-rio-de-janeiro-74m2-id-2893992410/
duplicata de conteúdo (mesmo imóvel),Centro,Avenida Treze de Maio,1800.0,924.0,90.0,,2893987905,https://www.zapimoveis.com.br/imovel/aluguel-conjunto-comercial-sala-com-escritorio-centro-rio-de-janeiro-90m2-id-2893987905/
duplicata de conteúdo (mesmo imóvel),Cidade Nova,Avenida Presidente Vargas,7000.0,6728.0,447.0,,2905453719,https://www.zapimoveis.com.br/imovel/aluguel-conjunto-comercial-sala-cidade-nova-rio-de-janeiro-447m2-id-2905453719/
duplicata de conteúdo (mesmo imóvel),Cidade Nova,Avenida Presidente Vargas,113000.0,36160.0,2260.0,,2898734106,https://www.zapimoveis.com.br/imovel/aluguel-conjunto-comercial-sala-com-ar-condicionado-cidade-nova-rio-de-janeiro-2260m2-id-2898734106/
duplicata de conteúdo (mesmo imóvel),Cidade Nova,Avenida Presidente Vargas,113000.0,36160.0,2260.0,,2897898390,https://www.zapimoveis.com.br/imovel/aluguel-conjunto-comercial-sala-com-cozinha-cidade-nova-rio-de-janeiro-2260m2-id-2897898390/
duplicata de conteúdo (mesmo imóvel),Cidade Nova,Avenida Presidente Vargas,6700.0,7857.0,268.0,,2895362185,https://www.zapimoveis.com.br/imovel/aluguel-conjunto-comercial-sala-cidade-nova-rio-de-janeiro-268m2-id-2895362185/
duplicata de conteúdo (mesmo imóvel),Cidade Nova,Avenida Presidente Vargas,113000.0,36160.0,2260.0,,2885315674,https://www.zapimoveis.com.br/imovel/aluguel-loja-salao-com-churrasqueira-cidade-nova-rio-de-janeiro-2260m2-id-2885315674/
duplicata de conteúdo (mesmo imóvel),Cidade Nova,Avenida Presidente Vargas,8000.0,3200.0,300.0,,2867837864,https://www.zapimoveis.com.br/imovel/aluguel-loja-salao-com-ar-condicionado-cidade-nova-rio-de-janeiro-300m2-id-2867837864/
duplicata de conteúdo (mesmo imóvel),Cidade Nova,Rua Deputado Ulysses Guimarães,141120.0,78400.0,3136.0,,2864161567,https://www.zapimoveis.com.br/imovel/aluguel-conjunto-comercial-sala-com-cozinha-cidade-nova-rio-de-janeiro-3136m2-id-2864161567/
duplicata de conteúdo (mesmo imóvel),Cidade Nova,Rua Dom Marcos Barbosa,76185.0,42325.0,1693.0,,2863451664,https://www.zapimoveis.com.br/imovel/aluguel-conjunto-comercial-sala-com-elevador-cidade-nova-rio-de-janeiro-1693m2-id-2863451664/
duplicata de conteúdo (mesmo imóvel),Cidade Nova,Rua Deputado Ulysses Guimarães,64935.0,36075.0,1443.0,,2862720454,https://www.zapimoveis.com.br/imovel/aluguel-conjunto-comercial-sala-com-copa-cidade-nova-rio-de-janeiro-1443m2-id-2862720454/
duplicata de conteúdo (mesmo imóvel),Cidade Nova,Rua Dom Marcos Barbosa,49590.0,27550.0,1102.0,,2862720062,https://www.zapimoveis.com.br/imovel/aluguel-conjunto-comercial-sala-com-ar-condicionado-cidade-nova-rio-de-janeiro-1102m2-id-2862720062/
duplicata de conteúdo (mesmo imóvel),Cidade Nova,Avenida Presidente Vargas,125000.0,36000.0,2500.0,,2858267954,https://www.zapimoveis.com.br/imovel/aluguel-loja-salao-com-churrasqueira-cidade-nova-rio-de-janeiro-2500m2-id-2858267954/
duplicata de conteúdo (mesmo imóvel),Cidade Nova,Avenida Presidente Vargas,5000.0,725.0,34.0,1,2814880025,https://www.zapimoveis.com.br/imovel/aluguel-studio-1-quarto-com-interfone-cidade-nova-rio-de-janeiro-34m2-id-2814880025/
duplicata de conteúdo (mesmo imóvel),Cidade Nova,Rua Dom Marcos Barbosa,37500.0,6860.0,457.0,,2784338517,https://www.zapimoveis.com.br/imovel/aluguel-conjunto-comercial-sala-com-varanda-cidade-nova-rio-de-janeiro-457m2-id-2784338517/
duplicata de conteúdo (mesmo imóvel),Cidade Nova,Rua Dom Marcos Barbosa,409200.0,82267.0,4984.0,,2784333329,https://www.zapimoveis.com.br/imovel/aluguel-conjunto-comercial-sala-com-cozinha-cidade-nova-rio-de-janeiro-4984m2-id-2784333329/
duplicata de conteúdo (mesmo imóvel),Cidade Nova,Rua Dom Marcos Barbosa,125440.0,51750.0,3136.0,,2784335749,https://www.zapimoveis.com.br/imovel/aluguel-conjunto-comercial-sala-cidade-nova-rio-de-janeiro-3136m2-id-2784335749/
duplicata de conteúdo (mesmo imóvel),Cidade Nova,Rua Dom Marcos Barbosa,64000.0,23900.0,1443.0,,2751203905,https://www.zapimoveis.com.br/imovel/aluguel-conjunto-comercial-sala-com-varanda-cidade-nova-rio-de-janeiro-1443m2-id-2751203905/
duplicata de conteúdo (mesmo imóvel),Estácio,Rua Joaquim Palhares,60000.0,32880.0,0.0,,2577340044,https://www.zapimoveis.com.br/imovel/aluguel-andar-laje-corporativa-estacio-rio-de-janeiro-11377m2-id-2577340044/
duplicata de conteúdo (mesmo imóvel),Paquetá,Rua Pinheiro Freire,2000.0,0.0,80.0,2,2824999022,https://www.zapimoveis.com.br/imovel/aluguel-apartamento-2-quartos-com-jardim-paqueta-rio-de-janeiro-80m2-id-2824999022/
duplicata de conteúdo (mesmo imóvel),Paquetá,Rua Pinheiro Freire,2000.0,0.0,80.0,2,2538223500,https://www.zapimoveis.com.br/imovel/aluguel-apartamento-2-quartos-paqueta-rio-de-janeiro-80m2-id-2538223500/
duplicata de conteúdo (mesmo imóvel),Rio Comprido,Rua do Matoso,2700.0,114.0,58.0,,2909633323,https://www.zapimoveis.com.br/imovel/aluguel-loja-salao-rio-comprido-rio-de-janeiro-58m2-id-2909633323/
duplicata de conteúdo (mesmo imóvel),Rio Comprido,Avenida Paulo de Frontin,390000.0,,6724.0,,2757046221,https://www.zapimoveis.com.br/imovel/aluguel-predio-com-ar-condicionado-rio-comprido-rio-de-janeiro-6724m2-id-2757046221/
duplicata de conteúdo (mesmo imóvel),Rio Comprido,Avenida Paulo de Frontin,330000.0,0.0,6700.0,,2427440874,https://www.zapimoveis.com.br/imovel/aluguel-predio-com-andar-inteiro-rio-comprido-rio-de-janeiro-6700m2-id-2427440874/
duplicata de conteúdo (mesmo imóvel),Santo Cristo,Rua Pedro Alves,17000.0,,750.0,,2885065678,https://www.zapimoveis.com.br/imovel/aluguel-galpao-deposito-armazem-santo-cristo-rio-de-janeiro-750m2-id-2885065678/
duplicata de conteúdo (mesmo imóvel),Santo Cristo,Avenida Oscar Niemeyer,150000.0,49800.0,1200.0,,2837370016,https://www.zapimoveis.com.br/imovel/aluguel-conjunto-comercial-sala-mobiliado-santo-cristo-rio-de-janeiro-1200m2-id-2837370016/
duplicata de conteúdo (mesmo imóvel),Santo Cristo,Avenida Oscar Niemeyer,119375.0,39600.0,955.0,,2837366141,https://www.zapimoveis.com.br/imovel/aluguel-conjunto-comercial-sala-mobiliado-santo-cristo-rio-de-janeiro-955m2-id-2837366141/
duplicata de conteúdo (mesmo imóvel),Santo Cristo,Avenida Oscar Niemeyer,143125.0,47500.0,1145.0,,2837367728,https://www.zapimoveis.com.br/imovel/aluguel-conjunto-comercial-sala-mobiliado-santo-cristo-rio-de-janeiro-1145m2-id-2837367728/
duplicata de conteúdo (mesmo imóvel),Santo Cristo,Avenida Oscar Niemeyer,143125.0,47500.0,1145.0,,2837368914,https://www.zapimoveis.com.br/imovel/aluguel-conjunto-comercial-sala-mobiliado-santo-cristo-rio-de-janeiro-1145m2-id-2837368914/
duplicata de conteúdo (mesmo imóvel),Santo Cristo,Avenida Oscar Niemeyer,150000.0,49800.0,1200.0,,2837368913,https://www.zapimoveis.com.br/imovel/aluguel-conjunto-comercial-sala-mobiliado-santo-cristo-rio-de-janeiro-1200m2-id-2837368913/
duplicata de conteúdo (mesmo imóvel),Santo Cristo,Avenida Oscar Niemeyer,143125.0,47500.0,1145.0,,2837368719,https://www.zapimoveis.com.br/imovel/aluguel-conjunto-comercial-sala-mobiliado-santo-cristo-rio-de-janeiro-1145m2-id-2837368719/
duplicata de conteúdo (mesmo imóvel),Santo Cristo,Avenida Oscar Niemeyer,133800.0,39600.0,955.0,,2837368422,https://www.zapimoveis.com.br/imovel/aluguel-conjunto-comercial-sala-mobiliado-santo-cristo-rio-de-janeiro-955m2-id-2837368422/
duplicata de conteúdo (mesmo imóvel),Santo Cristo,Avenida Oscar Niemeyer,150000.0,49800.0,1200.0,,2837045221,https://www.zapimoveis.com.br/imovel/aluguel-conjunto-comercial-sala-mobiliado-santo-cristo-rio-de-janeiro-1200m2-id-2837045221/
duplicata de conteúdo (mesmo imóvel),Santo Cristo,Avenida Oscar Niemeyer,206250.0,68367.0,1651.0,,2836770031,https://www.zapimoveis.com.br/imovel/aluguel-conjunto-comercial-sala-mobiliado-santo-cristo-rio-de-janeiro-1651m2-id-2836770031/
duplicata de conteúdo (mesmo imóvel),Santo Cristo,Rua Pedro Alves,150000.0,0.0,3528.0,,2830314543,https://www.zapimoveis.com.br/imovel/aluguel-galpao-deposito-armazem-mobiliado-santo-cristo-rio-de-janeiro-3528m2-id-2830314543/
duplicata de conteúdo (mesmo imóvel),Santo Cristo,Rua Equador,25000.0,9500.0,500.0,,2811255184,https://www.zapimoveis.com.br/imovel/aluguel-conjunto-comercial-sala-com-interfone-santo-cristo-rio-de-janeiro-500m2-id-2811255184/
duplicata de conteúdo (mesmo imóvel),Santo Cristo,Rua Pedro Alves,120000.0,0.0,8702.0,,2808119153,https://www.zapimoveis.com.br/imovel/aluguel-galpao-deposito-armazem-com-escritorio-santo-cristo-rio-de-janeiro-8702m2-id-2808119153/
duplicata de conteúdo (mesmo imóvel),Santo Cristo,Avenida Cidade Lima,49920.0,26965.0,624.0,,2789760823,https://www.zapimoveis.com.br/imovel/aluguel-conjunto-comercial-sala-santo-cristo-rio-de-janeiro-624m2-id-2789760823/
duplicata de conteúdo (mesmo imóvel),Santo Cristo,Rua Equador,50000.0,19000.0,1000.0,,2789760432,https://www.zapimoveis.com.br/imovel/aluguel-conjunto-comercial-sala-com-interfone-santo-cristo-rio-de-janeiro-1000m2-id-2789760432/
duplicata de conteúdo (mesmo imóvel),Santo Cristo,Avenida Cidade Lima,57330.0,26965.0,637.0,,2789760537,https://www.zapimoveis.com.br/imovel/aluguel-conjunto-comercial-sala-santo-cristo-rio-de-janeiro-637m2-id-2789760537/
duplicata de conteúdo (mesmo imóvel),Santo Cristo,Avenida Cidade Lima,53040.0,26965.0,624.0,,2789759359,https://www.zapimoveis.com.br/imovel/aluguel-conjunto-comercial-sala-santo-cristo-rio-de-janeiro-624m2-id-2789759359/
duplicata de conteúdo (mesmo imóvel),Santo Cristo,Avenida Cidade Lima,80000.0,52416.0,1248.0,,2789755535,https://www.zapimoveis.com.br/imovel/aluguel-conjunto-comercial-sala-mobiliado-santo-cristo-rio-de-janeiro-1248m2-id-2789755535/
duplicata de conteúdo (mesmo imóvel),Santo Cristo,Avenida Cidade Lima,60990.0,26965.0,642.0,,2789758132,https://www.zapimoveis.com.br/imovel/aluguel-conjunto-comercial-sala-santo-cristo-rio-de-janeiro-642m2-id-2789758132/
duplicata de conteúdo (mesmo imóvel),Santo Cristo,Rua Equador,100000.0,38000.0,2000.0,,2788929933,https://www.zapimoveis.com.br/imovel/aluguel-conjunto-comercial-sala-com-lavabo-santo-cristo-rio-de-janeiro-2000m2-id-2788929933/
duplicata de conteúdo (mesmo imóvel),Santo Cristo,Rua Equador,50000.0,19000.0,1000.0,,2788932227,https://www.zapimoveis.com.br/imovel/aluguel-conjunto-comercial-sala-com-cozinha-santo-cristo-rio-de-janeiro-1000m2-id-2788932227/
duplicata de conteúdo (mesmo imóvel),Santo Cristo,Rua Equador,25000.0,9500.0,500.0,,2788932226,https://www.zapimoveis.com.br/imovel/aluguel-conjunto-comercial-sala-com-cozinha-santo-cristo-rio-de-janeiro-500m2-id-2788932226/
duplicata de conteúdo (mesmo imóvel),Santo Cristo,Rua Equador,25000.0,9500.0,500.0,,2788929931,https://www.zapimoveis.com.br/imovel/aluguel-conjunto-comercial-sala-com-copa-santo-cristo-rio-de-janeiro-500m2-id-2788929931/
duplicata de conteúdo (mesmo imóvel),Santo Cristo,Rua Equador,25000.0,9500.0,500.0,,2788566233,https://www.zapimoveis.com.br/imovel/aluguel-conjunto-comercial-sala-santo-cristo-rio-de-janeiro-500m2-id-2788566233/
duplicata de conteúdo (mesmo imóvel),Santo Cristo,Rua Equador,25000.0,9500.0,500.0,,2788566428,https://www.zapimoveis.com.br/imovel/aluguel-conjunto-comercial-sala-com-lavabo-santo-cristo-rio-de-janeiro-500m2-id-2788566428/
duplicata de conteúdo (mesmo imóvel),Santo Cristo,Rua Equador,50000.0,19000.0,1000.0,,2788565223,https://www.zapimoveis.com.br/imovel/aluguel-conjunto-comercial-sala-com-cozinha-santo-cristo-rio-de-janeiro-1000m2-id-2788565223/
duplicata de conteúdo (mesmo imóvel),Santo Cristo,Rua Equador,50000.0,19000.0,1000.0,,2788563352,https://www.zapimoveis.com.br/imovel/aluguel-conjunto-comercial-sala-com-lavabo-santo-cristo-rio-de-janeiro-1000m2-id-2788563352/
duplicata de conteúdo (mesmo imóvel),Santo Cristo,Rua Equador,100000.0,38000.0,2000.0,,2788565331,https://www.zapimoveis.com.br/imovel/aluguel-conjunto-comercial-sala-com-lavabo-santo-cristo-rio-de-janeiro-2000m2-id-2788565331/
duplicata de conteúdo (mesmo imóvel),Santo Cristo,Rua Equador,25000.0,9500.0,500.0,,2788567021,https://www.zapimoveis.com.br/imovel/aluguel-conjunto-comercial-sala-com-interfone-santo-cristo-rio-de-janeiro-500m2-id-2788567021/
duplicata de conteúdo (mesmo imóvel),Saúde,Avenida Barão de Tefé,44200.0,12531.0,442.0,,2863934591,https://www.zapimoveis.com.br/imovel/aluguel-conjunto-comercial-sala-mobiliado-saude-rio-de-janeiro-442m2-id-2863934591/
duplicata de conteúdo (mesmo imóvel),Andaraí,Rua Sousa Cruz,6000.0,,46.0,,2896143120,https://www.zapimoveis.com.br/imovel/aluguel-loja-salao-andarai-rio-de-janeiro-46m2-id-2896143120/
duplicata de conteúdo (mesmo imóvel),Andaraí,Rua Sousa Cruz,6000.0,0.0,140.0,,2891283995,https://www.zapimoveis.com.br/imovel/aluguel-predio-com-deposito-privativo-andarai-rio-de-janeiro-140m2-id-2891283995/
duplicata de conteúdo (mesmo imóvel),Andaraí,Rua Paula Brito,2000.0,100.0,87.0,,2852848625,https://www.zapimoveis.com.br/imovel/aluguel-loja-salao-com-escritorio-andarai-rio-de-janeiro-87m2-id-2852848625/
duplicata de conteúdo (mesmo imóvel),Bento Ribeiro,Rua Teles Barreto,9000.0,,700.0,,2860159768,https://www.zapimoveis.com.br/imovel/aluguel-galpao-deposito-armazem-mobiliado-bento-ribeiro-rio-de-janeiro-700m2-id-2860159768/
duplicata de conteúdo (mesmo imóvel),Bento Ribeiro,Rua Teresa Santos,1100.0,,28.0,1,2741488880,https://www.zapimoveis.com.br/imovel/aluguel-casa-de-vila-1-quarto-com-cozinha-americana-bento-ribeiro-rio-de-janeiro-28m2-id-2741488880/
duplicata de conteúdo (mesmo imóvel),Bonsucesso,Rua Barros Barreto,7000.0,,374.0,1,2905447760,https://www.zapimoveis.com.br/imovel/aluguel-1-quarto-com-copa-bonsucesso-rio-de-janeiro-374m2-id-2905447760/
duplicata de conteúdo (mesmo imóvel),Bonsucesso,Avenida Guilherme Maxwell,30000.0,,1223.0,,2873345364,https://www.zapimoveis.com.br/imovel/aluguel-loja-salao-com-cozinha-grande-bonsucesso-rio-de-janeiro-1223m2-id-2873345364/
duplicata de conteúdo (mesmo imóvel),Bonsucesso,Avenida Guilherme Maxwell,30000.0,,1223.0,,2873345209,https://www.zapimoveis.com.br/imovel/aluguel-loja-salao-com-cozinha-grande-bonsucesso-rio-de-janeiro-1223m2-id-2873345209/
duplicata de conteúdo (mesmo imóvel),Cacuia,Rua Almirante Pestana,1200.0,100.0,40.0,1,2906432562,https://www.zapimoveis.com.br/imovel/aluguel-apartamento-1-quarto-cacuia-rio-de-janeiro-40m2-id-2906432562/
duplicata de conteúdo (mesmo imóvel),Cascadura,Avenida Ernani Cardoso,200.0,518.0,18.0,,2904714318,https://www.zapimoveis.com.br/imovel/aluguel-conjunto-comercial-sala-cascadura-rio-de-janeiro-18m2-id-2904714318/
duplicata de conteúdo (mesmo imóvel),Cascadura,Avenida Ernani Cardoso,200.0,518.0,18.0,,2904709353,https://www.zapimoveis.com.br/imovel/aluguel-com-varanda-cascadura-rio-de-janeiro-18m2-id-2904709353/
duplicata de conteúdo (mesmo imóvel),Del Castilho,Rua Atílio Milano,15000.0,0.0,240.0,,2903787502,https://www.zapimoveis.com.br/imovel/aluguel-galpao-deposito-armazem-com-copa-del-castilho-rio-de-janeiro-240m2-id-2903787502/
duplicata de conteúdo (mesmo imóvel),Del Castilho,Avenida Dom Hélder Câmara,1190.0,450.0,70.0,2,2898726475,https://www.zapimoveis.com.br/imovel/aluguel-apartamento-2-quartos-com-cozinha-del-castilho-rio-de-janeiro-70m2-id-2898726475/
duplicata de conteúdo (mesmo imóvel),Engenho Novo,Rua Barão do Bom Retiro,700.0,720.0,37.0,1,,
duplicata de conteúdo (mesmo imóvel),Freguesia (Ilha do Governador),Avenida Paranapuam,5000.0,,100.0,,2848503630,https://www.zapimoveis.com.br/imovel/aluguel-casa-freguesia-ilha-do-governador-rio-de-janeiro-100m2-id-2848503630/
duplicata de conteúdo (mesmo imóvel),Grajaú,Rua Barão de Mesquita,3800.0,0.0,119.0,,2909633030,https://www.zapimoveis.com.br/imovel/aluguel-loja-salao-com-escritorio-grajau-rio-de-janeiro-119m2-id-2909633030/
duplicata de conteúdo (mesmo imóvel),Grajaú,Rua Barão de Mesquita,2300.0,0.0,65.0,,2909123381,https://www.zapimoveis.com.br/imovel/aluguel-loja-salao-com-deposito-privativo-grajau-rio-de-janeiro-65m2-id-2909123381/
duplicata de conteúdo (mesmo imóvel),Grajaú,Rua Barão de Mesquita,1500.0,0.0,17.0,,2909124838,https://www.zapimoveis.com.br/imovel/aluguel-loja-salao-com-interfone-grajau-rio-de-janeiro-17m2-id-2909124838/
duplicata de conteúdo (mesmo imóvel),Grajaú,Rua Sá Viana,2000.0,0.0,50.0,1,2906648329,https://www.zapimoveis.com.br/imovel/aluguel-apartamento-1-quarto-com-cozinha-grajau-rio-de-janeiro-50m2-id-2906648329/
duplicata de conteúdo (mesmo imóvel),Grajaú,Rua Barão do Bom Retiro,5000.0,0.0,63.0,,2905624363,https://www.zapimoveis.com.br/imovel/aluguel-loja-salao-com-ar-condicionado-grajau-rio-de-janeiro-63m2-id-2905624363/
duplicata de conteúdo (mesmo imóvel),Grajaú,Rua Barão do Bom Retiro,5000.0,0.0,63.0,,2905609126,https://www.zapimoveis.com.br/imovel/aluguel-loja-salao-com-ar-condicionado-grajau-rio-de-janeiro-63m2-id-2905609126/
duplicata de conteúdo (mesmo imóvel),Grajaú,Rua José Vicente,800.0,80.0,20.0,,2814283347,https://www.zapimoveis.com.br/imovel/aluguel-conjunto-comercial-sala-grajau-rio-de-janeiro-20m2-id-2814283347/
duplicata de conteúdo (mesmo imóvel),Inhaúma,Rua Mateus Silva,580.0,,35.0,1,2906872117,https://www.zapimoveis.com.br/imovel/aluguel-casa-de-vila-1-quarto-com-cozinha-inhauma-rio-de-janeiro-35m2-id-2906872117/
duplicata de conteúdo (mesmo imóvel),Irajá,Rua Urucara,1300.0,,41.0,2,2899640885,https://www.zapimoveis.com.br/imovel/aluguel-casa-2-quartos-iraja-rio-de-janeiro-41m2-id-2899640885/
duplicata de conteúdo (mesmo imóvel),Irajá,Rodovia Presidente Dutra,27000.0,4760.0,1000.0,,2871491305,https://www.zapimoveis.com.br/imovel/aluguel-galpao-deposito-armazem-mobiliado-iraja-rio-de-janeiro-1000m2-id-2871491305/
duplicata de conteúdo (mesmo imóvel),Irajá,Rodovia Presidente Dutra,54000.0,9520.0,2000.0,,2871491304,https://www.zapimoveis.com.br/imovel/aluguel-galpao-deposito-armazem-com-interfone-iraja-rio-de-janeiro-2000m2-id-2871491304/
duplicata de conteúdo (mesmo imóvel),Irajá,Avenida Monsenhor Félix,5000.0,,150.0,,2854792834,https://www.zapimoveis.com.br/imovel/aluguel-casa-com-lavabo-iraja-rio-de-janeiro-150m2-id-2854792834/
duplicata de conteúdo (mesmo imóvel),Irajá,Avenida Monsenhor Félix,5000.0,,150.0,,2820415836,https://www.zapimoveis.com.br/imovel/aluguel-loja-salao-com-cozinha-iraja-rio-de-janeiro-150m2-id-2820415836/
duplicata de conteúdo (mesmo imóvel),Irajá,Rodovia Presidente Dutra,23826.0,5315.0,627.0,,2811356928,https://www.zapimoveis.com.br/imovel/aluguel-galpao-deposito-armazem-mobiliado-iraja-rio-de-janeiro-627m2-id-2811356928/
duplicata de conteúdo (mesmo imóvel),Irajá,Estrada da Água Grande,800.0,200.0,10.0,,2808444314,https://www.zapimoveis.com.br/imovel/aluguel-loja-salao-iraja-rio-de-janeiro-10m2-id-2808444314/
duplicata de conteúdo (mesmo imóvel),Irajá,Avenida Tenente Rebelo,334057.0,78665.0,10776.0,,2798553421,https://www.zapimoveis.com.br/imovel/aluguel-galpao-deposito-armazem-com-deposito-privativo-iraja-rio-de-janeiro-10776m2-id-2798553421/
duplicata de conteúdo (mesmo imóvel),Irajá,Avenida Monsenhor Félix,5000.0,,150.0,,2795562917,https://www.zapimoveis.com.br/imovel/aluguel-conjunto-comercial-sala-iraja-rio-de-janeiro-150m2-id-2795562917/
duplicata de conteúdo (mesmo imóvel),Irajá,Avenida Tenente Rebelo,334056.0,69505.0,10776.0,,2789437721,https://www.zapimoveis.com.br/imovel/aluguel-galpao-deposito-armazem-iraja-rio-de-janeiro-10776m2-id-2789437721/
duplicata de conteúdo (mesmo imóvel),Irajá,Avenida Tenente Rebelo,334056.0,69505.0,10776.0,,2786076218,https://www.zapimoveis.com.br/imovel/aluguel-galpao-deposito-armazem-com-vestiario-iraja-rio-de-janeiro-10776m2-id-2786076218/
duplicata de conteúdo (mesmo imóvel),Irajá,Avenida Tenente Rebelo,334057.0,78665.0,10776.0,,2756082132,https://www.zapimoveis.com.br/imovel/aluguel-galpao-deposito-armazem-com-cozinha-iraja-rio-de-janeiro-10776m2-id-2756082132/
duplicata de conteúdo (mesmo imóvel),Irajá,Avenida Monsenhor Félix,800.0,160.0,30.0,,2727343364,https://www.zapimoveis.com.br/imovel/aluguel-conjunto-comercial-sala-iraja-rio-de-janeiro-30m2-id-2727343364/
duplicata de conteúdo (mesmo imóvel),Jardim América,Rua Franz Liszt,450.0,200.0,16.0,,2880963801,https://www.zapimoveis.com.br/imovel/aluguel-conjunto-comercial-sala-jardim-america-rio-de-janeiro-16m2-id-2880963801/
duplicata de conteúdo (mesmo imóvel),Jardim América,Rua Franz Liszt,450.0,200.0,16.0,,2875962409,https://www.zapimoveis.com.br/imovel/aluguel-loja-salao-jardim-america-rio-de-janeiro-16m2-id-2875962409/
duplicata de conteúdo (mesmo imóvel),Jardim Guanabara,Rua Cambaúba,15500.0,,386.0,,2889670887,https://www.zapimoveis.com.br/imovel/aluguel-loja-salao-mobiliado-jardim-guanabara-rio-de-janeiro-386m2-id-2889670887/
duplicata de conteúdo (mesmo imóvel),Madureira,Estrada do Portela,3000.0,3696.0,66.0,,2906683625,https://www.zapimoveis.com.br/imovel/aluguel-loja-salao-madureira-rio-de-janeiro-66m2-id-2906683625/
duplicata de conteúdo (mesmo imóvel),Madureira,Estrada do Portela,90000.0,0.0,3485.0,,2902621510,https://www.zapimoveis.com.br/imovel/aluguel-loja-salao-com-tv-a-cabo-madureira-rio-de-janeiro-3485m2-id-2902621510/
duplicata de conteúdo (mesmo imóvel),Madureira,Avenida Ministro Edgard Romero,500.0,450.0,26.0,,2901736326,https://www.zapimoveis.com.br/imovel/aluguel-conjunto-comercial-sala-com-janelas-grandes-madureira-rio-de-janeiro-26m2-id-2901736326/
duplicata de conteúdo (mesmo imóvel),Madureira,Avenida Ministro Edgard Romero,45000.0,1906.0,735.0,,2899821397,https://www.zapimoveis.com.br/imovel/aluguel-loja-salao-madureira-rio-de-janeiro-735m2-id-2899821397/
duplicata de conteúdo (mesmo imóvel),Madureira,Avenida Ministro Edgard Romero,11900.0,320.0,186.0,,2893467488,https://www.zapimoveis.com.br/imovel/aluguel-loja-salao-madureira-rio-de-janeiro-186m2-id-2893467488/
duplicata de conteúdo (mesmo imóvel),Madureira,Avenida Ministro Edgard Romero,45000.0,1906.0,735.0,,2889663696,https://www.zapimoveis.com.br/imovel/aluguel-loja-salao-com-porcelanato-madureira-rio-de-janeiro-735m2-id-2889663696/
duplicata de conteúdo (mesmo imóvel),Madureira,Avenida Ministro Edgard Romero,45000.0,1906.0,735.0,,2888186113,https://www.zapimoveis.com.br/imovel/aluguel-loja-salao-com-escada-madureira-rio-de-janeiro-735m2-id-2888186113/
duplicata de conteúdo (mesmo imóvel),Madureira,Avenida Ministro Edgard Romero,45000.0,1906.0,735.0,,2887602221,https://www.zapimoveis.com.br/imovel/aluguel-loja-salao-madureira-rio-de-janeiro-735m2-id-2887602221/
duplicata de conteúdo (mesmo imóvel),Madureira,Avenida Ministro Edgard Romero,45000.0,1906.0,735.0,,2886756275,https://www.zapimoveis.com.br/imovel/aluguel-loja-salao-madureira-rio-de-janeiro-735m2-id-2886756275/
duplicata de conteúdo (mesmo imóvel),Madureira,Avenida Ministro Edgard Romero,45000.0,1906.0,735.0,,2886547109,https://www.zapimoveis.com.br/imovel/aluguel-loja-salao-madureira-rio-de-janeiro-735m2-id-2886547109/
duplicata de conteúdo (mesmo imóvel),Madureira,Avenida Ministro Edgard Romero,45000.0,1906.0,735.0,,2883337565,https://www.zapimoveis.com.br/imovel/aluguel-loja-salao-madureira-rio-de-janeiro-735m2-id-2883337565/
duplicata de conteúdo (mesmo imóvel),Madureira,Avenida Ministro Edgard Romero,45000.0,1906.0,735.0,,2881963598,https://www.zapimoveis.com.br/imovel/aluguel-loja-salao-com-escritorio-madureira-rio-de-janeiro-735m2-id-2881963598/
duplicata de conteúdo (mesmo imóvel),Madureira,Estrada do Portela,1800.0,1360.0,32.0,,2881695873,https://www.zapimoveis.com.br/imovel/aluguel-loja-salao-madureira-rio-de-janeiro-32m2-id-2881695873/
duplicata de conteúdo (mesmo imóvel),Madureira,Avenida Ministro Edgard Romero,45000.0,1906.0,735.0,,2881537719,https://www.zapimoveis.com.br/imovel/aluguel-loja-salao-com-escritorio-madureira-rio-de-janeiro-735m2-id-2881537719/
duplicata de conteúdo (mesmo imóvel),Madureira,Rua Antônio de Abreu,1200.0,500.0,18.0,,2875989922,https://www.zapimoveis.com.br/imovel/aluguel-conjunto-comercial-sala-mobiliado-madureira-rio-de-janeiro-18m2-id-2875989922/
duplicata de conteúdo (mesmo imóvel),Madureira,Avenida Ministro Edgard Romero,45000.0,1906.0,735.0,,2872607629,https://www.zapimoveis.com.br/imovel/aluguel-loja-salao-com-interfone-madureira-rio-de-janeiro-735m2-id-2872607629/
duplicata de conteúdo (mesmo imóvel),Madureira,Avenida Ministro Edgard Romero,45000.0,1906.0,735.0,,2872558076,https://www.zapimoveis.com.br/imovel/aluguel-loja-salao-com-infraestrutura-internet-madureira-rio-de-janeiro-735m2-id-2872558076/
duplicata de conteúdo (mesmo imóvel),Madureira,Rua Dagmar da Fonseca,7500.0,1900.0,116.0,,2871839880,https://www.zapimoveis.com.br/imovel/aluguel-loja-salao-madureira-rio-de-janeiro-116m2-id-2871839880/
duplicata de conteúdo (mesmo imóvel),Madureira,Avenida Ministro Edgard Romero,45000.0,1906.0,735.0,,2869648218,https://www.zapimoveis.com.br/imovel/aluguel-conjunto-comercial-sala-madureira-rio-de-janeiro-735m2-id-2869648218/
duplicata de conteúdo (mesmo imóvel),Madureira,Avenida Ministro Edgard Romero,45000.0,1906.0,735.0,,2857541570,https://www.zapimoveis.com.br/imovel/aluguel-loja-salao-com-seguranca-interna-madureira-rio-de-janeiro-735m2-id-2857541570/
duplicata de conteúdo (mesmo imóvel),Madureira,Avenida Ministro Edgard Romero,7000.0,1600.0,54.0,,2849024736,https://www.zapimoveis.com.br/imovel/aluguel-loja-salao-madureira-rio-de-janeiro-54m2-id-2849024736/
duplicata de conteúdo (mesmo imóvel),Madureira,Avenida Ministro Edgard Romero,9800.0,320.0,194.0,,2841878215,https://www.zapimoveis.com.br/imovel/aluguel-loja-salao-madureira-rio-de-janeiro-194m2-id-2841878215/
duplicata de conteúdo (mesmo imóvel),Madureira,Avenida Ministro Edgard Romero,8000.0,0.0,486.0,,2836074720,https://www.zapimoveis.com.br/imovel/aluguel-predio-madureira-rio-de-janeiro-486m2-id-2836074720/
duplicata de conteúdo (mesmo imóvel),Madureira,Rua Antônio de Abreu,1000.0,500.0,18.0,,2748831893,https://www.zapimoveis.com.br/imovel/aluguel-conjunto-comercial-sala-madureira-rio-de-janeiro-18m2-id-2748831893/
duplicata de conteúdo (mesmo imóvel),Maracanã,Rua São Francisco Xavier,19990.0,0.0,324.0,,2899406976,https://www.zapimoveis.com.br/imovel/aluguel-galpao-deposito-armazem-mobiliado-maracana-rio-de-janeiro-324m2-id-2899406976/
duplicata de conteúdo (mesmo imóvel),Maracanã,Rua São Francisco Xavier,16499.0,0.0,171.0,,2899406286,https://www.zapimoveis.com.br/imovel/aluguel-loja-salao-com-deposito-privativo-maracana-rio-de-janeiro-171m2-id-2899406286/
duplicata de conteúdo (mesmo imóvel),Maracanã,Rua Visconde de Itamarati,3750.0,0.0,123.0,4,2896469188,https://www.zapimoveis.com.br/imovel/aluguel-casa-4-quartos-maracana-rio-de-janeiro-123m2-id-2896469188/
duplicata de conteúdo (mesmo imóvel),Maracanã,Rua São Francisco Xavier,20000.0,,533.0,,2888743405,https://www.zapimoveis.com.br/imovel/aluguel-galpao-deposito-armazem-maracana-rio-de-janeiro-533m2-id-2888743405/
duplicata de conteúdo (mesmo imóvel),Maracanã,Rua General Canabarro,2000.0,1000.0,61.0,2,2888033208,https://www.zapimoveis.com.br/imovel/aluguel-apartamento-2-quartos-com-elevador-maracana-rio-de-janeiro-61m2-id-2888033208/
duplicata de conteúdo (mesmo imóvel),Maracanã,Rua Visconde de Itamarati,2400.0,1547.0,70.0,2,2886997377,https://www.zapimoveis.com.br/imovel/aluguel-apartamento-2-quartos-com-interfone-maracana-rio-de-janeiro-70m2-id-2886997377/
duplicata de conteúdo (mesmo imóvel),Méier,Rua Mossoró,2500.0,903.0,93.0,4,2904877899,https://www.zapimoveis.com.br/imovel/aluguel-cobertura-4-quartos-com-churrasqueira-meier-rio-de-janeiro-93m2-id-2904877899/
duplicata de conteúdo (mesmo imóvel),Méier,Rua Manuela Barbosa,700.0,1046.0,60.0,,2903851230,https://www.zapimoveis.com.br/imovel/aluguel-loja-salao-meier-rio-de-janeiro-60m2-id-2903851230/
duplicata de conteúdo (mesmo imóvel),Méier,Rua Medina,5550.0,0.0,90.0,,2902969308,https://www.zapimoveis.com.br/imovel/aluguel-loja-salao-com-escritorio-meier-rio-de-janeiro-90m2-id-2902969308/
duplicata de conteúdo (mesmo imóvel),Méier,Rua Vilela Tavares,1000.0,700.0,48.0,1,2899203801,https://www.zapimoveis.com.br/imovel/aluguel-apartamento-1-quarto-com-interfone-meier-rio-de-janeiro-48m2-id-2899203801/
duplicata de conteúdo (mesmo imóvel),Méier,Rua Dias da Cruz,50000.0,0.0,860.0,,2892968979,https://www.zapimoveis.com.br/imovel/aluguel-loja-salao-com-elevador-meier-rio-de-janeiro-860m2-id-2892968979/
duplicata de conteúdo (mesmo imóvel),Méier,Rua Constança Barbosa,600.0,765.0,23.0,,2870405946,https://www.zapimoveis.com.br/imovel/aluguel-conjunto-comercial-sala-com-elevador-meier-rio-de-janeiro-23m2-id-2870405946/
duplicata de conteúdo (mesmo imóvel),Méier,Rua Dias da Cruz,600.0,1686.0,30.0,,2847646155,https://www.zapimoveis.com.br/imovel/aluguel-conjunto-comercial-sala-meier-rio-de-janeiro-30m2-id-2847646155/
duplicata de conteúdo (mesmo imóvel),Méier,Rua Aristides Caire,790.0,487.0,30.0,,2845842352,https://www.zapimoveis.com.br/imovel/aluguel-conjunto-comercial-sala-meier-rio-de-janeiro-30m2-id-2845842352/
duplicata de conteúdo (mesmo imóvel),Méier,Rua Magalhães Couto,25000.0,0.0,800.0,,2843569318,https://www.zapimoveis.com.br/imovel/aluguel-loja-salao-com-cozinha-meier-rio-de-janeiro-800m2-id-2843569318/
duplicata de conteúdo (mesmo imóvel),Méier,Rua Dias da Cruz,25000.0,1.0,450.0,,2811611516,https://www.zapimoveis.com.br/imovel/aluguel-predio-meier-rio-de-janeiro-450m2-id-2811611516/
duplicata de conteúdo (mesmo imóvel),Méier,Rua Hermengarda,840.0,1095.0,35.0,,2797437236,https://www.zapimoveis.com.br/imovel/aluguel-conjunto-comercial-sala-meier-rio-de-janeiro-35m2-id-2797437236/
duplicata de conteúdo (mesmo imóvel),Méier,Rua Hermengarda,840.0,1095.0,35.0,,2797439646,https://www.zapimoveis.com.br/imovel/aluguel-conjunto-comercial-sala-com-elevador-meier-rio-de-janeiro-35m2-id-2797439646/
duplicata de conteúdo (mesmo imóvel),Méier,Rua Hermengarda,840.0,1095.0,35.0,,2797438262,https://www.zapimoveis.com.br/imovel/aluguel-conjunto-comercial-sala-com-interfone-meier-rio-de-janeiro-35m2-id-2797438262/
duplicata de conteúdo (mesmo imóvel),Méier,Rua Hermengarda,800.0,1085.0,35.0,,2797438372,https://www.zapimoveis.com.br/imovel/aluguel-conjunto-comercial-sala-meier-rio-de-janeiro-35m2-id-2797438372/
duplicata de conteúdo (mesmo imóvel),Méier,Rua Manuela Barbosa,18000.0,,600.0,,2722807169,https://www.zapimoveis.com.br/imovel/aluguel-predio-meier-rio-de-janeiro-600m2-id-2722807169/
duplicata de conteúdo (mesmo imóvel),Méier,Rua Dias da Cruz,30000.0,,526.0,,2673036265,https://www.zapimoveis.com.br/imovel/aluguel-loja-salao-meier-rio-de-janeiro-526m2-id-2673036265/
duplicata de conteúdo (mesmo imóvel),Méier,Rua Medina,6000.0,674.0,114.0,,2656635113,https://www.zapimoveis.com.br/imovel/aluguel-loja-salao-meier-rio-de-janeiro-114m2-id-2656635113/
duplicata de conteúdo (mesmo imóvel),Méier,Rua Constança Barbosa,400.0,1041.0,23.0,,2443907278,https://www.zapimoveis.com.br/imovel/aluguel-conjunto-comercial-sala-meier-rio-de-janeiro-23m2-id-2443907278/
duplicata de conteúdo (mesmo imóvel),Olaria,Rua Pirangi,7000.0,0.0,450.0,,2899273914,https://www.zapimoveis.com.br/imovel/aluguel-galpao-deposito-armazem-com-rampas-olaria-rio-de-janeiro-450m2-id-2899273914/
duplicata de conteúdo (mesmo imóvel),Olaria,Rua Fausto do Amaral,500.0,270.0,30.0,,2809144218,https://www.zapimoveis.com.br/imovel/aluguel-conjunto-comercial-sala-olaria-rio-de-janeiro-30m2-id-2809144218/
duplicata de conteúdo (mesmo imóvel),Oswaldo Cruz,Rua Carlos Xavier,8000.0,,500.0,,2907120447,https://www.zapimoveis.com.br/imovel/aluguel-galpao-deposito-armazem-oswaldo-cruz-rio-de-janeiro-500m2-id-2907120447/
duplicata de conteúdo (mesmo imóvel),Oswaldo Cruz,Rua Carlos Xavier,7000.0,,748.0,,2860158367,https://www.zapimoveis.com.br/imovel/aluguel-terreno-lote-condominio-oswaldo-cruz-rio-de-janeiro-748m2-id-2860158367/
duplicata de conteúdo (mesmo imóvel),Oswaldo Cruz,Rua Carlos Xavier,11500.0,,500.0,,2763313436,https://www.zapimoveis.com.br/imovel/aluguel-loja-salao-oswaldo-cruz-rio-de-janeiro-500m2-id-2763313436/
duplicata de conteúdo (mesmo imóvel),Parada de Lucas,Avenida Brasil,190000.0,0.0,8630.0,,2848440542,https://www.zapimoveis.com.br/imovel/aluguel-galpao-deposito-armazem-parada-de-lucas-rio-de-janeiro-8630m2-id-2848440542/
duplicata de conteúdo (mesmo imóvel),Parada de Lucas,Avenida Brasil,170000.0,,7500.0,,2737832620,https://www.zapimoveis.com.br/imovel/aluguel-galpao-deposito-armazem-com-refeitorio-parada-de-lucas-rio-de-janeiro-7500m2-id-2737832620/
duplicata de conteúdo (mesmo imóvel),Pavuna,Rua Embau,157806.0,35506.0,7173.0,,2899234277,https://www.zapimoveis.com.br/imovel/aluguel-galpao-deposito-armazem-pavuna-rio-de-janeiro-7173m2-id-2899234277/
duplicata de conteúdo (mesmo imóvel),Pavuna,Rodovia Presidente Dutra,23826.0,5315.0,627.0,,2883086889,https://www.zapimoveis.com.br/imovel/aluguel-galpao-deposito-armazem-mobiliado-pavuna-rio-de-janeiro-627m2-id-2883086889/
duplicata de conteúdo (mesmo imóvel),Pavuna,Rua Embau,157814.0,35508.0,7173.0,,2877740777,https://www.zapimoveis.com.br/imovel/aluguel-galpao-deposito-armazem-com-tv-a-cabo-pavuna-rio-de-janeiro-7173m2-id-2877740777/
duplicata de conteúdo (mesmo imóvel),Pavuna,Avenida Coronel Phidias Távora,60450.0,10750.0,2325.0,,2874665285,https://www.zapimoveis.com.br/imovel/aluguel-galpao-deposito-armazem-pavuna-rio-de-janeiro-2325m2-id-2874665285/
duplicata de conteúdo (mesmo imóvel),Pavuna,Avenida Coronel Phidias Távora,156800.0,21500.0,5600.0,,2874665284,https://www.zapimoveis.com.br/imovel/aluguel-galpao-deposito-armazem-pavuna-rio-de-janeiro-5600m2-id-2874665284/
duplicata de conteúdo (mesmo imóvel),Pavuna,Rua Embau,157806.0,35506.0,7173.0,,2836699617,https://www.zapimoveis.com.br/imovel/aluguel-galpao-deposito-armazem-com-deposito-privativo-pavuna-rio-de-janeiro-7173m2-id-2836699617/
duplicata de conteúdo (mesmo imóvel),Pavuna,Avenida Coronel Phidias Távora,156000.0,23484.0,5600.0,,2832117122,https://www.zapimoveis.com.br/imovel/aluguel-galpao-deposito-armazem-mobiliado-pavuna-rio-de-janeiro-5600m2-id-2832117122/
duplicata de conteúdo (mesmo imóvel),Pavuna,Rua Embau,157806.0,35506.0,7173.0,,2829348814,https://www.zapimoveis.com.br/imovel/aluguel-galpao-deposito-armazem-mobiliado-pavuna-rio-de-janeiro-7173m2-id-2829348814/
duplicata de conteúdo (mesmo imóvel),Pavuna,Rua Embau,157806.0,35506.0,7173.0,,2829348421,https://www.zapimoveis.com.br/imovel/aluguel-galpao-deposito-armazem-mobiliado-pavuna-rio-de-janeiro-7173m2-id-2829348421/
duplicata de conteúdo (mesmo imóvel),Penha,Rua Monsenhor Alves Rocha,500.0,575.0,30.0,,2895319875,https://www.zapimoveis.com.br/imovel/aluguel-conjunto-comercial-sala-penha-rio-de-janeiro-30m2-id-2895319875/
duplicata de conteúdo (mesmo imóvel),Penha,Avenida Braz de Pina,2900.0,,45.0,,2892284287,https://www.zapimoveis.com.br/imovel/aluguel-conjunto-comercial-sala-penha-rio-de-janeiro-45m2-id-2892284287/
duplicata de conteúdo (mesmo imóvel),Penha Circular,Rua do Arroz,500.0,400.0,27.0,,2846612215,https://www.zapimoveis.com.br/imovel/aluguel-conjunto-comercial-sala-penha-circular-rio-de-janeiro-27m2-id-2846612215/
duplicata de conteúdo (mesmo imóvel),Penha Circular,Rua da Soja,600.0,0.0,50.0,,2450603882,https://www.zapimoveis.com.br/imovel/aluguel-loja-salao-penha-circular-rio-de-janeiro-50m2-id-2450603882/
duplicata de conteúdo (mesmo imóvel),Piedade,Rua das Mangueiras,800.0,25.0,30.0,1,2908239521,https://www.zapimoveis.com.br/imovel/aluguel-casa-de-vila-1-quarto-com-cozinha-piedade-rio-de-janeiro-30m2-id-2908239521/
duplicata de conteúdo (mesmo imóvel),Piedade,Rua Frei Romeu Donato,1200.0,,50.0,1,2905521881,https://www.zapimoveis.com.br/imovel/aluguel-casa-1-quarto-piedade-rio-de-janeiro-50m2-id-2905521881/
duplicata de conteúdo (mesmo imóvel),Piedade,Rua Martins Costa,6000.0,0.0,275.0,,2881539696,https://www.zapimoveis.com.br/imovel/aluguel-loja-salao-piedade-rio-de-janeiro-275m2-id-2881539696/
duplicata de conteúdo (mesmo imóvel),Piedade,Rua Bernardino Campos,2400.0,10.0,65.0,,2877381579,https://www.zapimoveis.com.br/imovel/aluguel-loja-salao-piedade-rio-de-janeiro-65m2-id-2877381579/
duplicata de conteúdo (mesmo imóvel),Piedade,Rua Bernardino Campos,2500.0,0.0,50.0,,2876005038,https://www.zapimoveis.com.br/imovel/aluguel-loja-salao-piedade-rio-de-janeiro-50m2-id-2876005038/
duplicata de conteúdo (mesmo imóvel),Portuguesa,,1100.0,500.0,25.0,,2886596077,https://www.zapimoveis.com.br/imovel/aluguel-conjunto-comercial-sala-com-elevador-portuguesa-rio-de-janeiro-25m2-id-2886596077/
duplicata de conteúdo (mesmo imóvel),Portuguesa,,1100.0,500.0,25.0,,2886596076,https://www.zapimoveis.com.br/imovel/aluguel-conjunto-comercial-sala-com-elevador-portuguesa-rio-de-janeiro-25m2-id-2886596076/
duplicata de conteúdo (mesmo imóvel),Portuguesa,,1100.0,500.0,25.0,,2886596175,https://www.zapimoveis.com.br/imovel/aluguel-conjunto-comercial-sala-com-elevador-portuguesa-rio-de-janeiro-25m2-id-2886596175/
duplicata de conteúdo (mesmo imóvel),Portuguesa,,1100.0,500.0,25.0,,2886593087,https://www.zapimoveis.com.br/imovel/aluguel-conjunto-comercial-sala-com-elevador-portuguesa-rio-de-janeiro-25m2-id-2886593087/
duplicata de conteúdo (mesmo imóvel),Portuguesa,,1100.0,500.0,25.0,,2886595683,https://www.zapimoveis.com.br/imovel/aluguel-conjunto-comercial-sala-com-elevador-portuguesa-rio-de-janeiro-25m2-id-2886595683/
duplicata de conteúdo (mesmo imóvel),Portuguesa,,1100.0,500.0,25.0,,2886593086,https://www.zapimoveis.com.br/imovel/aluguel-conjunto-comercial-sala-com-elevador-portuguesa-rio-de-janeiro-25m2-id-2886593086/
duplicata de conteúdo (mesmo imóvel),Portuguesa,,1100.0,500.0,25.0,,2873724588,https://www.zapimoveis.com.br/imovel/aluguel-conjunto-comercial-sala-com-elevador-portuguesa-rio-de-janeiro-25m2-id-2873724588/
duplicata de conteúdo (mesmo imóvel),Portuguesa,Rua República Árabe da Síria,1100.0,500.0,15.0,,2853906051,https://www.zapimoveis.com.br/imovel/aluguel-conjunto-comercial-sala-com-elevador-portuguesa-rio-de-janeiro-15m2-id-2853906051/
duplicata de conteúdo (mesmo imóvel),Portuguesa,Rua República Árabe da Síria,1100.0,500.0,15.0,,2853906050,https://www.zapimoveis.com.br/imovel/aluguel-conjunto-comercial-sala-com-lojas-portuguesa-rio-de-janeiro-15m2-id-2853906050/
duplicata de conteúdo (mesmo imóvel),Portuguesa,Rua República Árabe da Síria,1100.0,500.0,15.0,,2852363918,https://www.zapimoveis.com.br/imovel/aluguel-conjunto-comercial-sala-com-elevador-portuguesa-rio-de-janeiro-15m2-id-2852363918/
duplicata de conteúdo (mesmo imóvel),Portuguesa,Rua República Árabe da Síria,1100.0,500.0,15.0,,2852364113,https://www.zapimoveis.com.br/imovel/aluguel-conjunto-comercial-sala-com-janelas-de-aluminio-portuguesa-rio-de-janeiro-15m2-id-2852364113/
duplicata de conteúdo (mesmo imóvel),Portuguesa,Rua República Árabe da Síria,1100.0,500.0,15.0,,2850782135,https://www.zapimoveis.com.br/imovel/aluguel-conjunto-comercial-sala-com-janelas-de-aluminio-portuguesa-rio-de-janeiro-15m2-id-2850782135/
duplicata de conteúdo (mesmo imóvel),Portuguesa,Rua República Árabe da Síria,1100.0,500.0,15.0,,2850782436,https://www.zapimoveis.com.br/imovel/aluguel-conjunto-comercial-sala-com-lavabo-portuguesa-rio-de-janeiro-15m2-id-2850782436/
duplicata de conteúdo (mesmo imóvel),Portuguesa,Rua República Árabe da Síria,1100.0,500.0,15.0,,2850782814,https://www.zapimoveis.com.br/imovel/aluguel-conjunto-comercial-sala-com-elevador-portuguesa-rio-de-janeiro-15m2-id-2850782814/
duplicata de conteúdo (mesmo imóvel),Portuguesa,Rua República Árabe da Síria,1200.0,500.0,15.0,,2850782435,https://www.zapimoveis.com.br/imovel/aluguel-conjunto-comercial-sala-portuguesa-rio-de-janeiro-15m2-id-2850782435/
duplicata de conteúdo (mesmo imóvel),Portuguesa,Rua República Árabe da Síria,1200.0,500.0,15.0,,2850519324,https://www.zapimoveis.com.br/imovel/aluguel-conjunto-comercial-sala-com-elevador-portuguesa-rio-de-janeiro-15m2-id-2850519324/
duplicata de conteúdo (mesmo imóvel),Portuguesa,Rua República Árabe da Síria,20000.0,,400.0,,2791676617,https://www.zapimoveis.com.br/imovel/aluguel-loja-salao-com-academia-portuguesa-rio-de-janeiro-400m2-id-2791676617/
duplicata de conteúdo (mesmo imóvel),Praça da Bandeira,Rua Mariz e Barros,2200.0,850.0,57.0,2,2904983601,https://www.zapimoveis.com.br/imovel/aluguel-apartamento-2-quartos-com-churrasqueira-praca-da-bandeira-rio-de-janeiro-57m2-id-2904983601/
duplicata de conteúdo (mesmo imóvel),Praça da Bandeira,Rua Barão de Ubá,1350.0,500.0,25.0,1,2887574164,https://www.zapimoveis.com.br/imovel/aluguel-quitinete-1-quarto-praca-da-bandeira-rio-de-janeiro-25m2-id-2887574164/
duplicata de conteúdo (mesmo imóvel),Praça da Bandeira,Praça da Bandeira,1500.0,655.0,35.0,1,2868653485,https://www.zapimoveis.com.br/imovel/aluguel-apartamento-1-quarto-praca-da-bandeira-rio-de-janeiro-35m2-id-2868653485/
duplicata de conteúdo (mesmo imóvel),Quintino Bocaiúva,Rua Cesário Machado,720.0,,40.0,1,2905413250,https://www.zapimoveis.com.br/imovel/aluguel-apartamento-1-quarto-com-cozinha-quintino-bocaiuva-rio-de-janeiro-40m2-id-2905413250/
duplicata de conteúdo (mesmo imóvel),Quintino Bocaiúva,Avenida Dom Hélder Câmara,750.0,220.0,58.0,1,2893428076,https://www.zapimoveis.com.br/imovel/aluguel-apartamento-1-quarto-quintino-bocaiuva-rio-de-janeiro-58m2-id-2893428076/
duplicata de conteúdo (mesmo imóvel),Quintino Bocaiúva,Rua Nogueira,10000.0,0.0,987.0,,2821496718,https://www.zapimoveis.com.br/imovel/aluguel-galpao-deposito-armazem-quintino-bocaiuva-rio-de-janeiro-987m2-id-2821496718/
duplicata de conteúdo (mesmo imóvel),Ramos,Rua Nossa Senhora das Graças,550.0,179.0,20.0,1,2877814800,https://www.zapimoveis.com.br/imovel/aluguel-quitinete-1-quarto-ramos-rio-de-janeiro-20m2-id-2877814800/
duplicata de conteúdo (mesmo imóvel),Riachuelo,Rua Marechal Bittencourt,9000.0,,477.0,,2897948394,https://www.zapimoveis.com.br/imovel/aluguel-galpao-deposito-armazem-riachuelo-rio-de-janeiro-477m2-id-2897948394/
duplicata de conteúdo (mesmo imóvel),Riachuelo,Rua Vinte e Quatro de Maio,26000.0,,1500.0,,2893120592,https://www.zapimoveis.com.br/imovel/aluguel-predio-riachuelo-rio-de-janeiro-1500m2-id-2893120592/
duplicata de conteúdo (mesmo imóvel),Riachuelo,Rua Vinte e Quatro de Maio,26000.0,0.0,1500.0,,2876979587,https://www.zapimoveis.com.br/imovel/aluguel-predio-com-escritorio-riachuelo-rio-de-janeiro-1500m2-id-2876979587/
duplicata de conteúdo (mesmo imóvel),Riachuelo,Rua Vinte e Quatro de Maio,26000.0,0.0,1500.0,,2871702851,https://www.zapimoveis.com.br/imovel/aluguel-predio-riachuelo-rio-de-janeiro-1500m2-id-2871702851/
duplicata de conteúdo (mesmo imóvel),Riachuelo,Rua Vinte e Quatro de Maio,27000.0,,1500.0,,2871236108,https://www.zapimoveis.com.br/imovel/aluguel-loja-salao-riachuelo-rio-de-janeiro-1500m2-id-2871236108/
duplicata de conteúdo (mesmo imóvel),Riachuelo,Rua Vinte e Quatro de Maio,2000.0,1.0,120.0,,2814593544,https://www.zapimoveis.com.br/imovel/aluguel-loja-salao-riachuelo-rio-de-janeiro-120m2-id-2814593544/
duplicata de conteúdo (mesmo imóvel),Rocha,Rua Doutor Garnier,1600.0,,45.0,,2804551337,https://www.zapimoveis.com.br/imovel/aluguel-loja-salao-rocha-rio-de-janeiro-45m2-id-2804551337/
duplicata de conteúdo (mesmo imóvel),Rocha Miranda,Avenida dos Italianos,11000.0,,700.0,,2860160553,https://www.zapimoveis.com.br/imovel/aluguel-galpao-deposito-armazem-com-escritorio-rocha-miranda-rio-de-janeiro-700m2-id-2860160553/
duplicata de conteúdo (mesmo imóvel),Rocha Miranda,Avenida dos Italianos,12000.0,,450.0,4,2744527122,https://www.zapimoveis.com.br/imovel/aluguel-loja-salao-4-quartos-com-janelas-grandes-rocha-miranda-rio-de-janeiro-450m2-id-2744527122/
duplicata de conteúdo (mesmo imóvel),São Cristóvão,Rua Benedito Ottoni,17999.0,0.0,1200.0,,2905105388,https://www.zapimoveis.com.br/imovel/aluguel-conjunto-comercial-sala-mobiliado-sao-cristovao-rio-de-janeiro-1200m2-id-2905105388/
duplicata de conteúdo (mesmo imóvel),São Cristóvão,Rua Benedito Ottoni,9990.0,0.0,600.0,,2905104055,https://www.zapimoveis.com.br/imovel/aluguel-conjunto-comercial-sala-com-interfone-sao-cristovao-rio-de-janeiro-600m2-id-2905104055/
duplicata de conteúdo (mesmo imóvel),São Cristóvão,Rua Benedito Ottoni,49900.0,0.0,3300.0,,2905109212,https://www.zapimoveis.com.br/imovel/aluguel-predio-sao-cristovao-rio-de-janeiro-3300m2-id-2905109212/
duplicata de conteúdo (mesmo imóvel),São Cristóvão,Rua Benedito Ottoni,249900.0,0.0,11804.0,,2904887124,https://www.zapimoveis.com.br/imovel/aluguel-galpao-deposito-armazem-com-interfone-sao-cristovao-rio-de-janeiro-11804m2-id-2904887124/
duplicata de conteúdo (mesmo imóvel),São Cristóvão,Rua General Padilha,800.0,,35.0,1,2902422822,https://www.zapimoveis.com.br/imovel/aluguel-casa-de-vila-1-quarto-sao-cristovao-rio-de-janeiro-35m2-id-2902422822/
duplicata de conteúdo (mesmo imóvel),São Cristóvão,Rua Sá Freire,2200.0,677.0,55.0,2,2891477423,https://www.zapimoveis.com.br/imovel/aluguel-apartamento-2-quartos-mobiliado-sao-cristovao-rio-de-janeiro-55m2-id-2891477423/
duplicata de conteúdo (mesmo imóvel),São Cristóvão,Rua Antunes Maciel,4000.0,,360.0,,2874822073,https://www.zapimoveis.com.br/imovel/aluguel-galpao-deposito-armazem-sao-cristovao-rio-de-janeiro-360m2-id-2874822073/
duplicata de conteúdo (mesmo imóvel),São Cristóvão,Rua Melo e Sousa,115000.0,,6000.0,,2753212006,https://www.zapimoveis.com.br/imovel/aluguel-galpao-deposito-armazem-sao-cristovao-rio-de-janeiro-6000m2-id-2753212006/
duplicata de conteúdo (mesmo imóvel),São Cristóvão,Rua Melo e Sousa,115000.0,,6000.0,,2741241153,https://www.zapimoveis.com.br/imovel/aluguel-galpao-deposito-armazem-sao-cristovao-rio-de-janeiro-6000m2-id-2741241153/
duplicata de conteúdo (mesmo imóvel),São Cristóvão,Rua Melo e Sousa,40000.0,0.0,2300.0,,2739638431,https://www.zapimoveis.com.br/imovel/aluguel-galpao-deposito-armazem-sao-cristovao-rio-de-janeiro-2300m2-id-2739638431/
duplicata de conteúdo (mesmo imóvel),São Cristóvão,Rua Melo e Sousa,75000.0,0.0,3700.0,,2737720431,https://www.zapimoveis.com.br/imovel/aluguel-galpao-deposito-armazem-com-vestiario-sao-cristovao-rio-de-janeiro-3700m2-id-2737720431/
duplicata de conteúdo (mesmo imóvel),São Cristóvão,Rua Melo e Sousa,40000.0,0.0,2300.0,,2737720220,https://www.zapimoveis.com.br/imovel/aluguel-galpao-deposito-armazem-com-vestiario-sao-cristovao-rio-de-janeiro-2300m2-id-2737720220/
duplicata de conteúdo (mesmo imóvel),São Cristóvão,Rua Melo e Sousa,75000.0,0.0,3700.0,,2574630879,https://www.zapimoveis.com.br/imovel/aluguel-galpao-deposito-armazem-sao-cristovao-rio-de-janeiro-3700m2-id-2574630879/
duplicata de conteúdo (mesmo imóvel),São Cristóvão,Rua Melo e Sousa,40000.0,0.0,2300.0,,2574630579,https://www.zapimoveis.com.br/imovel/aluguel-galpao-deposito-armazem-com-ar-condicionado-sao-cristovao-rio-de-janeiro-2300m2-id-2574630579/
duplicata de conteúdo (mesmo imóvel),Tijuca,Rua Pinheiro da Cunha,2500.0,1003.0,82.0,2,2906642746,https://www.zapimoveis.com.br/imovel/aluguel-apartamento-2-quartos-com-churrasqueira-tijuca-rio-de-janeiro-82m2-id-2906642746/
duplicata de conteúdo (mesmo imóvel),Tijuca,Rua Barão de Mesquita,6000.0,2781.0,109.0,,2905330431,https://www.zapimoveis.com.br/imovel/aluguel-loja-salao-mobiliado-tijuca-rio-de-janeiro-109m2-id-2905330431/
duplicata de conteúdo (mesmo imóvel),Tijuca,Rua Conde de Bonfim,1200.0,998.0,48.0,1,2904277395,https://www.zapimoveis.com.br/imovel/aluguel-conjunto-comercial-sala-1-quarto-mobiliado-tijuca-rio-de-janeiro-48m2-id-2904277395/
duplicata de conteúdo (mesmo imóvel),Tijuca,Avenida Maracanã,8500.0,2400.0,280.0,3,2903688809,https://www.zapimoveis.com.br/imovel/aluguel-cobertura-3-quartos-com-churrasqueira-tijuca-rio-de-janeiro-280m2-id-2903688809/
duplicata de conteúdo (mesmo imóvel),Tijuca,Avenida Maracanã,8500.0,2489.0,180.0,3,2903666137,https://www.zapimoveis.com.br/imovel/aluguel-cobertura-3-quartos-com-churrasqueira-tijuca-rio-de-janeiro-180m2-id-2903666137/
duplicata de conteúdo (mesmo imóvel),Tijuca,Rua Desembargador Izidro,6000.0,2400.0,120.0,3,2903578599,https://www.zapimoveis.com.br/imovel/aluguel-apartamento-3-quartos-tijuca-rio-de-janeiro-120m2-id-2903578599/
duplicata de conteúdo (mesmo imóvel),Tijuca,Rua Conde de Bonfim,1750.0,1263.0,48.0,,2902964797,https://www.zapimoveis.com.br/imovel/aluguel-loja-salao-com-mezanino-tijuca-rio-de-janeiro-48m2-id-2902964797/
duplicata de conteúdo (mesmo imóvel),Andaraí,Rua Amaral,2100.0,1500.0,87.0,2,2902312960,https://www.zapimoveis.com.br/imovel/aluguel-apartamento-2-quartos-com-churrasqueira-andarai-rio-de-janeiro-87m2-id-2902312960/
duplicata de conteúdo (mesmo imóvel),Tijuca,Rua Major Ávila,29990.0,0.0,205.0,,2901944903,https://www.zapimoveis.com.br/imovel/aluguel-loja-salao-com-ar-condicionado-tijuca-rio-de-janeiro-205m2-id-2901944903/
duplicata de conteúdo (mesmo imóvel),Tijuca,Travessa Padre Damião,1000.0,783.0,18.0,,2900871922,https://www.zapimoveis.com.br/imovel/aluguel-conjunto-comercial-sala-com-lavabo-tijuca-rio-de-janeiro-18m2-id-2900871922/
duplicata de conteúdo (mesmo imóvel),Tijuca,Rua Santo Afonso,6000.0,1650.0,75.0,,2900236629,https://www.zapimoveis.com.br/imovel/aluguel-loja-salao-tijuca-rio-de-janeiro-75m2-id-2900236629/
duplicata de conteúdo (mesmo imóvel),Tijuca,Rua Bom Pastor,3500.0,484.0,90.0,1,2899579134,https://www.zapimoveis.com.br/imovel/aluguel-loja-salao-1-quarto-tijuca-rio-de-janeiro-90m2-id-2899579134/
duplicata de conteúdo (mesmo imóvel),Maracanã,Rua Visconde de Itamarati,2400.0,1547.0,70.0,2,2907175550,https://www.zapimoveis.com.br/imovel/aluguel-apartamento-2-quartos-maracana-rio-de-janeiro-70m2-id-2907175550/
duplicata de conteúdo (mesmo imóvel),Tijuca,Rua José Higino,3500.0,1622.0,134.0,3,2896994791,https://www.zapimoveis.com.br/imovel/aluguel-apartamento-3-quartos-com-blindex-tijuca-rio-de-janeiro-134m2-id-2896994791/
duplicata de conteúdo (mesmo imóvel),Tijuca,Rua Conde de Bonfim,1150.0,835.0,29.0,,2896827585,https://www.zapimoveis.com.br/imovel/aluguel-conjunto-comercial-sala-com-interfone-tijuca-rio-de-janeiro-29m2-id-2896827585/
duplicata de conteúdo (mesmo imóvel),Tijuca,Rua Barão de Mesquita,6499.0,0.0,110.0,,2895550904,https://www.zapimoveis.com.br/imovel/aluguel-loja-salao-com-lavabo-tijuca-rio-de-janeiro-110m2-id-2895550904/
duplicata de conteúdo (mesmo imóvel),Tijuca,Rua Conde de Bonfim,1000.0,1130.0,31.0,,2895272575,https://www.zapimoveis.com.br/imovel/aluguel-conjunto-comercial-sala-com-interfone-tijuca-rio-de-janeiro-31m2-id-2895272575/
duplicata de conteúdo (mesmo imóvel),Tijuca,Rua Major Ávila,30000.0,,207.0,,2894138213,https://www.zapimoveis.com.br/imovel/aluguel-loja-salao-com-ar-condicionado-tijuca-rio-de-janeiro-207m2-id-2894138213/
duplicata de conteúdo (mesmo imóvel),Tijuca,Rua Uruguai,4500.0,276.0,90.0,2,2892117480,https://www.zapimoveis.com.br/imovel/aluguel-loja-salao-2-quartos-mobiliado-tijuca-rio-de-janeiro-90m2-id-2892117480/
duplicata de conteúdo (mesmo imóvel),Tijuca,Rua Conde de Bonfim,750.0,1280.0,31.0,,2886063890,https://www.zapimoveis.com.br/imovel/aluguel-loja-salao-com-blindex-tijuca-rio-de-janeiro-31m2-id-2886063890/
duplicata de conteúdo (mesmo imóvel),Tijuca,Rua Conde de Bonfim,600.0,900.0,27.0,,2885029309,https://www.zapimoveis.com.br/imovel/aluguel-conjunto-comercial-sala-com-lavabo-tijuca-rio-de-janeiro-27m2-id-2885029309/
duplicata de conteúdo (mesmo imóvel),Tijuca,Rua General Roca,7200.0,5100.0,250.0,,2883025082,https://www.zapimoveis.com.br/imovel/aluguel-andar-laje-corporativa-com-andar-inteiro-tijuca-rio-de-janeiro-250m2-id-2883025082/
duplicata de conteúdo (mesmo imóvel),Tijuca,Rua São Francisco Xavier,3100.0,879.0,75.0,2,2880896524,https://www.zapimoveis.com.br/imovel/aluguel-apartamento-2-quartos-tijuca-rio-de-janeiro-75m2-id-2880896524/
duplicata de conteúdo (mesmo imóvel),Tijuca,Rua Garibaldi,7000.0,2115.0,185.0,4,2871141614,https://www.zapimoveis.com.br/imovel/aluguel-apartamento-4-quartos-tijuca-rio-de-janeiro-185m2-id-2871141614/
duplicata de conteúdo (mesmo imóvel),Tijuca,Rua Santo Afonso,6000.0,1650.0,75.0,,2871029689,https://www.zapimoveis.com.br/imovel/aluguel-loja-salao-tijuca-rio-de-janeiro-75m2-id-2871029689/
duplicata de conteúdo (mesmo imóvel),Tijuca,Rua Conde de Bonfim,12000.0,536.0,180.0,,2863347664,https://www.zapimoveis.com.br/imovel/aluguel-loja-salao-tijuca-rio-de-janeiro-180m2-id-2863347664/
duplicata de conteúdo (mesmo imóvel),Tijuca,Rua Conde de Bonfim,7000.0,0.0,270.0,,2860684854,https://www.zapimoveis.com.br/imovel/aluguel-conjunto-comercial-sala-com-copa-tijuca-rio-de-janeiro-270m2-id-2860684854/
duplicata de conteúdo (mesmo imóvel),Tijuca,Rua Carlos de Vasconcelos,3500.0,,150.0,2,2835536717,https://www.zapimoveis.com.br/imovel/aluguel-conjunto-comercial-sala-2-quartos-tijuca-rio-de-janeiro-150m2-id-2835536717/
duplicata de conteúdo (mesmo imóvel),Tijuca,Rua Conde de Bonfim,2000.0,930.0,48.0,,2833602719,https://www.zapimoveis.com.br/imovel/aluguel-conjunto-comercial-sala-mobiliado-tijuca-rio-de-janeiro-48m2-id-2833602719/
duplicata de conteúdo (mesmo imóvel),Tijuca,Rua Conde de Bonfim,12000.0,536.0,180.0,,2827521431,https://www.zapimoveis.com.br/imovel/aluguel-loja-salao-com-ar-condicionado-tijuca-rio-de-janeiro-180m2-id-2827521431/
duplicata de conteúdo (mesmo imóvel),Tijuca,Rua Conde de Bonfim,12000.0,536.0,180.0,,2825702947,https://www.zapimoveis.com.br/imovel/aluguel-loja-salao-tijuca-rio-de-janeiro-180m2-id-2825702947/
duplicata de conteúdo (mesmo imóvel),Tijuca,Praça Saenz Peña,1300.0,2010.0,31.0,,2793988417,https://www.zapimoveis.com.br/imovel/aluguel-conjunto-comercial-sala-tijuca-rio-de-janeiro-31m2-id-2793988417/
duplicata de conteúdo (mesmo imóvel),Tijuca,Rua Desembargador Izidro,700.0,1000.0,23.0,,2774583670,https://www.zapimoveis.com.br/imovel/aluguel-conjunto-comercial-sala-mobiliado-tijuca-rio-de-janeiro-23m2-id-2774583670/
duplicata de conteúdo (mesmo imóvel),Tijuca,Rua Conde de Bonfim,32900.0,6490.0,798.0,,2751990533,https://www.zapimoveis.com.br/imovel/aluguel-loja-salao-tijuca-rio-de-janeiro-798m2-id-2751990533/
duplicata de conteúdo (mesmo imóvel),Tijuca,Rua Conde de Bonfim,7000.0,4262.0,317.0,,2675838972,https://www.zapimoveis.com.br/imovel/aluguel-conjunto-comercial-sala-tijuca-rio-de-janeiro-317m2-id-2675838972/
duplicata de conteúdo (mesmo imóvel),Tijuca,Rua José Higino,18000.0,0.0,400.0,,2454188873,https://www.zapimoveis.com.br/imovel/aluguel-casa-com-laje-tijuca-rio-de-janeiro-400m2-id-2454188873/
duplicata de conteúdo (mesmo imóvel),Todos os Santos,Rua Honório,1100.0,488.0,40.0,1,,
duplicata de conteúdo (mesmo imóvel),Tomás Coelho,Avenida João Ribeiro,1100.0,,45.0,2,2874831988,https://www.zapimoveis.com.br/imovel/aluguel-apartamento-2-quartos-tomas-coelho-rio-de-janeiro-45m2-id-2874831988/
duplicata de conteúdo (mesmo imóvel),Tomás Coelho,Avenida João Ribeiro,1100.0,,45.0,2,2874833477,https://www.zapimoveis.com.br/imovel/aluguel-apartamento-2-quartos-tomas-coelho-rio-de-janeiro-45m2-id-2874833477/
duplicata de conteúdo (mesmo imóvel),Vigário Geral,Avenida Meriti,28000.0,0.0,2200.0,,2886248877,https://www.zapimoveis.com.br/imovel/aluguel-galpao-deposito-armazem-com-cozinha-vigario-geral-rio-de-janeiro-2200m2-id-2886248877/
duplicata de conteúdo (mesmo imóvel),Vila da Penha,Rua Tejupa,1100.0,,57.0,1,2907832823,https://www.zapimoveis.com.br/imovel/aluguel-apartamento-1-quarto-vila-da-penha-rio-de-janeiro-57m2-id-2907832823/
duplicata de conteúdo (mesmo imóvel),Argentino,Rua Cabo Herculano,1400.0,700.0,70.0,2,2906509662,https://www.zapimoveis.com.br/imovel/aluguel-apartamento-2-quartos-com-area-de-servico-argentino-rio-de-janeiro-70m2-id-2906509662/
duplicata de conteúdo (mesmo imóvel),Vila da Penha,Avenida Padre Roser,1300.0,650.0,27.0,,2894925475,https://www.zapimoveis.com.br/imovel/aluguel-conjunto-comercial-sala-vila-da-penha-rio-de-janeiro-27m2-id-2894925475/
duplicata de conteúdo (mesmo imóvel),Vila da Penha,Avenida Meriti,450.0,650.0,25.0,,2808533031,https://www.zapimoveis.com.br/imovel/aluguel-conjunto-comercial-sala-vila-da-penha-rio-de-janeiro-25m2-id-2808533031/
duplicata de conteúdo (mesmo imóvel),Vila da Penha,Rua Volta,10000.0,0.0,460.0,,2714854312,https://www.zapimoveis.com.br/imovel/aluguel-loja-salao-vila-da-penha-rio-de-janeiro-460m2-id-2714854312/
duplicata de conteúdo (mesmo imóvel),Vila Isabel,Boulevard Vinte e Oito de Setembro,12000.0,0.0,190.0,,2909351128,https://www.zapimoveis.com.br/imovel/aluguel-loja-salao-com-cozinha-vila-isabel-rio-de-janeiro-190m2-id-2909351128/
duplicata de conteúdo (mesmo imóvel),Vila Isabel,Boulevard Vinte e Oito de Setembro,15999.0,1667.0,194.0,,2902393656,https://www.zapimoveis.com.br/imovel/aluguel-loja-salao-com-escritorio-vila-isabel-rio-de-janeiro-194m2-id-2902393656/
duplicata de conteúdo (mesmo imóvel),Vila Isabel,Boulevard Vinte e Oito de Setembro,24490.0,1667.0,295.0,,2902393268,https://www.zapimoveis.com.br/imovel/aluguel-loja-salao-com-copa-vila-isabel-rio-de-janeiro-295m2-id-2902393268/
duplicata de conteúdo (mesmo imóvel),Vila Isabel,Rua Pereira Nunes,2900.0,1308.0,67.0,2,2898934980,https://www.zapimoveis.com.br/imovel/aluguel-apartamento-2-quartos-com-piscina-vila-isabel-rio-de-janeiro-67m2-id-2898934980/
duplicata de conteúdo (mesmo imóvel),Vila Isabel,Boulevard Vinte e Oito de Setembro,5999.0,0.0,76.0,,2897625990,https://www.zapimoveis.com.br/imovel/aluguel-loja-salao-com-interfone-vila-isabel-rio-de-janeiro-76m2-id-2897625990/
duplicata de conteúdo (mesmo imóvel),Vila Isabel,Boulevard Vinte e Oito de Setembro,16990.0,0.0,345.0,,2897623125,https://www.zapimoveis.com.br/imovel/aluguel-predio-com-cozinha-vila-isabel-rio-de-janeiro-345m2-id-2897623125/
duplicata de conteúdo (mesmo imóvel),Vila Isabel,Boulevard Vinte e Oito de Setembro,4990.0,0.0,155.0,,2897620713,https://www.zapimoveis.com.br/imovel/aluguel-loja-salao-com-copa-vila-isabel-rio-de-janeiro-155m2-id-2897620713/
duplicata de conteúdo (mesmo imóvel),Vila Isabel,Boulevard Vinte e Oito de Setembro,5999.0,0.0,114.0,,2897623124,https://www.zapimoveis.com.br/imovel/aluguel-loja-salao-com-interfone-vila-isabel-rio-de-janeiro-114m2-id-2897623124/
duplicata de conteúdo (mesmo imóvel),Vila Isabel,Rua Pereira Nunes,9950.0,0.0,499.0,,2895549891,https://www.zapimoveis.com.br/imovel/aluguel-loja-salao-mobiliado-vila-isabel-rio-de-janeiro-499m2-id-2895549891/
duplicata de conteúdo (mesmo imóvel),Vila Isabel,Rua Luís Guimarães,2500.0,0.0,43.0,,2881551025,https://www.zapimoveis.com.br/imovel/aluguel-loja-salao-vila-isabel-rio-de-janeiro-43m2-id-2881551025/
duplicata de conteúdo (mesmo imóvel),Vila Isabel,Rua Luís Guimarães,2500.0,0.0,43.0,,2869859078,https://www.zapimoveis.com.br/imovel/aluguel-loja-salao-vila-isabel-rio-de-janeiro-43m2-id-2869859078/
duplicata de conteúdo (mesmo imóvel),Vila Isabel,Rua Visconde de Santa Isabel,10000.0,,560.0,,2843199918,https://www.zapimoveis.com.br/imovel/aluguel-loja-salao-vila-isabel-rio-de-janeiro-560m2-id-2843199918/
duplicata de conteúdo (mesmo imóvel),Vila Isabel,Rua Teodoro da Silva,2600.0,0.0,23.0,,2810342518,https://www.zapimoveis.com.br/imovel/aluguel-loja-salao-com-cozinha-vila-isabel-rio-de-janeiro-23m2-id-2810342518/
duplicata de conteúdo (mesmo imóvel),Vila Isabel,Rua Teodoro da Silva,6000.0,,1000.0,,2808151548,https://www.zapimoveis.com.br/imovel/aluguel-loja-salao-com-churrasqueira-vila-isabel-rio-de-janeiro-1000m2-id-2808151548/
duplicata de conteúdo (mesmo imóvel),Vila Isabel,Rua Gonzaga Bastos,12000.0,1.0,206.0,4,2769584713,https://www.zapimoveis.com.br/imovel/aluguel-casa-de-vila-4-quartos-com-lavabo-vila-isabel-rio-de-janeiro-206m2-id-2769584713/
duplicata de conteúdo (mesmo imóvel),Vila Valqueire,Rua Monclaro Mena Barreto,1800.0,630.0,86.0,2,2908041531,https://www.zapimoveis.com.br/imovel/aluguel-casa-2-quartos-com-piscina-vila-valqueire-rio-de-janeiro-86m2-id-2908041531/
duplicata de conteúdo (mesmo imóvel),Vila Valqueire,Rua Quiririm,2350.0,750.0,65.0,2,2907596630,https://www.zapimoveis.com.br/imovel/aluguel-apartamento-2-quartos-com-piscina-vila-valqueire-rio-de-janeiro-65m2-id-2907596630/
duplicata de conteúdo (mesmo imóvel),Vila Valqueire,Rua Alves do Vale,6000.0,,200.0,6,2907119279,https://www.zapimoveis.com.br/imovel/aluguel-predio-6-quartos-vila-valqueire-rio-de-janeiro-200m2-id-2907119279/
duplicata de conteúdo (mesmo imóvel),Vila Valqueire,Rua Luiz Beltrão,13000.0,,700.0,,2906005032,https://www.zapimoveis.com.br/imovel/aluguel-galpao-deposito-armazem-com-refeitorio-vila-valqueire-rio-de-janeiro-700m2-id-2906005032/
duplicata de conteúdo (mesmo imóvel),Vila Valqueire,Rua Água Comprida,2800.0,776.0,95.0,2,2899292100,https://www.zapimoveis.com.br/imovel/aluguel-apartamento-2-quartos-com-area-de-servico-vila-valqueire-rio-de-janeiro-95m2-id-2899292100/
duplicata de conteúdo (mesmo imóvel),Vila Valqueire,Rua Mário Barbedo,1900.0,563.0,73.0,2,2892064475,https://www.zapimoveis.com.br/imovel/aluguel-apartamento-2-quartos-com-armario-de-cozinha-vila-valqueire-rio-de-janeiro-73m2-id-2892064475/
duplicata de conteúdo (mesmo imóvel),Vila Valqueire,Rua das Margaridas,5600.0,,80.0,,2887799895,https://www.zapimoveis.com.br/imovel/aluguel-loja-salao-vila-valqueire-rio-de-janeiro-80m2-id-2887799895/
duplicata de conteúdo (mesmo imóvel),Vila Valqueire,Praça Saiqui,1250.0,650.0,25.0,,2887026874,https://www.zapimoveis.com.br/imovel/aluguel-conjunto-comercial-sala-vila-valqueire-rio-de-janeiro-25m2-id-2887026874/
duplicata de conteúdo (mesmo imóvel),Vila Valqueire,Rua Mário Barbedo,1150.0,330.0,65.0,2,2882423592,https://www.zapimoveis.com.br/imovel/aluguel-apartamento-2-quartos-com-cozinha-vila-valqueire-rio-de-janeiro-65m2-id-2882423592/
duplicata de conteúdo (mesmo imóvel),Vila Valqueire,Praça Saiqui,2900.0,1950.0,90.0,,2881923473,https://www.zapimoveis.com.br/imovel/aluguel-casa-com-janelas-grandes-vila-valqueire-rio-de-janeiro-90m2-id-2881923473/
duplicata de conteúdo (mesmo imóvel),Vila Valqueire,Rua das Camélias,2000.0,380.0,80.0,2,2880895863,https://www.zapimoveis.com.br/imovel/aluguel-apartamento-2-quartos-com-lavanderia-coletiva-vila-valqueire-rio-de-janeiro-80m2-id-2880895863/
duplicata de conteúdo (mesmo imóvel),Vila Valqueire,Rua das Rosas,4000.0,300.0,220.0,3,2880897474,https://www.zapimoveis.com.br/imovel/aluguel-casa-3-quartos-com-piscina-vila-valqueire-rio-de-janeiro-220m2-id-2880897474/
duplicata de conteúdo (mesmo imóvel),Vila Valqueire,Praça Professor Cardoso Fontes,6000.0,,130.0,,2878394701,https://www.zapimoveis.com.br/imovel/aluguel-vila-valqueire-rio-de-janeiro-130m2-id-2878394701/
duplicata de conteúdo (mesmo imóvel),Vila Valqueire,Praça Saiqui,25000.0,,480.0,,2860160058,https://www.zapimoveis.com.br/imovel/aluguel-terreno-lote-condominio-vila-valqueire-rio-de-janeiro-480m2-id-2860160058/
duplicata de conteúdo (mesmo imóvel),Vila Valqueire,Rua Luiz Beltrão,12000.0,,480.0,,2860159869,https://www.zapimoveis.com.br/imovel/aluguel-terreno-lote-condominio-vila-valqueire-rio-de-janeiro-480m2-id-2860159869/
duplicata de conteúdo (mesmo imóvel),Vila Valqueire,Rua das Verbenas,8000.0,,564.0,,2860157783,https://www.zapimoveis.com.br/imovel/aluguel-vila-valqueire-rio-de-janeiro-564m2-id-2860157783/
duplicata de conteúdo (mesmo imóvel),Vila Valqueire,Rua Luiz Beltrão,12000.0,,480.0,,2845164122,https://www.zapimoveis.com.br/imovel/aluguel-galpao-deposito-armazem-vila-valqueire-rio-de-janeiro-480m2-id-2845164122/
duplicata de conteúdo (mesmo imóvel),Vila Valqueire,Praça Saiqui,1650.0,720.0,32.0,,2843493015,https://www.zapimoveis.com.br/imovel/aluguel-conjunto-comercial-sala-vila-valqueire-rio-de-janeiro-32m2-id-2843493015/
duplicata de conteúdo (mesmo imóvel),Vila Valqueire,Rua das Rosas,15000.0,,500.0,,2838417051,https://www.zapimoveis.com.br/imovel/aluguel-galpao-deposito-armazem-vila-valqueire-rio-de-janeiro-500m2-id-2838417051/
duplicata de conteúdo (mesmo imóvel),Vila Valqueire,Rua das Dálias,10000.0,,150.0,,2824706617,https://www.zapimoveis.com.br/imovel/aluguel-loja-salao-com-cozinha-vila-valqueire-rio-de-janeiro-150m2-id-2824706617/
duplicata de conteúdo (mesmo imóvel),Vila Valqueire,Praça Saiqui,1500.0,720.0,30.0,,2808259423,https://www.zapimoveis.com.br/imovel/aluguel-conjunto-comercial-sala-com-lavabo-vila-valqueire-rio-de-janeiro-30m2-id-2808259423/
duplicata de conteúdo (mesmo imóvel),Vila Valqueire,Praça Saiqui,1500.0,720.0,31.0,,2702502382,https://www.zapimoveis.com.br/imovel/aluguel-conjunto-comercial-sala-vila-valqueire-rio-de-janeiro-31m2-id-2702502382/
duplicata de conteúdo (mesmo imóvel),Vila Valqueire,Praça Saiqui,1500.0,720.0,30.0,,2627094670,https://www.zapimoveis.com.br/imovel/aluguel-conjunto-comercial-sala-vila-valqueire-rio-de-janeiro-30m2-id-2627094670/
duplicata de conteúdo (mesmo imóvel),Anil,Rua Ituverava,2790.0,1124.0,77.0,3,,
duplicata de conteúdo (mesmo imóvel),Anil,Rua Ituverava,2790.0,1124.0,77.0,3,2903452039,https://www.zapimoveis.com.br/imovel/aluguel-apartamento-3-quartos-com-piscina-anil-rio-de-janeiro-77m2-id-2903452039/
duplicata de conteúdo (mesmo imóvel),Anil,Rua Ituverava,3090.0,920.0,85.0,3,2901114608,https://www.zapimoveis.com.br/imovel/aluguel-apartamento-3-quartos-com-piscina-anil-rio-de-janeiro-85m2-id-2901114608/
duplicata de conteúdo (mesmo imóvel),Anil,Avenida São Guilherme de Norwich,4050.0,1467.0,169.0,4,2898255691,https://www.zapimoveis.com.br/imovel/aluguel-cobertura-4-quartos-com-piscina-anil-rio-de-janeiro-169m2-id-2898255691/
duplicata de conteúdo (mesmo imóvel),Anil,Avenida Tenente-Coronel Muniz de Aragão,2200.0,600.0,50.0,2,2897378603,https://www.zapimoveis.com.br/imovel/aluguel-apartamento-2-quartos-anil-rio-de-janeiro-50m2-id-2897378603/
duplicata de conteúdo (mesmo imóvel),Anil,Avenida Tenente-Coronel Muniz de Aragão,2200.0,600.0,50.0,2,2896710277,https://www.zapimoveis.com.br/imovel/aluguel-apartamento-2-quartos-anil-rio-de-janeiro-50m2-id-2896710277/
duplicata de conteúdo (mesmo imóvel),Anil,Avenida Tenente-Coronel Muniz de Aragão,2200.0,600.0,50.0,2,2896211043,https://www.zapimoveis.com.br/imovel/aluguel-apartamento-2-quartos-mobiliado-anil-rio-de-janeiro-50m2-id-2896211043/
duplicata de conteúdo (mesmo imóvel),Anil,Rua Ituverava,3000.0,1200.0,110.0,3,2895992197,https://www.zapimoveis.com.br/imovel/aluguel-apartamento-3-quartos-com-piscina-anil-rio-de-janeiro-110m2-id-2895992197/
duplicata de conteúdo (mesmo imóvel),Anil,Estrada do Engenho D'Agua,1200.0,0.0,33.0,,2882196726,https://www.zapimoveis.com.br/imovel/aluguel-loja-salao-com-ambientes-integrados-anil-rio-de-janeiro-33m2-id-2882196726/
duplicata de conteúdo (mesmo imóvel),Anil,Rua Ituverava,2790.0,997.0,80.0,3,2878337052,https://www.zapimoveis.com.br/imovel/aluguel-apartamento-3-quartos-com-piscina-anil-rio-de-janeiro-80m2-id-2878337052/
duplicata de conteúdo (mesmo imóvel),Anil,Rua Almirante Mário Franca,7400.0,800.0,500.0,5,2866692954,https://www.zapimoveis.com.br/imovel/aluguel-casa-de-condominio-5-quartos-com-piscina-anil-rio-de-janeiro-500m2-id-2866692954/
duplicata de conteúdo (mesmo imóvel),Anil,Avenida São Guilherme de Norwich,4200.0,1304.0,170.0,3,2864859784,https://www.zapimoveis.com.br/imovel/aluguel-cobertura-3-quartos-com-piscina-anil-rio-de-janeiro-170m2-id-2864859784/
duplicata de conteúdo (mesmo imóvel),Anil,Avenida São Guilherme de Norwich,4200.0,1304.0,170.0,3,2843275839,https://www.zapimoveis.com.br/imovel/aluguel-cobertura-3-quartos-mobiliado-anil-rio-de-janeiro-170m2-id-2843275839/
duplicata de conteúdo (mesmo imóvel),Anil,Rua Professor Fernando Raja Gabaglia,10900.0,1000.0,250.0,4,2837052215,https://www.zapimoveis.com.br/imovel/aluguel-casa-de-condominio-4-quartos-mobiliado-anil-rio-de-janeiro-250m2-id-2837052215/
duplicata de conteúdo (mesmo imóvel),Anil,Rua Ituverava,2790.0,1124.0,77.0,3,2836258954,https://www.zapimoveis.com.br/imovel/aluguel-apartamento-3-quartos-com-piscina-anil-rio-de-janeiro-77m2-id-2836258954/
duplicata de conteúdo (mesmo imóvel),Anil,Rua Ituverava,3100.0,998.0,77.0,3,2805852334,https://www.zapimoveis.com.br/imovel/aluguel-apartamento-3-quartos-com-piscina-anil-rio-de-janeiro-77m2-id-2805852334/
duplicata de conteúdo (mesmo imóvel),Anil,Rua Ituverava,3100.0,997.0,77.0,3,2787071760,https://www.zapimoveis.com.br/imovel/aluguel-apartamento-3-quartos-com-piscina-anil-rio-de-janeiro-77m2-id-2787071760/
duplicata de conteúdo (mesmo imóvel),Bangu,Rua Ribeiro de Andrade,1000.0,,40.0,1,2905120046,https://www.zapimoveis.com.br/imovel/aluguel-casa-de-vila-1-quarto-com-cozinha-bangu-rio-de-janeiro-40m2-id-2905120046/
duplicata de conteúdo (mesmo imóvel),Bangu,Rua Ribeiro de Andrade,1000.0,,40.0,1,2903444537,https://www.zapimoveis.com.br/imovel/aluguel-casa-de-vila-1-quarto-com-cozinha-bangu-rio-de-janeiro-40m2-id-2903444537/
duplicata de conteúdo (mesmo imóvel),Bangu,Avenida Brasil,35000.0,,4000.0,,2825541351,https://www.zapimoveis.com.br/imovel/aluguel-galpao-deposito-armazem-bangu-rio-de-janeiro-4000m2-id-2825541351/
duplicata de conteúdo (mesmo imóvel),Barra da Tijuca,Avenida das Américas,2400.0,1920.0,40.0,,2910123437,https://www.zapimoveis.com.br/imovel/aluguel-conjunto-comercial-sala-barra-da-tijuca-rio-de-janeiro-40m2-id-2910123437/
duplicata de conteúdo (mesmo imóvel),Barra da Tijuca,Avenida das Américas,15000.0,2900.0,157.0,,2910091225,https://www.zapimoveis.com.br/imovel/aluguel-conjunto-comercial-sala-barra-da-tijuca-rio-de-janeiro-157m2-id-2910091225/
duplicata de conteúdo (mesmo imóvel),Barra da Tijuca,Avenida das Américas,15000.0,2900.0,157.0,,2910080246,https://www.zapimoveis.com.br/imovel/aluguel-conjunto-comercial-sala-barra-da-tijuca-rio-de-janeiro-157m2-id-2910080246/
duplicata de conteúdo (mesmo imóvel),Barra da Tijuca,Avenida das Américas,15000.0,2900.0,157.0,,2909963844,https://www.zapimoveis.com.br/imovel/aluguel-conjunto-comercial-sala-barra-da-tijuca-rio-de-janeiro-157m2-id-2909963844/
duplicata de conteúdo (mesmo imóvel),Barra da Tijuca,Avenida das Américas,1200.0,860.0,20.0,,2909900825,https://www.zapimoveis.com.br/imovel/aluguel-conjunto-comercial-sala-barra-da-tijuca-rio-de-janeiro-20m2-id-2909900825/
duplicata de conteúdo (mesmo imóvel),Barra da Tijuca,Avenida das Américas,15000.0,2900.0,157.0,,2909851541,https://www.zapimoveis.com.br/imovel/aluguel-loja-salao-barra-da-tijuca-rio-de-janeiro-157m2-id-2909851541/
duplicata de conteúdo (mesmo imóvel),Barra da Tijuca,Avenida das Américas,1200.0,860.0,20.0,,2909795441,https://www.zapimoveis.com.br/imovel/aluguel-conjunto-comercial-sala-barra-da-tijuca-rio-de-janeiro-20m2-id-2909795441/
duplicata de conteúdo (mesmo imóvel),Barra da Tijuca,Avenida das Américas,2400.0,1920.0,40.0,,2909794351,https://www.zapimoveis.com.br/imovel/aluguel-conjunto-comercial-sala-com-jardim-barra-da-tijuca-rio-de-janeiro-40m2-id-2909794351/
duplicata de conteúdo (mesmo imóvel),Barra da Tijuca,Avenida das Américas,1200.0,860.0,20.0,,2909797019,https://www.zapimoveis.com.br/imovel/aluguel-conjunto-comercial-sala-barra-da-tijuca-rio-de-janeiro-20m2-id-2909797019/
duplicata de conteúdo (mesmo imóvel),Barra da Tijuca,Avenida das Américas,15000.0,2900.0,157.0,,2909777405,https://www.zapimoveis.com.br/imovel/aluguel-conjunto-comercial-sala-barra-da-tijuca-rio-de-janeiro-157m2-id-2909777405/
duplicata de conteúdo (mesmo imóvel),Barra da Tijuca,Avenida das Américas,15000.0,2900.0,157.0,,2909777648,https://www.zapimoveis.com.br/imovel/aluguel-loja-salao-barra-da-tijuca-rio-de-janeiro-157m2-id-2909777648/
duplicata de conteúdo (mesmo imóvel),Barra da Tijuca,Avenida Embaixador Abelardo Bueno,20000.0,6800.0,201.0,,2909499037,https://www.zapimoveis.com.br/imovel/aluguel-conjunto-comercial-sala-barra-olimpica-rio-de-janeiro-201m2-id-2909499037/
duplicata de conteúdo (mesmo imóvel),Barra da Tijuca,Avenida Embaixador Abelardo Bueno,20000.0,6800.0,201.0,,2909421570,https://www.zapimoveis.com.br/imovel/aluguel-conjunto-comercial-sala-com-area-de-servico-barra-olimpica-rio-de-janeiro-201m2-id-2909421570/
duplicata de conteúdo (mesmo imóvel),Barra da Tijuca,Avenida das Américas,2000.0,1353.0,28.0,,2909412915,https://www.zapimoveis.com.br/imovel/aluguel-conjunto-comercial-sala-com-academia-barra-da-tijuca-rio-de-janeiro-28m2-id-2909412915/
duplicata de conteúdo (mesmo imóvel),Barra da Tijuca,Avenida Jornalista Tim Lopes,16000.0,3600.0,313.0,5,,
duplicata de conteúdo (mesmo imóvel),Barra da Tijuca,Praça Advogado Heleno Cláudio Fragoso,12000.0,3500.0,160.0,3,2909271066,https://www.zapimoveis.com.br/imovel/aluguel-apartamento-3-quartos-com-piscina-barra-da-tijuca-rio-de-janeiro-160m2-id-2909271066/
duplicata de conteúdo (mesmo imóvel),Barra da Tijuca,Avenida das Américas,2000.0,930.0,32.0,,2909212332,https://www.zapimoveis.com.br/imovel/aluguel-conjunto-comercial-sala-com-seguranca-interna-barra-da-tijuca-rio-de-janeiro-32m2-id-2909212332/
duplicata de conteúdo (mesmo imóvel),Barra da Tijuca,Rua José Leal da Silva,30000.0,2600.0,604.0,5,2909135526,https://www.zapimoveis.com.br/imovel/aluguel-casa-de-condominio-5-quartos-com-piscina-barra-da-tijuca-rio-de-janeiro-604m2-id-2909135526/
duplicata de conteúdo (mesmo imóvel),Barra da Tijuca,Praça Antônio Callado,5800.0,1546.0,100.0,2,2909061657,https://www.zapimoveis.com.br/imovel/aluguel-apartamento-2-quartos-com-piscina-barra-da-tijuca-rio-de-janeiro-100m2-id-2909061657/
duplicata de conteúdo (mesmo imóvel),Barra da Tijuca,Avenida das Américas,2000.0,930.0,32.0,,2908661020,https://www.zapimoveis.com.br/imovel/aluguel-conjunto-comercial-sala-barra-da-tijuca-rio-de-janeiro-32m2-id-2908661020/
duplicata de conteúdo (mesmo imóvel),Barra da Tijuca,Avenida Lúcio Costa,7000.0,2200.0,85.0,2,2908072413,https://www.zapimoveis.com.br/imovel/aluguel-apartamento-2-quartos-mobiliado-barra-da-tijuca-rio-de-janeiro-85m2-id-2908072413/
duplicata de conteúdo (mesmo imóvel),Barra da Tijuca,Avenida Lúcio Costa,19000.0,6338.0,313.0,4,2908014816,https://www.zapimoveis.com.br/imovel/aluguel-apartamento-4-quartos-com-piscina-barra-da-tijuca-rio-de-janeiro-313m2-id-2908014816/
duplicata de conteúdo (mesmo imóvel),Barra da Tijuca,Rua Jacarandás da Península,8800.0,2900.0,110.0,2,,
duplicata de conteúdo (mesmo imóvel),Barra da Tijuca,Rua Jacarandás da Península,15000.0,3370.0,160.0,4,2907565725,https://www.zapimoveis.com.br/imovel/aluguel-apartamento-4-quartos-com-piscina-barra-da-tijuca-rio-de-janeiro-160m2-id-2907565725/
duplicata de conteúdo (mesmo imóvel),Barra da Tijuca,Avenida Jardins de Santa Mônica,25000.0,4000.0,206.0,4,,
duplicata de conteúdo (mesmo imóvel),Barra da Tijuca,Avenida Lúcio Costa,6900.0,4200.0,52.0,1,2907555941,https://www.zapimoveis.com.br/imovel/aluguel-flat-1-quarto-mobiliado-barra-da-tijuca-rio-de-janeiro-52m2-id-2907555941/
duplicata de conteúdo (mesmo imóvel),Barra da Tijuca,Avenida Lúcio Costa,6900.0,4200.0,52.0,1,2907551234,https://www.zapimoveis.com.br/imovel/aluguel-flat-1-quarto-mobiliado-barra-da-tijuca-rio-de-janeiro-52m2-id-2907551234/
duplicata de conteúdo (mesmo imóvel),Barra da Tijuca,Avenida João Cabral de Mello Neto,2500.0,1300.0,36.0,,2907381057,https://www.zapimoveis.com.br/imovel/aluguel-conjunto-comercial-sala-mobiliado-barra-da-tijuca-rio-de-janeiro-36m2-id-2907381057/
duplicata de conteúdo (mesmo imóvel),Barra da Tijuca,Avenida Lúcio Costa,6900.0,4200.0,52.0,1,2907365614,https://www.zapimoveis.com.br/imovel/aluguel-flat-1-quarto-mobiliado-barra-da-tijuca-rio-de-janeiro-52m2-id-2907365614/
duplicata de conteúdo (mesmo imóvel),Barra da Tijuca,Avenida Pepe,7500.0,1800.0,55.0,1,2907123715,https://www.zapimoveis.com.br/imovel/aluguel-flat-1-quarto-mobiliado-barra-da-tijuca-rio-de-janeiro-55m2-id-2907123715/
duplicata de conteúdo (mesmo imóvel),Barra da Tijuca,Avenida Lúcio Costa,6900.0,4200.0,52.0,1,2907069921,https://www.zapimoveis.com.br/imovel/aluguel-flat-1-quarto-com-piscina-barra-da-tijuca-rio-de-janeiro-52m2-id-2907069921/
duplicata de conteúdo (mesmo imóvel),Barra da Tijuca,Rua General Ivan Raposo,12000.0,2556.0,180.0,3,,
duplicata de conteúdo (mesmo imóvel),Barra da Tijuca,Avenida Embaixador Abelardo Bueno,20000.0,6800.0,201.0,,2906885141,https://www.zapimoveis.com.br/imovel/aluguel-conjunto-comercial-sala-com-interfone-barra-olimpica-rio-de-janeiro-201m2-id-2906885141/
duplicata de conteúdo (mesmo imóvel),Barra da Tijuca,Avenida Lúcio Costa,6900.0,4200.0,52.0,1,2906879432,https://www.zapimoveis.com.br/imovel/aluguel-flat-1-quarto-mobiliado-barra-da-tijuca-rio-de-janeiro-52m2-id-2906879432/
duplicata de conteúdo (mesmo imóvel),Barra da Tijuca,Avenida Embaixador Abelardo Bueno,20000.0,6800.0,201.0,,2906873027,https://www.zapimoveis.com.br/imovel/aluguel-conjunto-comercial-sala-barra-olimpica-rio-de-janeiro-201m2-id-2906873027/
duplicata de conteúdo (mesmo imóvel),Barra da Tijuca,Avenida Evandro Lins e Silva,1500.0,1603.0,40.0,,2906857171,https://www.zapimoveis.com.br/imovel/aluguel-conjunto-comercial-sala-com-restaurante-barra-da-tijuca-rio-de-janeiro-40m2-id-2906857171/
duplicata de conteúdo (mesmo imóvel),Barra da Tijuca,Avenida Jornalista Tim Lopes,16000.0,3600.0,313.0,5,2906842878,https://www.zapimoveis.com.br/imovel/aluguel-cobertura-5-quartos-com-piscina-semiolimpica-barra-da-tijuca-rio-de-janeiro-313m2-id-2906842878/
duplicata de conteúdo (mesmo imóvel),Barra da Tijuca,Avenida Embaixador Abelardo Bueno,20000.0,6800.0,201.0,,2906842623,https://www.zapimoveis.com.br/imovel/aluguel-conjunto-comercial-sala-com-seguranca-interna-barra-olimpica-rio-de-janeiro-201m2-id-2906842623/
duplicata de conteúdo (mesmo imóvel),Barra da Tijuca,Avenida Embaixador Abelardo Bueno,20000.0,6800.0,201.0,,2906776328,https://www.zapimoveis.com.br/imovel/aluguel-conjunto-comercial-sala-com-elevador-barra-olimpica-rio-de-janeiro-201m2-id-2906776328/
duplicata de conteúdo (mesmo imóvel),Barra da Tijuca,Avenida Olegário Maciel,11000.0,2900.0,120.0,,2906687552,https://www.zapimoveis.com.br/imovel/aluguel-conjunto-comercial-sala-barra-da-tijuca-rio-de-janeiro-120m2-id-2906687552/
duplicata de conteúdo (mesmo imóvel),Barra da Tijuca,Avenida Lúcio Costa,6900.0,4200.0,52.0,1,2906660226,https://www.zapimoveis.com.br/imovel/aluguel-flat-1-quarto-mobiliado-barra-da-tijuca-rio-de-janeiro-52m2-id-2906660226/
duplicata de conteúdo (mesmo imóvel),Barra da Tijuca,Avenida Lúcio Costa,6900.0,4200.0,52.0,1,,
duplicata de conteúdo (mesmo imóvel),Barra da Tijuca,Avenida Embaixador Abelardo Bueno,20000.0,6800.0,201.0,,2906472379,https://www.zapimoveis.com.br/imovel/aluguel-conjunto-comercial-sala-barra-olimpica-rio-de-janeiro-201m2-id-2906472379/
duplicata de conteúdo (mesmo imóvel),Barra da Tijuca,Avenida Embaixador Abelardo Bueno,20000.0,6800.0,201.0,,2906439522,https://www.zapimoveis.com.br/imovel/aluguel-conjunto-comercial-sala-com-copa-barra-olimpica-rio-de-janeiro-201m2-id-2906439522/
duplicata de conteúdo (mesmo imóvel),Barra da Tijuca,Avenida Embaixador Abelardo Bueno,20000.0,6800.0,201.0,,2906430126,https://www.zapimoveis.com.br/imovel/aluguel-conjunto-comercial-sala-com-copa-barra-olimpica-rio-de-janeiro-201m2-id-2906430126/
duplicata de conteúdo (mesmo imóvel),Barra da Tijuca,Avenida Gastão Senges,12800.0,3600.0,200.0,3,2906379461,https://www.zapimoveis.com.br/imovel/aluguel-cobertura-3-quartos-barra-da-tijuca-rio-de-janeiro-200m2-id-2906379461/
duplicata de conteúdo (mesmo imóvel),Recreio dos Bandeirantes,Avenida das Américas,7000.0,1697.0,68.0,,2906309516,https://www.zapimoveis.com.br/imovel/aluguel-conjunto-comercial-sala-mobiliado-recreio-dos-bandeirantes-rio-de-janeiro-68m2-id-2906309516/
duplicata de conteúdo (mesmo imóvel),Barra da Tijuca,Avenida Embaixador Abelardo Bueno,20000.0,6800.0,201.0,,2906294828,https://www.zapimoveis.com.br/imovel/aluguel-conjunto-comercial-sala-barra-olimpica-rio-de-janeiro-201m2-id-2906294828/
duplicata de conteúdo (mesmo imóvel),Barra da Tijuca,Avenida Jornalista Tim Lopes,16000.0,3600.0,313.0,5,2906267827,https://www.zapimoveis.com.br/imovel/aluguel-cobertura-5-quartos-com-piscina-semiolimpica-barra-da-tijuca-rio-de-janeiro-313m2-id-2906267827/
duplicata de conteúdo (mesmo imóvel),Recreio dos Bandeirantes,Avenida das Américas,7000.0,1697.0,68.0,,2906262627,https://www.zapimoveis.com.br/imovel/aluguel-conjunto-comercial-sala-mobiliado-recreio-dos-bandeirantes-rio-de-janeiro-68m2-id-2906262627/
duplicata de conteúdo (mesmo imóvel),Barra da Tijuca,Avenida Jorge Curi,75000.0,3500.0,1400.0,5,2906203084,https://www.zapimoveis.com.br/imovel/aluguel-casa-de-condominio-5-quartos-com-piscina-barra-da-tijuca-rio-de-janeiro-1400m2-id-2906203084/
duplicata de conteúdo (mesmo imóvel),Barra da Tijuca,Avenida Jorge Curi,75000.0,3500.0,1400.0,5,2906164837,https://www.zapimoveis.com.br/imovel/aluguel-casa-de-condominio-5-quartos-com-piscina-barra-da-tijuca-rio-de-janeiro-1400m2-id-2906164837/
duplicata de conteúdo (mesmo imóvel),Barra da Tijuca,Avenida Lúcio Costa,6900.0,4200.0,52.0,1,2906093917,https://www.zapimoveis.com.br/imovel/aluguel-flat-1-quarto-com-academia-barra-da-tijuca-rio-de-janeiro-52m2-id-2906093917/
duplicata de conteúdo (mesmo imóvel),Barra da Tijuca,Avenida Lúcio Costa,6900.0,4200.0,52.0,1,2906033639,https://www.zapimoveis.com.br/imovel/aluguel-flat-1-quarto-com-piscina-barra-da-tijuca-rio-de-janeiro-52m2-id-2906033639/
duplicata de conteúdo (mesmo imóvel),Barra da Tijuca,Rua Alceu Amoroso Lima,5000.0,1370.0,65.0,1,2905680535,https://www.zapimoveis.com.br/imovel/aluguel-apartamento-1-quarto-barra-da-tijuca-rio-de-janeiro-65m2-id-2905680535/
duplicata de conteúdo (mesmo imóvel),Barra da Tijuca,Avenida Lúcio Costa,6900.0,4200.0,52.0,1,2905604581,https://www.zapimoveis.com.br/imovel/aluguel-apartamento-1-quarto-barra-da-tijuca-rio-de-janeiro-52m2-id-2905604581/
duplicata de conteúdo (mesmo imóvel),Barra da Tijuca,Avenida das Américas,2000.0,901.0,31.0,,2905599054,https://www.zapimoveis.com.br/imovel/aluguel-conjunto-comercial-sala-com-elevador-barra-da-tijuca-rio-de-janeiro-31m2-id-2905599054/
duplicata de conteúdo (mesmo imóvel),Barra da Tijuca,Avenida Lúcio Costa,6900.0,4200.0,52.0,1,2905595542,https://www.zapimoveis.com.br/imovel/aluguel-studio-1-quarto-mobiliado-barra-da-tijuca-rio-de-janeiro-52m2-id-2905595542/
duplicata de conteúdo (mesmo imóvel),Barra da Tijuca,Rua Nelson Rodrigues,15900.0,1632.0,322.0,4,2905602421,https://www.zapimoveis.com.br/imovel/aluguel-casa-4-quartos-barra-da-tijuca-rio-de-janeiro-322m2-id-2905602421/
duplicata de conteúdo (mesmo imóvel),Barra da Tijuca,Avenida Lúcio Costa,5000.0,1632.0,79.0,2,2905580920,https://www.zapimoveis.com.br/imovel/aluguel-apartamento-2-quartos-com-piscina-barra-da-tijuca-rio-de-janeiro-79m2-id-2905580920/
duplicata de conteúdo (mesmo imóvel),Barra da Tijuca,Avenida das Américas,15000.0,3200.0,114.0,,2905448919,https://www.zapimoveis.com.br/imovel/aluguel-conjunto-comercial-sala-com-area-de-servico-barra-da-tijuca-rio-de-janeiro-114m2-id-2905448919/
duplicata de conteúdo (mesmo imóvel),Barra da Tijuca,Avenida das Américas,15000.0,3200.0,114.0,,2905379915,https://www.zapimoveis.com.br/imovel/aluguel-conjunto-comercial-sala-com-copa-barra-da-tijuca-rio-de-janeiro-114m2-id-2905379915/
duplicata de conteúdo (mesmo imóvel),Barra da Tijuca,Rua Ataulpho Coutinho,7990.0,2500.0,115.0,4,2905229325,https://www.zapimoveis.com.br/imovel/aluguel-apartamento-4-quartos-com-piscina-barra-da-tijuca-rio-de-janeiro-115m2-id-2905229325/
duplicata de conteúdo (mesmo imóvel),Barra da Tijuca,Avenida das Américas,3000.0,950.0,44.0,,2905162631,https://www.zapimoveis.com.br/imovel/aluguel-conjunto-comercial-sala-barra-da-tijuca-rio-de-janeiro-44m2-id-2905162631/
duplicata de conteúdo (mesmo imóvel),Barra da Tijuca,Avenida Lúcio Costa,6900.0,4200.0,52.0,1,2905107394,https://www.zapimoveis.com.br/imovel/aluguel-flat-1-quarto-com-piscina-barra-da-tijuca-rio-de-janeiro-52m2-id-2905107394/
duplicata de conteúdo (mesmo imóvel),Barra da Tijuca,Avenida Lúcio Costa,6900.0,4200.0,52.0,1,2905065515,https://www.zapimoveis.com.br/imovel/aluguel-flat-1-quarto-mobiliado-barra-da-tijuca-rio-de-janeiro-52m2-id-2905065515/
duplicata de conteúdo (mesmo imóvel),Barra da Tijuca,Avenida das Américas,15000.0,3200.0,114.0,,2904917499,https://www.zapimoveis.com.br/imovel/aluguel-conjunto-comercial-sala-com-jardim-barra-da-tijuca-rio-de-janeiro-114m2-id-2904917499/
duplicata de conteúdo (mesmo imóvel),Barra da Tijuca,Avenida Lúcio Costa,6900.0,4200.0,52.0,1,2904899594,https://www.zapimoveis.com.br/imovel/aluguel-flat-1-quarto-com-piscina-barra-da-tijuca-rio-de-janeiro-52m2-id-2904899594/
duplicata de conteúdo (mesmo imóvel),Barra da Tijuca,Rua Ivaldo de Azambuja,17999.0,1800.0,400.0,5,2904820422,https://www.zapimoveis.com.br/imovel/aluguel-casa-de-condominio-5-quartos-com-piscina-barra-da-tijuca-rio-de-janeiro-400m2-id-2904820422/
duplicata de conteúdo (mesmo imóvel),Barra da Tijuca,Avenida das Américas,15000.0,3200.0,114.0,,2904637337,https://www.zapimoveis.com.br/imovel/aluguel-conjunto-comercial-sala-barra-da-tijuca-rio-de-janeiro-114m2-id-2904637337/
duplicata de conteúdo (mesmo imóvel),Barra da Tijuca,Avenida das Américas,15000.0,3200.0,114.0,,2904602208,https://www.zapimoveis.com.br/imovel/aluguel-conjunto-comercial-sala-barra-da-tijuca-rio-de-janeiro-114m2-id-2904602208/
duplicata de conteúdo (mesmo imóvel),Barra da Tijuca,Avenida das Américas,3000.0,2325.0,56.0,,2904587910,https://www.zapimoveis.com.br/imovel/aluguel-conjunto-comercial-sala-barra-da-tijuca-rio-de-janeiro-56m2-id-2904587910/
duplicata de conteúdo (mesmo imóvel),Barra da Tijuca,Rua Manuel Brasiliense,10500.0,3252.0,214.0,3,2904584355,https://www.zapimoveis.com.br/imovel/aluguel-cobertura-3-quartos-com-piscina-barra-da-tijuca-rio-de-janeiro-214m2-id-2904584355/
duplicata de conteúdo (mesmo imóvel),Barra da Tijuca,Rua Escritor Rodrigo Melo Franco,12000.0,2060.0,131.0,3,,
duplicata de conteúdo (mesmo imóvel),Barra da Tijuca,Avenida Carlos Lima,2800.0,670.0,58.0,2,2908745420,https://www.zapimoveis.com.br/imovel/aluguel-apartamento-2-quartos-com-piscina-barra-olimpica-rio-de-janeiro-58m2-id-2908745420/
duplicata de conteúdo (mesmo imóvel),Barra da Tijuca,Avenida Jaime Poggi,3800.0,1300.0,77.0,3,2908078357,https://www.zapimoveis.com.br/imovel/aluguel-apartamento-3-quartos-mobiliado-barra-olimpica-rio-de-janeiro-77m2-id-2908078357/
duplicata de conteúdo (mesmo imóvel),Barra da Tijuca,Rua Queiros Júnior,3800.0,1106.0,70.0,2,2907747329,https://www.zapimoveis.com.br/imovel/aluguel-apartamento-2-quartos-com-piscina-barra-olimpica-rio-de-janeiro-70m2-id-2907747329/
duplicata de conteúdo (mesmo imóvel),Barra da Tijuca,Rua Escritor Rodrigo Melo Franco,10000.0,1950.0,130.0,3,2907002827,https://www.zapimoveis.com.br/imovel/aluguel-apartamento-3-quartos-com-piscina-barra-olimpica-rio-de-janeiro-130m2-id-2907002827/
duplicata de conteúdo (mesmo imóvel),Barra da Tijuca,Rua Aroazes,6500.0,2200.0,150.0,2,2906844832,https://www.zapimoveis.com.br/imovel/aluguel-cobertura-2-quartos-mobiliado-barra-olimpica-rio-de-janeiro-150m2-id-2906844832/
duplicata de conteúdo (mesmo imóvel),Barra da Tijuca,Rua Aroazes,6500.0,2200.0,150.0,2,2906777417,https://www.zapimoveis.com.br/imovel/aluguel-cobertura-2-quartos-mobiliado-barra-olimpica-rio-de-janeiro-150m2-id-2906777417/
duplicata de conteúdo (mesmo imóvel),Barra da Tijuca,Rua Victor Civita,23000.0,9500.0,252.0,,2906753169,https://www.zapimoveis.com.br/imovel/aluguel-conjunto-comercial-sala-barra-olimpica-rio-de-janeiro-252m2-id-2906753169/
duplicata de conteúdo (mesmo imóvel),Barra da Tijuca,Avenida Embaixador Abelardo Bueno,20000.0,6800.0,201.0,,2906323491,https://www.zapimoveis.com.br/imovel/aluguel-conjunto-comercial-sala-com-ambientes-integrados-barra-olimpica-rio-de-janeiro-201m2-id-2906323491/
duplicata de conteúdo (mesmo imóvel),Barra da Tijuca,Avenida Carlos Lima,2800.0,670.0,58.0,2,2906231026,https://www.zapimoveis.com.br/imovel/aluguel-apartamento-2-quartos-com-piscina-barra-olimpica-rio-de-janeiro-58m2-id-2906231026/
duplicata de conteúdo (mesmo imóvel),Barra da Tijuca,Rua Aroazes,6500.0,2200.0,150.0,2,2906092014,https://www.zapimoveis.com.br/imovel/aluguel-cobertura-2-quartos-mobiliado-barra-olimpica-rio-de-janeiro-150m2-id-2906092014/
duplicata de conteúdo (mesmo imóvel),Barra da Tijuca,Rua Escritor Rodrigo Melo Franco,10000.0,1950.0,130.0,3,,
duplicata de conteúdo (mesmo imóvel),Barra da Tijuca,Avenida Embaixador Abelardo Bueno,4500.0,1200.0,70.0,3,2905302531,https://www.zapimoveis.com.br/imovel/aluguel-apartamento-3-quartos-mobiliado-barra-olimpica-rio-de-janeiro-70m2-id-2905302531/
duplicata de conteúdo (mesmo imóvel),Barra da Tijuca,Rua Aroazes,4200.0,1074.0,83.0,3,2904680595,https://www.zapimoveis.com.br/imovel/aluguel-apartamento-3-quartos-com-piscina-barra-olimpica-rio-de-janeiro-83m2-id-2904680595/
duplicata de conteúdo (mesmo imóvel),Barra da Tijuca,Rua Aroazes,4800.0,1200.0,79.0,3,,
duplicata de conteúdo (mesmo imóvel),Barra da Tijuca,Rua Queiros Júnior,3800.0,1106.0,70.0,2,,
duplicata de conteúdo (mesmo imóvel),Barra da Tijuca,Rua Francisco de Paula,5000.0,1160.0,83.0,3,2903122019,https://www.zapimoveis.com.br/imovel/aluguel-apartamento-3-quartos-com-piscina-barra-olimpica-rio-de-janeiro-83m2-id-2903122019/
duplicata de conteúdo (mesmo imóvel),Barra da Tijuca,Rua Aroazes,4200.0,1912.0,83.0,3,2901256701,https://www.zapimoveis.com.br/imovel/aluguel-apartamento-3-quartos-com-piscina-barra-olimpica-rio-de-janeiro-83m2-id-2901256701/
duplicata de conteúdo (mesmo imóvel),Barra da Tijuca,Rua Escritor Rodrigo Melo Franco,8800.0,2000.0,134.0,3,,
duplicata de conteúdo (mesmo imóvel),Barra da Tijuca,Rua Queiros Júnior,3800.0,1106.0,70.0,2,2900584607,https://www.zapimoveis.com.br/imovel/aluguel-apartamento-2-quartos-com-piscina-barra-olimpica-rio-de-janeiro-70m2-id-2900584607/
duplicata de conteúdo (mesmo imóvel),Barra da Tijuca,Avenida Vice-Presidente José Alencar,4200.0,1250.0,80.0,2,2900564589,https://www.zapimoveis.com.br/imovel/aluguel-apartamento-2-quartos-com-piscina-barra-olimpica-rio-de-janeiro-80m2-id-2900564589/
duplicata de conteúdo (mesmo imóvel),Barra da Tijuca,Rua Queiros Júnior,3800.0,1106.0,70.0,2,2899651673,https://www.zapimoveis.com.br/imovel/aluguel-apartamento-2-quartos-com-piscina-barra-olimpica-rio-de-janeiro-70m2-id-2899651673/
duplicata de conteúdo (mesmo imóvel),Barra da Tijuca,Rua Aroazes,4200.0,1074.0,83.0,3,,
duplicata de conteúdo (mesmo imóvel),Barra da Tijuca,Avenida Vice-Presidente José Alencar,4300.0,1670.0,69.0,2,,
duplicata de conteúdo (mesmo imóvel),Barra da Tijuca,Avenida Vice-Presidente José Alencar,7900.0,3300.0,150.0,3,2899610210,https://www.zapimoveis.com.br/imovel/aluguel-apartamento-3-quartos-barra-olimpica-rio-de-janeiro-150m2-id-2899610210/
duplicata de conteúdo (mesmo imóvel),Barra da Tijuca,Avenida Carlos Lima,4500.0,637.0,50.0,2,2899359691,https://www.zapimoveis.com.br/imovel/aluguel-apartamento-2-quartos-com-piscina-barra-olimpica-rio-de-janeiro-50m2-id-2899359691/
duplicata de conteúdo (mesmo imóvel),Barra da Tijuca,Rua Queiros Júnior,3800.0,1106.0,70.0,2,2898646954,https://www.zapimoveis.com.br/imovel/aluguel-apartamento-2-quartos-com-piscina-barra-olimpica-rio-de-janeiro-70m2-id-2898646954/
duplicata de conteúdo (mesmo imóvel),Barra da Tijuca,Rua Queiros Júnior,3800.0,1100.0,70.0,2,2897956929,https://www.zapimoveis.com.br/imovel/aluguel-apartamento-2-quartos-com-piscina-barra-olimpica-rio-de-janeiro-70m2-id-2897956929/
duplicata de conteúdo (mesmo imóvel),Barra da Tijuca,Avenida Carlos Lima,3600.0,750.0,75.0,3,2897956081,https://www.zapimoveis.com.br/imovel/aluguel-apartamento-3-quartos-com-piscina-barra-olimpica-rio-de-janeiro-75m2-id-2897956081/
duplicata de conteúdo (mesmo imóvel),Barra da Tijuca,Rua Queiros Júnior,3800.0,1106.0,70.0,2,2897154082,https://www.zapimoveis.com.br/imovel/aluguel-apartamento-2-quartos-mobiliado-barra-olimpica-rio-de-janeiro-70m2-id-2897154082/
duplicata de conteúdo (mesmo imóvel),Barra da Tijuca,Avenida Vice-Presidente José Alencar,9000.0,2900.0,150.0,4,2896327378,https://www.zapimoveis.com.br/imovel/aluguel-apartamento-4-quartos-barra-olimpica-rio-de-janeiro-150m2-id-2896327378/
duplicata de conteúdo (mesmo imóvel),Barra da Tijuca,Rua Escritor Rodrigo Melo Franco,13200.0,2400.0,160.0,4,2895357421,https://www.zapimoveis.com.br/imovel/aluguel-apartamento-4-quartos-mobiliado-barra-olimpica-rio-de-janeiro-160m2-id-2895357421/
duplicata de conteúdo (mesmo imóvel),Barra da Tijuca,Avenida Carlos Lima,2800.0,650.0,52.0,2,2895040902,https://www.zapimoveis.com.br/imovel/aluguel-apartamento-2-quartos-com-varanda-barra-olimpica-rio-de-janeiro-52m2-id-2895040902/
duplicata de conteúdo (mesmo imóvel),Camorim,Estrada dos Bandeirantes,6000.0,1300.0,85.0,2,2889381586,https://www.zapimoveis.com.br/imovel/aluguel-apartamento-2-quartos-com-piscina-camorim-rio-de-janeiro-85m2-id-2889381586/
duplicata de conteúdo (mesmo imóvel),Barra da Tijuca,Rua Escritor Rodrigo Melo Franco,8000.0,1900.0,131.0,3,2888783976,https://www.zapimoveis.com.br/imovel/aluguel-apartamento-3-quartos-com-piscina-barra-olimpica-rio-de-janeiro-131m2-id-2888783976/
duplicata de conteúdo (mesmo imóvel),Barra da Tijuca,Avenida Ator José Wilker,3500.0,1266.0,56.0,1,2881916086,https://www.zapimoveis.com.br/imovel/aluguel-apartamento-1-quarto-mobiliado-barra-olimpica-rio-de-janeiro-56m2-id-2881916086/
duplicata de conteúdo (mesmo imóvel),Barra da Tijuca,Avenida Vice-Presidente José Alencar,15000.0,3300.0,237.0,4,2880611310,https://www.zapimoveis.com.br/imovel/aluguel-cobertura-4-quartos-com-piscina-barra-olimpica-rio-de-janeiro-237m2-id-2880611310/
duplicata de conteúdo (mesmo imóvel),Barra da Tijuca,Avenida Embaixador Abelardo Bueno,1200.0,2025.0,46.0,,2875493742,https://www.zapimoveis.com.br/imovel/aluguel-loja-salao-barra-olimpica-rio-de-janeiro-46m2-id-2875493742/
duplicata de conteúdo (mesmo imóvel),Barra da Tijuca,Avenida Abraham Medina,5900.0,1590.0,83.0,2,2869404876,https://www.zapimoveis.com.br/imovel/aluguel-apartamento-2-quartos-com-piscina-barra-olimpica-rio-de-janeiro-83m2-id-2869404876/
duplicata de conteúdo (mesmo imóvel),Barra da Tijuca,Avenida Abraham Medina,5900.0,1590.0,83.0,2,2869387387,https://www.zapimoveis.com.br/imovel/aluguel-apartamento-2-quartos-com-piscina-barra-olimpica-rio-de-janeiro-83m2-id-2869387387/
duplicata de conteúdo (mesmo imóvel),Barra da Tijuca,Avenida Abraham Medina,5900.0,1590.0,83.0,2,,
duplicata de conteúdo (mesmo imóvel),Barra da Tijuca,Rua José Augusto Rodrigues,50000.0,0.0,736.0,,2862075579,https://www.zapimoveis.com.br/imovel/aluguel-predio-barra-olimpica-rio-de-janeiro-736m2-id-2862075579/
duplicata de conteúdo (mesmo imóvel),Barra da Tijuca,Rua Escritor Rodrigo Melo Franco,6000.0,1200.0,85.0,2,2904302304,https://www.zapimoveis.com.br/imovel/aluguel-apartamento-2-quartos-barra-olimpica-rio-de-janeiro-85m2-id-2904302304/
duplicata de conteúdo (mesmo imóvel),Barra da Tijuca,Avenida Embaixador Abelardo Bueno,3500.0,1419.0,50.0,,2756687923,https://www.zapimoveis.com.br/imovel/aluguel-conjunto-comercial-sala-barra-olimpica-rio-de-janeiro-50m2-id-2756687923/
duplicata de conteúdo (mesmo imóvel),Barra da Tijuca,Avenida Ator José Wilker,3200.0,1116.0,65.0,1,2727383339,https://www.zapimoveis.com.br/imovel/aluguel-apartamento-1-quarto-com-piscina-barra-olimpica-rio-de-janeiro-65m2-id-2727383339/
duplicata de conteúdo (mesmo imóvel),Barra da Tijuca,Avenida Ator José Wilker,3200.0,1115.0,63.0,1,2655325931,https://www.zapimoveis.com.br/imovel/aluguel-apartamento-1-quarto-com-piscina-barra-olimpica-rio-de-janeiro-63m2-id-2655325931/
duplicata de conteúdo (mesmo imóvel),Jacarepaguá,Estrada do Caçambé,2700.0,800.0,42.0,2,2907790818,https://www.zapimoveis.com.br/imovel/aluguel-apartamento-2-quartos-com-piscina-jacarepagua-rio-de-janeiro-42m2-id-2907790818/
duplicata de conteúdo (mesmo imóvel),Camorim,Estrada dos Bandeirantes,13000.0,1200.0,300.0,4,2906399218,https://www.zapimoveis.com.br/imovel/aluguel-casa-de-condominio-4-quartos-com-piscina-camorim-rio-de-janeiro-300m2-id-2906399218/
duplicata de conteúdo (mesmo imóvel),Camorim,Estrada dos Bandeirantes,12000.0,1750.0,134.0,3,2902310060,https://www.zapimoveis.com.br/imovel/aluguel-apartamento-3-quartos-mobiliado-camorim-rio-de-janeiro-134m2-id-2902310060/
duplicata de conteúdo (mesmo imóvel),Camorim,Estrada dos Bandeirantes,4500.0,520.0,48.0,2,2900900827,https://www.zapimoveis.com.br/imovel/aluguel-apartamento-2-quartos-mobiliado-camorim-rio-de-janeiro-48m2-id-2900900827/
duplicata de conteúdo (mesmo imóvel),Jacarepaguá,Rua Pedro Calmon,2200.0,770.0,25.0,1,2881565246,https://www.zapimoveis.com.br/imovel/aluguel-flat-1-quarto-jacarepagua-rio-de-janeiro-25m2-id-2881565246/
duplicata de conteúdo (mesmo imóvel),Campo Grande,Rua Soldado José de Souza,2000.0,0.0,57.0,,2910001007,https://www.zapimoveis.com.br/imovel/aluguel-loja-salao-campo-grande-rio-de-janeiro-57m2-id-2910001007/
duplicata de conteúdo (mesmo imóvel),Campo Grande,Avenida Brasil,50000.0,,15800.0,,2906479520,https://www.zapimoveis.com.br/imovel/aluguel-terreno-lote-condominio-campo-grande-rio-de-janeiro-15800m2-id-2906479520/
duplicata de conteúdo (mesmo imóvel),Campo Grande,Avenida Brasil,50000.0,,15800.0,,2906429031,https://www.zapimoveis.com.br/imovel/aluguel-terreno-lote-condominio-campo-grande-rio-de-janeiro-15800m2-id-2906429031/
duplicata de conteúdo (mesmo imóvel),Campo Grande,Rua Severino Ferreira da Costa,10000.0,0.0,900.0,1,2902501696,https://www.zapimoveis.com.br/imovel/aluguel-loja-salao-1-quarto-campo-grande-rio-de-janeiro-900m2-id-2902501696/
duplicata de conteúdo (mesmo imóvel),Campo Grande,Rua Campo Formoso,35000.0,,1500.0,,2899278782,https://www.zapimoveis.com.br/imovel/aluguel-galpao-deposito-armazem-campo-grande-rio-de-janeiro-1500m2-id-2899278782/
duplicata de conteúdo (mesmo imóvel),Campo Grande,Rua Campo Formoso,35000.0,,1500.0,,2899212683,https://www.zapimoveis.com.br/imovel/aluguel-galpao-deposito-armazem-campo-grande-rio-de-janeiro-1500m2-id-2899212683/
duplicata de conteúdo (mesmo imóvel),Campo Grande,Estrada João Melo,3200.0,380.0,200.0,2,2895887547,https://www.zapimoveis.com.br/imovel/aluguel-casa-de-condominio-2-quartos-campo-grande-rio-de-janeiro-200m2-id-2895887547/
duplicata de conteúdo (mesmo imóvel),Campo Grande,Avenida Cesário de Melo,1500.0,110.0,46.0,,2890586276,https://www.zapimoveis.com.br/imovel/aluguel-conjunto-comercial-sala-campo-grande-rio-de-janeiro-46m2-id-2890586276/
duplicata de conteúdo (mesmo imóvel),Campo Grande,Estrada Rio-São Paulo,12000.0,,600.0,,2880778682,https://www.zapimoveis.com.br/imovel/aluguel-galpao-deposito-armazem-com-escritorio-campo-grande-rio-de-janeiro-600m2-id-2880778682/
duplicata de conteúdo (mesmo imóvel),Campo Grande,Avenida Brasil,317760.0,56402.0,15888.0,,2879245373,https://www.zapimoveis.com.br/imovel/aluguel-galpao-deposito-armazem-campo-grande-rio-de-janeiro-15888m2-id-2879245373/
duplicata de conteúdo (mesmo imóvel),Campo Grande,Avenida Brasil,317763.0,56403.0,15888.0,,2877647658,https://www.zapimoveis.com.br/imovel/aluguel-galpao-deposito-armazem-com-cozinha-campo-grande-rio-de-janeiro-15888m2-id-2877647658/
duplicata de conteúdo (mesmo imóvel),Campo Grande,Estrada do Campinho,16000.0,0.0,1000.0,,2875530413,https://www.zapimoveis.com.br/imovel/aluguel-galpao-deposito-armazem-com-churrasqueira-campo-grande-rio-de-janeiro-1000m2-id-2875530413/
duplicata de conteúdo (mesmo imóvel),Campo Grande,Estrada Guandu do Sape,1000.0,,25.0,,2845017892,https://www.zapimoveis.com.br/imovel/aluguel-conjunto-comercial-sala-campo-grande-rio-de-janeiro-25m2-id-2845017892/
duplicata de conteúdo (mesmo imóvel),Campo Grande,Estrada Guandu do Sape,1000.0,,25.0,,2845018691,https://www.zapimoveis.com.br/imovel/aluguel-conjunto-comercial-sala-campo-grande-rio-de-janeiro-25m2-id-2845018691/
duplicata de conteúdo (mesmo imóvel),Campo Grande,Estrada Guandu do Sape,1200.0,,40.0,,2845019352,https://www.zapimoveis.com.br/imovel/aluguel-conjunto-comercial-sala-campo-grande-rio-de-janeiro-40m2-id-2845019352/
duplicata de conteúdo (mesmo imóvel),Campo Grande,Estrada Guandu do Sape,1000.0,,25.0,,2845019351,https://www.zapimoveis.com.br/imovel/aluguel-conjunto-comercial-sala-campo-grande-rio-de-janeiro-25m2-id-2845019351/
duplicata de conteúdo (mesmo imóvel),Campo Grande,Avenida Brasil,317763.0,56403.0,15888.0,,2842141717,https://www.zapimoveis.com.br/imovel/aluguel-galpao-deposito-armazem-com-acesso-24-horas-campo-grande-rio-de-janeiro-15888m2-id-2842141717/
duplicata de conteúdo (mesmo imóvel),Campo Grande,,1200.0,,55.0,2,2808171546,https://www.zapimoveis.com.br/imovel/aluguel-casa-2-quartos-campo-grande-rio-de-janeiro-55m2-id-2808171546/
duplicata de conteúdo (mesmo imóvel),Campo Grande,Rua Augusto de Vasconcelos,1500.0,500.0,25.0,,2801928634,https://www.zapimoveis.com.br/imovel/aluguel-conjunto-comercial-sala-com-elevador-campo-grande-rio-de-janeiro-25m2-id-2801928634/
duplicata de conteúdo (mesmo imóvel),Campo Grande,Avenida Brasil,317764.0,56403.0,15888.0,,2761951432,https://www.zapimoveis.com.br/imovel/aluguel-galpao-deposito-armazem-campo-grande-rio-de-janeiro-15888m2-id-2761951432/
duplicata de conteúdo (mesmo imóvel),Campo Grande,Rua Aurélio Figueiredo,1600.0,650.0,35.0,,2754708694,https://www.zapimoveis.com.br/imovel/aluguel-conjunto-comercial-sala-com-elevador-campo-grande-rio-de-janeiro-35m2-id-2754708694/
duplicata de conteúdo (mesmo imóvel),Campo Grande,Rua Aurélio Figueiredo,1600.0,650.0,35.0,,2754707115,https://www.zapimoveis.com.br/imovel/aluguel-conjunto-comercial-sala-campo-grande-rio-de-janeiro-35m2-id-2754707115/
duplicata de conteúdo (mesmo imóvel),Campo Grande,,1800.0,763.0,20.0,,2715202701,https://www.zapimoveis.com.br/imovel/aluguel-loja-salao-campo-grande-rio-de-janeiro-20m2-id-2715202701/
duplicata de conteúdo (mesmo imóvel),Campo Grande,Avenida Cesário de Melo,1500.0,806.0,30.0,,2663575663,https://www.zapimoveis.com.br/imovel/aluguel-conjunto-comercial-sala-com-elevador-campo-grande-rio-de-janeiro-30m2-id-2663575663/
duplicata de conteúdo (mesmo imóvel),Campo Grande,Rua Campo Grande,700.0,420.0,22.0,,2634148254,https://www.zapimoveis.com.br/imovel/aluguel-conjunto-comercial-sala-campo-grande-rio-de-janeiro-22m2-id-2634148254/
duplicata de conteúdo (mesmo imóvel),Campo Grande,Rua Ivo do Prado,1000.0,715.0,50.0,,2633527523,https://www.zapimoveis.com.br/imovel/aluguel-conjunto-comercial-sala-com-acesso-24-horas-campo-grande-rio-de-janeiro-50m2-id-2633527523/
duplicata de conteúdo (mesmo imóvel),Campo Grande,Avenida Cesário de Melo,1500.0,806.0,30.0,,2632579567,https://www.zapimoveis.com.br/imovel/aluguel-conjunto-comercial-sala-campo-grande-rio-de-janeiro-30m2-id-2632579567/
duplicata de conteúdo (mesmo imóvel),Campo Grande,Rua Campo Grande,800.0,420.0,22.0,,2579320126,https://www.zapimoveis.com.br/imovel/aluguel-conjunto-comercial-sala-campo-grande-rio-de-janeiro-22m2-id-2579320126/
duplicata de conteúdo (mesmo imóvel),Campo Grande,Avenida Cesário de Melo,1500.0,806.0,30.0,,2577352364,https://www.zapimoveis.com.br/imovel/aluguel-conjunto-comercial-sala-com-elevador-campo-grande-rio-de-janeiro-30m2-id-2577352364/
duplicata de conteúdo (mesmo imóvel),Campo Grande,Rua Campo Grande,700.0,420.0,22.0,,2577352537,https://www.zapimoveis.com.br/imovel/aluguel-conjunto-comercial-sala-campo-grande-rio-de-janeiro-22m2-id-2577352537/
duplicata de conteúdo (mesmo imóvel),Curicica,Rua General Sílvio Pereira da Silva,2850.0,,90.0,3,2908811178,https://www.zapimoveis.com.br/imovel/aluguel-apartamento-3-quartos-com-armario-de-cozinha-curicica-rio-de-janeiro-90m2-id-2908811178/
duplicata de conteúdo (mesmo imóvel),Curicica,Rua Juranda,6000.0,,300.0,,2906332477,https://www.zapimoveis.com.br/imovel/aluguel-galpao-deposito-armazem-com-entrada-para-caminhoes-curicica-rio-de-janeiro-300m2-id-2906332477/
duplicata de conteúdo (mesmo imóvel),Freguesia (Jacarepaguá),Travessa Cunha Galvão,2800.0,1263.0,66.0,3,2909078816,https://www.zapimoveis.com.br/imovel/aluguel-apartamento-3-quartos-com-piscina-freguesia-jacarepagua-rio-de-janeiro-66m2-id-2909078816/
duplicata de conteúdo (mesmo imóvel),Freguesia (Jacarepaguá),Estrada de Jacarepaguá,1100.0,1624.0,38.0,,2908237627,https://www.zapimoveis.com.br/imovel/aluguel-conjunto-comercial-sala-freguesia-jacarepagua-rio-de-janeiro-38m2-id-2908237627/
duplicata de conteúdo (mesmo imóvel),Freguesia (Jacarepaguá),Rua Fortunato de Brito,3800.0,1800.0,174.0,4,2907874149,https://www.zapimoveis.com.br/imovel/aluguel-apartamento-4-quartos-com-piscina-freguesia-jacarepagua-rio-de-janeiro-174m2-id-2907874149/
duplicata de conteúdo (mesmo imóvel),Freguesia (Jacarepaguá),Rua Fortunato de Brito,3800.0,1800.0,174.0,4,2907711520,https://www.zapimoveis.com.br/imovel/aluguel-cobertura-4-quartos-com-piscina-freguesia-jacarepagua-rio-de-janeiro-174m2-id-2907711520/
duplicata de conteúdo (mesmo imóvel),Freguesia (Jacarepaguá),Rua Comandante Rúbens Silva,4450.0,2000.0,199.0,4,2907384522,https://www.zapimoveis.com.br/imovel/aluguel-cobertura-4-quartos-com-piscina-freguesia-jacarepagua-rio-de-janeiro-199m2-id-2907384522/
duplicata de conteúdo (mesmo imóvel),Freguesia (Jacarepaguá),Rua Comandante Rúbens Silva,4450.0,2000.0,199.0,4,2907175617,https://www.zapimoveis.com.br/imovel/aluguel-cobertura-4-quartos-com-piscina-freguesia-jacarepagua-rio-de-janeiro-199m2-id-2907175617/
duplicata de conteúdo (mesmo imóvel),Freguesia (Jacarepaguá),Rua Xingu,8500.0,775.0,123.0,,2907123714,https://www.zapimoveis.com.br/imovel/aluguel-loja-salao-com-blindex-freguesia-jacarepagua-rio-de-janeiro-123m2-id-2907123714/
duplicata de conteúdo (mesmo imóvel),Freguesia (Jacarepaguá),Rua Joaquim Pinheiro,3800.0,1187.0,90.0,2,2906817326,https://www.zapimoveis.com.br/imovel/aluguel-apartamento-2-quartos-com-piscina-freguesia-jacarepagua-rio-de-janeiro-90m2-id-2906817326/
duplicata de conteúdo (mesmo imóvel),Freguesia (Jacarepaguá),Travessa Teodomiro Pereira,3700.0,1592.0,168.0,2,2905599046,https://www.zapimoveis.com.br/imovel/aluguel-cobertura-2-quartos-com-piscina-freguesia-jacarepagua-rio-de-janeiro-168m2-id-2905599046/
duplicata de conteúdo (mesmo imóvel),Barra da Tijuca,Avenida Vice-Presidente José Alencar,4200.0,1250.0,80.0,2,2905203893,https://www.zapimoveis.com.br/imovel/aluguel-apartamento-2-quartos-mobiliado-barra-olimpica-rio-de-janeiro-80m2-id-2905203893/
duplicata de conteúdo (mesmo imóvel),Freguesia (Jacarepaguá),Rua Araguaia,3000.0,1960.0,145.0,2,2905133310,https://www.zapimoveis.com.br/imovel/aluguel-cobertura-2-quartos-com-piscina-freguesia-jacarepagua-rio-de-janeiro-145m2-id-2905133310/
duplicata de conteúdo (mesmo imóvel),Freguesia (Jacarepaguá),Avenida Geremário Dantas,79000.0,,2000.0,,2903652794,https://www.zapimoveis.com.br/imovel/aluguel-loja-salao-freguesia-jacarepagua-rio-de-janeiro-2000m2-id-2903652794/
duplicata de conteúdo (mesmo imóvel),Freguesia (Jacarepaguá),Estrada do Bananal,2565.0,1294.0,81.0,2,2903448605,https://www.zapimoveis.com.br/imovel/aluguel-apartamento-2-quartos-com-piscina-freguesia-jacarepagua-rio-de-janeiro-81m2-id-2903448605/
duplicata de conteúdo (mesmo imóvel),Freguesia (Jacarepaguá),Estrada dos Três Rios,1300.0,1351.0,35.0,,2902549928,https://www.zapimoveis.com.br/imovel/aluguel-conjunto-comercial-sala-freguesia-jacarepagua-rio-de-janeiro-35m2-id-2902549928/
duplicata de conteúdo (mesmo imóvel),Freguesia (Jacarepaguá),Estrada do Bananal,14000.0,700.0,600.0,4,2901256500,https://www.zapimoveis.com.br/imovel/aluguel-casa-de-condominio-4-quartos-com-piscina-freguesia-jacarepagua-rio-de-janeiro-600m2-id-2901256500/
duplicata de conteúdo (mesmo imóvel),Freguesia (Jacarepaguá),Rua Tirol,1250.0,1208.0,49.0,,2899311599,https://www.zapimoveis.com.br/imovel/aluguel-loja-salao-freguesia-jacarepagua-rio-de-janeiro-49m2-id-2899311599/
duplicata de conteúdo (mesmo imóvel),Freguesia (Jacarepaguá),Avenida Geremário Dantas,3300.0,1375.0,147.0,4,2898675302,https://www.zapimoveis.com.br/imovel/aluguel-apartamento-4-quartos-com-piscina-freguesia-jacarepagua-rio-de-janeiro-147m2-id-2898675302/
duplicata de conteúdo (mesmo imóvel),Freguesia (Jacarepaguá),Rua Araguaia,3500.0,561.0,36.0,,2898259186,https://www.zapimoveis.com.br/imovel/aluguel-loja-salao-com-acesso-24-horas-freguesia-jacarepagua-rio-de-janeiro-36m2-id-2898259186/
duplicata de conteúdo (mesmo imóvel),Freguesia (Jacarepaguá),Rua Comandante Rúbens Silva,500.0,571.0,22.0,,2897430673,https://www.zapimoveis.com.br/imovel/aluguel-conjunto-comercial-sala-freguesia-jacarepagua-rio-de-janeiro-22m2-id-2897430673/
duplicata de conteúdo (mesmo imóvel),Freguesia (Jacarepaguá),Estrada do Bananal,7000.0,0.0,294.0,3,2891236674,https://www.zapimoveis.com.br/imovel/aluguel-casa-de-condominio-3-quartos-com-cozinha-freguesia-jacarepagua-rio-de-janeiro-294m2-id-2891236674/
duplicata de conteúdo (mesmo imóvel),Freguesia (Jacarepaguá),Estrada de Jacarepaguá,2900.0,1300.0,80.0,,2890631380,https://www.zapimoveis.com.br/imovel/aluguel-loja-salao-com-janelas-grandes-freguesia-jacarepagua-rio-de-janeiro-80m2-id-2890631380/
duplicata de conteúdo (mesmo imóvel),Freguesia (Jacarepaguá),Estrada dos Três Rios,600.0,720.0,28.0,,2890159676,https://www.zapimoveis.com.br/imovel/aluguel-conjunto-comercial-sala-com-elevador-freguesia-jacarepagua-rio-de-janeiro-28m2-id-2890159676/
duplicata de conteúdo (mesmo imóvel),Freguesia (Jacarepaguá),Rua Tirol,2550.0,1325.0,64.0,3,2889583804,https://www.zapimoveis.com.br/imovel/aluguel-apartamento-3-quartos-com-churrasqueira-freguesia-jacarepagua-rio-de-janeiro-64m2-id-2889583804/
duplicata de conteúdo (mesmo imóvel),Freguesia (Jacarepaguá),Estrada dos Três Rios,800.0,811.0,28.0,,2889463682,https://www.zapimoveis.com.br/imovel/aluguel-conjunto-comercial-sala-com-ar-condicionado-freguesia-jacarepagua-rio-de-janeiro-28m2-id-2889463682/
duplicata de conteúdo (mesmo imóvel),Freguesia (Jacarepaguá),Estrada dos Três Rios,800.0,1095.0,29.0,,2887881591,https://www.zapimoveis.com.br/imovel/aluguel-conjunto-comercial-sala-com-ar-condicionado-freguesia-jacarepagua-rio-de-janeiro-29m2-id-2887881591/
duplicata de conteúdo (mesmo imóvel),Freguesia (Jacarepaguá),Estrada dos Três Rios,1100.0,537.0,25.0,,2886339076,https://www.zapimoveis.com.br/imovel/aluguel-conjunto-comercial-sala-freguesia-jacarepagua-rio-de-janeiro-25m2-id-2886339076/
duplicata de conteúdo (mesmo imóvel),Freguesia (Jacarepaguá),Rua Firmino do Amaral,1500.0,100.0,32.0,1,,
duplicata de conteúdo (mesmo imóvel),Freguesia (Jacarepaguá),Rua Araguaia,800.0,757.0,25.0,,2874070014,https://www.zapimoveis.com.br/imovel/aluguel-conjunto-comercial-sala-freguesia-jacarepagua-rio-de-janeiro-25m2-id-2874070014/
duplicata de conteúdo (mesmo imóvel),Freguesia (Jacarepaguá),Estrada dos Três Rios,600.0,720.0,28.0,,2871757008,https://www.zapimoveis.com.br/imovel/aluguel-conjunto-comercial-sala-com-acesso-24-horas-freguesia-jacarepagua-rio-de-janeiro-28m2-id-2871757008/
duplicata de conteúdo (mesmo imóvel),Freguesia (Jacarepaguá),Avenida Geremário Dantas,20000.0,,900.0,,2868037602,https://www.zapimoveis.com.br/imovel/aluguel-predio-freguesia-jacarepagua-rio-de-janeiro-900m2-id-2868037602/
duplicata de conteúdo (mesmo imóvel),Freguesia (Jacarepaguá),Estrada dos Três Rios,3500.0,2100.0,129.0,4,2867744719,https://www.zapimoveis.com.br/imovel/aluguel-apartamento-4-quartos-com-academia-freguesia-jacarepagua-rio-de-janeiro-129m2-id-2867744719/
duplicata de conteúdo (mesmo imóvel),Freguesia (Jacarepaguá),Estrada dos Três Rios,700.0,824.0,27.0,,2848185828,https://www.zapimoveis.com.br/imovel/aluguel-conjunto-comercial-sala-com-lavabo-freguesia-jacarepagua-rio-de-janeiro-27m2-id-2848185828/
duplicata de conteúdo (mesmo imóvel),Freguesia (Jacarepaguá),Rua Tirol,650.0,897.0,35.0,,2845290316,https://www.zapimoveis.com.br/imovel/aluguel-loja-salao-com-acesso-24-horas-freguesia-jacarepagua-rio-de-janeiro-35m2-id-2845290316/
duplicata de conteúdo (mesmo imóvel),Freguesia (Jacarepaguá),Rua Tirol,850.0,897.0,33.0,,2845288736,https://www.zapimoveis.com.br/imovel/aluguel-loja-salao-com-escritorio-freguesia-jacarepagua-rio-de-janeiro-33m2-id-2845288736/
duplicata de conteúdo (mesmo imóvel),Freguesia (Jacarepaguá),Avenida Geremário Dantas,500.0,664.0,27.0,,2845110833,https://www.zapimoveis.com.br/imovel/aluguel-conjunto-comercial-sala-freguesia-jacarepagua-rio-de-janeiro-27m2-id-2845110833/
duplicata de conteúdo (mesmo imóvel),Freguesia (Jacarepaguá),Estrada dos Três Rios,600.0,720.0,28.0,,2837052313,https://www.zapimoveis.com.br/imovel/aluguel-conjunto-comercial-sala-com-elevador-freguesia-jacarepagua-rio-de-janeiro-28m2-id-2837052313/
duplicata de conteúdo (mesmo imóvel),Freguesia (Jacarepaguá),Rua Araguaia,800.0,758.0,25.0,,2825773833,https://www.zapimoveis.com.br/imovel/aluguel-loja-salao-freguesia-jacarepagua-rio-de-janeiro-25m2-id-2825773833/
duplicata de conteúdo (mesmo imóvel),Freguesia (Jacarepaguá),Estrada dos Três Rios,650.0,600.0,24.0,,2809703421,https://www.zapimoveis.com.br/imovel/aluguel-loja-salao-com-espaco-gourmet-freguesia-jacarepagua-rio-de-janeiro-24m2-id-2809703421/
duplicata de conteúdo (mesmo imóvel),Freguesia (Jacarepaguá),Estrada Pau-ferro,29000.0,0.0,891.0,,2759913540,https://www.zapimoveis.com.br/imovel/aluguel-casa-com-varanda-freguesia-jacarepagua-rio-de-janeiro-891m2-id-2759913540/
duplicata de conteúdo (mesmo imóvel),Freguesia (Jacarepaguá),Estrada dos Três Rios,680.0,698.0,22.0,,2710215828,https://www.zapimoveis.com.br/imovel/aluguel-conjunto-comercial-sala-com-lavabo-freguesia-jacarepagua-rio-de-janeiro-22m2-id-2710215828/
duplicata de conteúdo (mesmo imóvel),Freguesia (Jacarepaguá),Estrada dos Três Rios,700.0,698.0,27.0,,2710215827,https://www.zapimoveis.com.br/imovel/aluguel-conjunto-comercial-sala-com-lavabo-freguesia-jacarepagua-rio-de-janeiro-27m2-id-2710215827/
duplicata de conteúdo (mesmo imóvel),Freguesia (Jacarepaguá),Estrada dos Três Rios,780.0,669.0,23.0,,2633317631,https://www.zapimoveis.com.br/imovel/aluguel-conjunto-comercial-sala-com-lavabo-freguesia-jacarepagua-rio-de-janeiro-23m2-id-2633317631/
duplicata de conteúdo (mesmo imóvel),Freguesia (Jacarepaguá),Estrada dos Três Rios,2000.0,630.0,42.0,,2621719060,https://www.zapimoveis.com.br/imovel/aluguel-conjunto-comercial-sala-com-ar-condicionado-freguesia-jacarepagua-rio-de-janeiro-42m2-id-2621719060/
duplicata de conteúdo (mesmo imóvel),Freguesia (Jacarepaguá),Rua Araguaia,700.0,420.0,28.0,,2611486779,https://www.zapimoveis.com.br/imovel/aluguel-conjunto-comercial-sala-com-convencoes-freguesia-jacarepagua-rio-de-janeiro-28m2-id-2611486779/
duplicata de conteúdo (mesmo imóvel),Guaratiba,Estrada da Ilha,8500.0,,300.0,,2902143150,https://www.zapimoveis.com.br/imovel/aluguel-galpao-deposito-armazem-guaratiba-rio-de-janeiro-300m2-id-2902143150/
duplicata de conteúdo (mesmo imóvel),Guaratiba,Estrada da Ilha,8500.0,,300.0,,2901253421,https://www.zapimoveis.com.br/imovel/aluguel-galpao-deposito-armazem-guaratiba-rio-de-janeiro-300m2-id-2901253421/
duplicata de conteúdo (mesmo imóvel),Paciência,Avenida Dom João VI,33000.0,,1200.0,,2901252731,https://www.zapimoveis.com.br/imovel/aluguel-galpao-deposito-armazem-paciencia-rio-de-janeiro-1200m2-id-2901252731/
duplicata de conteúdo (mesmo imóvel),Paciência,Avenida Dom João VI,8000.0,,300.0,,2901252727,https://www.zapimoveis.com.br/imovel/aluguel-galpao-deposito-armazem-paciencia-rio-de-janeiro-300m2-id-2901252727/
duplicata de conteúdo (mesmo imóvel),Paciência,Avenida Dom João VI,8000.0,,300.0,,2896463582,https://www.zapimoveis.com.br/imovel/aluguel-galpao-deposito-armazem-paciencia-rio-de-janeiro-300m2-id-2896463582/
duplicata de conteúdo (mesmo imóvel),Paciência,Avenida Dom João VI,8000.0,,300.0,,2883728378,https://www.zapimoveis.com.br/imovel/aluguel-galpao-deposito-armazem-paciencia-rio-de-janeiro-300m2-id-2883728378/
duplicata de conteúdo (mesmo imóvel),Guaratiba,Estrada da Ilha,15000.0,,820.0,,2881211122,https://www.zapimoveis.com.br/imovel/aluguel-galpao-deposito-armazem-guaratiba-rio-de-janeiro-820m2-id-2881211122/
duplicata de conteúdo (mesmo imóvel),Guaratiba,Estrada da Ilha,8500.0,,300.0,,2871923566,https://www.zapimoveis.com.br/imovel/aluguel-galpao-deposito-armazem-com-entrada-para-caminhoes-guaratiba-rio-de-janeiro-300m2-id-2871923566/
duplicata de conteúdo (mesmo imóvel),Guaratiba,Estrada da Capoeira Grande,900.0,250.0,40.0,1,2868605807,https://www.zapimoveis.com.br/imovel/aluguel-apartamento-1-quarto-guaratiba-rio-de-janeiro-40m2-id-2868605807/
duplicata de conteúdo (mesmo imóvel),Guaratiba,,1200.0,,30.0,,2785114252,https://www.zapimoveis.com.br/imovel/aluguel-loja-salao-guaratiba-rio-de-janeiro-30m2-id-2785114252/
duplicata de conteúdo (mesmo imóvel),Guaratiba,Estrada da Pedra,34900.0,,1000.0,,2778660817,https://www.zapimoveis.com.br/imovel/aluguel-galpao-deposito-armazem-guaratiba-rio-de-janeiro-1000m2-id-2778660817/
duplicata de conteúdo (mesmo imóvel),Guaratiba,Estrada da Pedra,34900.0,,1000.0,,2778660329,https://www.zapimoveis.com.br/imovel/aluguel-galpao-deposito-armazem-guaratiba-rio-de-janeiro-1000m2-id-2778660329/
duplicata de conteúdo (mesmo imóvel),Guaratiba,Estrada da Pedra,34900.0,,1000.0,,2778659632,https://www.zapimoveis.com.br/imovel/aluguel-galpao-deposito-armazem-guaratiba-rio-de-janeiro-1000m2-id-2778659632/
duplicata de conteúdo (mesmo imóvel),Guaratiba,Estrada da Pedra,34900.0,,1000.0,,2778260521,https://www.zapimoveis.com.br/imovel/aluguel-galpao-deposito-armazem-guaratiba-rio-de-janeiro-1000m2-id-2778260521/
duplicata de conteúdo (mesmo imóvel),Itanhangá,Estrada do Itanhangá,50000.0,0.0,2204.0,,2627165979,https://www.zapimoveis.com.br/imovel/aluguel-terreno-lote-condominio-itanhanga-rio-de-janeiro-2204m2-id-2627165979/
duplicata de conteúdo (mesmo imóvel),Jacarepaguá,Rua Santa Agueda,1800.0,,80.0,2,2907951582,https://www.zapimoveis.com.br/imovel/aluguel-apartamento-2-quartos-jacarepagua-rio-de-janeiro-80m2-id-2907951582/
duplicata de conteúdo (mesmo imóvel),Jacarepaguá,Rua Eugênio Madalena,4600.0,750.0,360.0,3,2907194214,https://www.zapimoveis.com.br/imovel/aluguel-casa-de-condominio-3-quartos-com-piscina-jacarepagua-rio-de-janeiro-360m2-id-2907194214/
duplicata de conteúdo (mesmo imóvel),Jacarepaguá,Estrada dos Bandeirantes,2300.0,500.0,45.0,2,2907109945,https://www.zapimoveis.com.br/imovel/aluguel-apartamento-2-quartos-com-piscina-jacarepagua-rio-de-janeiro-45m2-id-2907109945/
duplicata de conteúdo (mesmo imóvel),Barra da Tijuca,Rua Victor Civita,23000.0,9500.0,252.0,,2907091617,https://www.zapimoveis.com.br/imovel/aluguel-conjunto-comercial-sala-com-acesso-24-horas-barra-olimpica-rio-de-janeiro-252m2-id-2907091617/
duplicata de conteúdo (mesmo imóvel),Jacarepaguá,Rua Adílio de Oliveira Gonçalves,3000.0,700.0,64.0,2,2906609554,https://www.zapimoveis.com.br/imovel/aluguel-apartamento-2-quartos-com-piscina-jacarepagua-rio-de-janeiro-64m2-id-2906609554/
duplicata de conteúdo (mesmo imóvel),Barra da Tijuca,Rua Aroazes,4200.0,1074.0,83.0,3,2905411121,https://www.zapimoveis.com.br/imovel/aluguel-apartamento-3-quartos-com-acesso-24-horas-barra-olimpica-rio-de-janeiro-83m2-id-2905411121/
duplicata de conteúdo (mesmo imóvel),Jacarepaguá,Rua São Marcelo,3000.0,230.0,48.0,1,2903832939,https://www.zapimoveis.com.br/imovel/aluguel-apartamento-1-quarto-mobiliado-jacarepagua-rio-de-janeiro-48m2-id-2903832939/
duplicata de conteúdo (mesmo imóvel),Jacarepaguá,Estrada dos Bandeirantes,2800.0,893.0,60.0,2,2902694904,https://www.zapimoveis.com.br/imovel/aluguel-apartamento-2-quartos-mobiliado-jacarepagua-rio-de-janeiro-60m2-id-2902694904/
duplicata de conteúdo (mesmo imóvel),Jacarepaguá,Estrada dos Bandeirantes,2500.0,1231.0,60.0,3,2902696508,https://www.zapimoveis.com.br/imovel/aluguel-apartamento-3-quartos-com-piscina-jacarepagua-rio-de-janeiro-60m2-id-2902696508/
duplicata de conteúdo (mesmo imóvel),Barra da Tijuca,Rua Queiros Júnior,3800.0,1106.0,70.0,2,2900470871,https://www.zapimoveis.com.br/imovel/aluguel-apartamento-2-quartos-com-piscina-barra-olimpica-rio-de-janeiro-70m2-id-2900470871/
duplicata de conteúdo (mesmo imóvel),Jacarepaguá,Estrada de Camorim,6500.0,1468.0,234.0,4,2897722275,https://www.zapimoveis.com.br/imovel/aluguel-cobertura-4-quartos-com-piscina-jacarepagua-rio-de-janeiro-234m2-id-2897722275/
duplicata de conteúdo (mesmo imóvel),Jacarepaguá,Rua Pedro Calmon,2200.0,770.0,25.0,1,2887778588,https://www.zapimoveis.com.br/imovel/aluguel-flat-1-quarto-mobiliado-jacarepagua-rio-de-janeiro-25m2-id-2887778588/
duplicata de conteúdo (mesmo imóvel),Jacarepaguá,Estrada dos Bandeirantes,26000.0,,1200.0,,2873456122,https://www.zapimoveis.com.br/imovel/aluguel-galpao-deposito-armazem-jacarepagua-rio-de-janeiro-1200m2-id-2873456122/
duplicata de conteúdo (mesmo imóvel),Jacarepaguá,Rua Nova,1300.0,,72.0,,2869024523,https://www.zapimoveis.com.br/imovel/aluguel-conjunto-comercial-sala-com-cozinha-jacarepagua-rio-de-janeiro-72m2-id-2869024523/
duplicata de conteúdo (mesmo imóvel),Jacarepaguá,Avenida Ayrton Senna,2500.0,722.0,45.0,,2857973985,https://www.zapimoveis.com.br/imovel/aluguel-loja-salao-com-acesso-24-horas-jacarepagua-rio-de-janeiro-45m2-id-2857973985/
duplicata de conteúdo (mesmo imóvel),Jacarepaguá,Rua Frei Rodovalho,900.0,0.0,50.0,2,2847054846,https://www.zapimoveis.com.br/imovel/aluguel-casa-2-quartos-com-cozinha-jacarepagua-rio-de-janeiro-50m2-id-2847054846/
duplicata de conteúdo (mesmo imóvel),Jacarepaguá,Estrada dos Bandeirantes,26000.0,,1200.0,,2844193256,https://www.zapimoveis.com.br/imovel/aluguel-galpao-deposito-armazem-jacarepagua-rio-de-janeiro-1200m2-id-2844193256/
duplicata de conteúdo (mesmo imóvel),Barra da Tijuca,Rua Sérgio Buarque de Holanda,64735.0,34133.0,1177.0,,2823820640,https://www.zapimoveis.com.br/imovel/aluguel-conjunto-comercial-sala-barra-olimpica-rio-de-janeiro-1177m2-id-2823820640/
duplicata de conteúdo (mesmo imóvel),Barra da Tijuca,Rua Sérgio Buarque de Holanda,64735.0,34133.0,1177.0,,2804328117,https://www.zapimoveis.com.br/imovel/aluguel-conjunto-comercial-sala-com-cozinha-barra-olimpica-rio-de-janeiro-1177m2-id-2804328117/
duplicata de conteúdo (mesmo imóvel),Jacarepaguá,Rua Nova,1800.0,,75.0,,2738181853,https://www.zapimoveis.com.br/imovel/aluguel-conjunto-comercial-sala-com-lavabo-jacarepagua-rio-de-janeiro-75m2-id-2738181853/
duplicata de conteúdo (mesmo imóvel),Barra da Tijuca,Rua Paulo Mazzucchelli,9500.0,680.0,109.0,3,2870756976,https://www.zapimoveis.com.br/imovel/aluguel-apartamento-3-quartos-barra-da-tijuca-rio-de-janeiro-109m2-id-2870756976/
duplicata de conteúdo (mesmo imóvel),Barra da Tijuca,Avenida Olegário Maciel,2500.0,2144.0,70.0,,2725038655,https://www.zapimoveis.com.br/imovel/aluguel-loja-salao-com-hall-de-entrada-barra-da-tijuca-rio-de-janeiro-70m2-id-2725038655/
duplicata de conteúdo (mesmo imóvel),Jardim Sulacap,Rua Euzebio de Almeida,2700.0,300.0,90.0,3,2896510003,https://www.zapimoveis.com.br/imovel/aluguel-casa-3-quartos-com-lavanderia-coletiva-jardim-sulacap-rio-de-janeiro-90m2-id-2896510003/
duplicata de conteúdo (mesmo imóvel),Joá,Rua Jackson de Figueiredo,20000.0,3200.0,750.0,6,2906644326,https://www.zapimoveis.com.br/imovel/aluguel-casa-de-condominio-6-quartos-mobiliado-joa-rio-de-janeiro-750m2-id-2906644326/
duplicata de conteúdo (mesmo imóvel),Joá,Rua Jackson de Figueiredo,50000.0,3000.0,626.0,5,2898972706,https://www.zapimoveis.com.br/imovel/aluguel-casa-de-condominio-5-quartos-mobiliado-joa-rio-de-janeiro-626m2-id-2898972706/
duplicata de conteúdo (mesmo imóvel),Joá,Rua Jackson de Figueiredo,110000.0,4000.0,650.0,5,2898967345,https://www.zapimoveis.com.br/imovel/aluguel-casa-de-condominio-5-quartos-mobiliado-joa-rio-de-janeiro-650m2-id-2898967345/
duplicata de conteúdo (mesmo imóvel),Joá,Rua Jackson de Figueiredo,90000.0,4000.0,918.0,5,2885007481,https://www.zapimoveis.com.br/imovel/aluguel-casa-de-condominio-5-quartos-mobiliado-joa-rio-de-janeiro-918m2-id-2885007481/
duplicata de conteúdo (mesmo imóvel),Joá,Escada Flora May,40000.0,2800.0,800.0,5,2879620417,https://www.zapimoveis.com.br/imovel/aluguel-casa-5-quartos-com-piscina-joa-rio-de-janeiro-800m2-id-2879620417/
duplicata de conteúdo (mesmo imóvel),Joá,Rua Jackson de Figueiredo,110000.0,4000.0,918.0,5,,
duplicata de conteúdo (mesmo imóvel),Joá,Estrada do Joá,2500.0,143.0,54.0,,2844128821,https://www.zapimoveis.com.br/imovel/aluguel-loja-salao-joa-rio-de-janeiro-54m2-id-2844128821/
duplicata de conteúdo (mesmo imóvel),Joá,Rua Presciliano da Silva,90000.0,,1200.0,5,2829904654,https://www.zapimoveis.com.br/imovel/aluguel-casa-5-quartos-mobiliado-joa-rio-de-janeiro-1200m2-id-2829904654/
duplicata de conteúdo (mesmo imóvel),Joá,Rua Jackson de Figueiredo,100000.0,3200.0,900.0,5,2561462766,https://www.zapimoveis.com.br/imovel/aluguel-casa-de-condominio-5-quartos-com-piscina-joa-rio-de-janeiro-900m2-id-2561462766/
duplicata de conteúdo (mesmo imóvel),Joá,Rua Jackson de Figueiredo,110000.0,3200.0,850.0,5,90581612,https://www.zapimoveis.com.br/imovel/aluguel-casa-de-condominio-5-quartos-mobiliado-joa-rio-de-janeiro-850m2-id-90581612/
duplicata de conteúdo (mesmo imóvel),Magalhães Bastos,Rua Salustiano Silva,15000.0,,2400.0,,2907962171,https://www.zapimoveis.com.br/imovel/aluguel-galpao-deposito-armazem-magalhaes-bastos-rio-de-janeiro-2400m2-id-2907962171/
duplicata de conteúdo (mesmo imóvel),Magalhães Bastos,Rua Salustiano Silva,15000.0,,2400.0,,2873739095,https://www.zapimoveis.com.br/imovel/aluguel-galpao-deposito-armazem-com-escritorio-magalhaes-bastos-rio-de-janeiro-2400m2-id-2873739095/
duplicata de conteúdo (mesmo imóvel),Magalhães Bastos,Rua Betim,1000.0,,36.0,1,2847060613,https://www.zapimoveis.com.br/imovel/aluguel-casa-de-vila-1-quarto-com-janelas-de-aluminio-magalhaes-bastos-rio-de-janeiro-36m2-id-2847060613/
duplicata de conteúdo (mesmo imóvel),Pechincha,Estrada Pau-ferro,2000.0,1110.0,73.0,3,,
duplicata de conteúdo (mesmo imóvel),Pechincha,Estrada do Tindiba,1800.0,450.0,66.0,,2906943731,https://www.zapimoveis.com.br/imovel/aluguel-conjunto-comercial-sala-com-cozinha-pechincha-rio-de-janeiro-66m2-id-2906943731/
duplicata de conteúdo (mesmo imóvel),Tanque,Rua Lopo Saraiva,800.0,691.0,20.0,,2905357117,https://www.zapimoveis.com.br/imovel/aluguel-conjunto-comercial-sala-com-escritorio-tanque-rio-de-janeiro-20m2-id-2905357117/
duplicata de conteúdo (mesmo imóvel),Pechincha,Estrada Pau-ferro,400.0,810.0,23.0,,2905293125,https://www.zapimoveis.com.br/imovel/aluguel-conjunto-comercial-sala-com-elevador-pechincha-rio-de-janeiro-23m2-id-2905293125/
duplicata de conteúdo (mesmo imóvel),Pechincha,Estrada Campo da Areia,1100.0,450.0,44.0,2,2902851594,https://www.zapimoveis.com.br/imovel/aluguel-apartamento-2-quartos-pechincha-rio-de-janeiro-44m2-id-2902851594/
duplicata de conteúdo (mesmo imóvel),Pechincha,Estrada Capenha,5500.0,1050.0,120.0,3,2900702821,https://www.zapimoveis.com.br/imovel/aluguel-casa-de-condominio-3-quartos-com-piscina-pechincha-rio-de-janeiro-120m2-id-2900702821/
duplicata de conteúdo (mesmo imóvel),Pechincha,Estrada Pau-ferro,3150.0,1174.0,113.0,3,2900397578,https://www.zapimoveis.com.br/imovel/aluguel-cobertura-3-quartos-com-piscina-pechincha-rio-de-janeiro-113m2-id-2900397578/
duplicata de conteúdo (mesmo imóvel),Pechincha,Estrada Pau-ferro,3150.0,1174.0,113.0,3,2900301190,https://www.zapimoveis.com.br/imovel/aluguel-cobertura-3-quartos-pechincha-rio-de-janeiro-113m2-id-2900301190/
duplicata de conteúdo (mesmo imóvel),Pechincha,Avenida Geremário Dantas,4500.0,0.0,28.0,,2898317509,https://www.zapimoveis.com.br/imovel/aluguel-loja-salao-pechincha-rio-de-janeiro-28m2-id-2898317509/
duplicata de conteúdo (mesmo imóvel),Pechincha,Estrada Pau-ferro,3500.0,1174.0,113.0,3,2897108975,https://www.zapimoveis.com.br/imovel/aluguel-cobertura-3-quartos-com-piscina-pechincha-rio-de-janeiro-113m2-id-2897108975/
duplicata de conteúdo (mesmo imóvel),Pechincha,Estrada Pau-ferro,3150.0,1174.0,115.0,3,2886000673,https://www.zapimoveis.com.br/imovel/aluguel-cobertura-3-quartos-com-piscina-pechincha-rio-de-janeiro-115m2-id-2886000673/
duplicata de conteúdo (mesmo imóvel),Pechincha,Estrada Pau-ferro,3150.0,1174.0,113.0,3,2900693763,https://www.zapimoveis.com.br/imovel/aluguel-cobertura-3-quartos-com-piscina-pechincha-rio-de-janeiro-113m2-id-2900693763/
duplicata de conteúdo (mesmo imóvel),Pechincha,Avenida Geremário Dantas,1000.0,580.0,23.0,,2597721961,https://www.zapimoveis.com.br/imovel/aluguel-loja-salao-pechincha-rio-de-janeiro-23m2-id-2597721961/
duplicata de conteúdo (mesmo imóvel),Pedra de Guaratiba,Rua Hilton Gomes,2500.0,,119.0,3,2886084729,https://www.zapimoveis.com.br/imovel/aluguel-casa-3-quartos-com-escritorio-pedra-de-guaratiba-rio-de-janeiro-119m2-id-2886084729/
duplicata de conteúdo (mesmo imóvel),Barra da Tijuca,Avenida Flamboyants da Península,15000.0,3154.0,158.0,3,,
duplicata de conteúdo (mesmo imóvel),Barra da Tijuca,Rua Jacarandás da Península,25000.0,4273.0,354.0,4,2887910690,https://www.zapimoveis.com.br/imovel/aluguel-cobertura-4-quartos-mobiliado-barra-da-tijuca-rio-de-janeiro-354m2-id-2887910690/
duplicata de conteúdo (mesmo imóvel),Praça Seca,Rua Florianópolis,1755.0,1731.0,145.0,3,,
duplicata de conteúdo (mesmo imóvel),Praça Seca,Rua Cândido Benício,1350.0,,30.0,,2894768366,https://www.zapimoveis.com.br/imovel/aluguel-loja-salao-com-lavabo-praca-seca-rio-de-janeiro-30m2-id-2894768366/
duplicata de conteúdo (mesmo imóvel),Realengo,Estrada Manuel Nogueira de Sá,450.0,100.0,20.0,,2895425893,https://www.zapimoveis.com.br/imovel/aluguel-conjunto-comercial-sala-realengo-rio-de-janeiro-20m2-id-2895425893/
duplicata de conteúdo (mesmo imóvel),Realengo,Estrada Manuel Nogueira de Sá,450.0,100.0,20.0,,2895423907,https://www.zapimoveis.com.br/imovel/aluguel-conjunto-comercial-sala-realengo-rio-de-janeiro-20m2-id-2895423907/
duplicata de conteúdo (mesmo imóvel),Realengo,Estrada Manuel Nogueira de Sá,450.0,100.0,20.0,,2895427174,https://www.zapimoveis.com.br/imovel/aluguel-conjunto-comercial-sala-realengo-rio-de-janeiro-20m2-id-2895427174/
duplicata de conteúdo (mesmo imóvel),Realengo,Avenida de Santa Cruz,2200.0,,45.0,,2888885511,https://www.zapimoveis.com.br/imovel/aluguel-conjunto-comercial-sala-com-escritorio-realengo-rio-de-janeiro-45m2-id-2888885511/
duplicata de conteúdo (mesmo imóvel),Realengo,Rua do Imperador,8000.0,,339.0,,2754879813,https://www.zapimoveis.com.br/imovel/aluguel-terreno-lote-comercial-realengo-rio-de-janeiro-339m2-id-2754879813/
duplicata de conteúdo (mesmo imóvel),Recreio dos Bandeirantes,Rua Escritor Elie Wiesel,5200.0,2700.0,192.0,4,,
duplicata de conteúdo (mesmo imóvel),Recreio dos Bandeirantes,Avenida das Américas,1300.0,1338.0,23.0,,2909210142,https://www.zapimoveis.com.br/imovel/aluguel-loja-salao-com-porcelanato-recreio-dos-bandeirantes-rio-de-janeiro-23m2-id-2909210142/
duplicata de conteúdo (mesmo imóvel),Recreio dos Bandeirantes,Rua Alfredo Volpi,6500.0,0.0,211.0,3,2909069934,https://www.zapimoveis.com.br/imovel/aluguel-casa-3-quartos-com-area-de-servico-recreio-dos-bandeirantes-rio-de-janeiro-211m2-id-2909069934/
duplicata de conteúdo (mesmo imóvel),Recreio dos Bandeirantes,Rua Escritor Elie Wiesel,5200.0,2700.0,192.0,4,2908208071,https://www.zapimoveis.com.br/imovel/aluguel-cobertura-4-quartos-com-piscina-recreio-dos-bandeirantes-rio-de-janeiro-192m2-id-2908208071/
duplicata de conteúdo (mesmo imóvel),Recreio dos Bandeirantes,Rua Silvia Pozzano,7300.0,2115.0,190.0,4,,
duplicata de conteúdo (mesmo imóvel),Recreio dos Bandeirantes,Estrada Benvindo de Novaes,4800.0,1600.0,101.0,3,2907850354,https://www.zapimoveis.com.br/imovel/aluguel-apartamento-3-quartos-recreio-dos-bandeirantes-rio-de-janeiro-101m2-id-2907850354/
duplicata de conteúdo (mesmo imóvel),Recreio dos Bandeirantes,Avenida das Américas,1700.0,1023.0,49.0,,2906845516,https://www.zapimoveis.com.br/imovel/aluguel-conjunto-comercial-sala-com-seguranca-interna-recreio-dos-bandeirantes-rio-de-janeiro-49m2-id-2906845516/
duplicata de conteúdo (mesmo imóvel),Recreio dos Bandeirantes,Rua Remy de Gourmont,9000.0,1300.0,173.0,4,2906668449,https://www.zapimoveis.com.br/imovel/aluguel-casa-de-condominio-4-quartos-com-piscina-recreio-dos-bandeirantes-rio-de-janeiro-173m2-id-2906668449/
duplicata de conteúdo (mesmo imóvel),Recreio dos Bandeirantes,Rua Doutor Crespo,10500.0,,400.0,4,2906659030,https://www.zapimoveis.com.br/imovel/aluguel-casa-de-condominio-4-quartos-com-jardim-recreio-dos-bandeirantes-rio-de-janeiro-400m2-id-2906659030/
duplicata de conteúdo (mesmo imóvel),Recreio dos Bandeirantes,Rua Malba Tahan,3200.0,660.0,87.0,2,2906557155,https://www.zapimoveis.com.br/imovel/aluguel-apartamento-2-quartos-recreio-dos-bandeirantes-rio-de-janeiro-87m2-id-2906557155/
duplicata de conteúdo (mesmo imóvel),Recreio dos Bandeirantes,Rua Malba Tahan,3200.0,660.0,87.0,2,2906551117,https://www.zapimoveis.com.br/imovel/aluguel-apartamento-2-quartos-recreio-dos-bandeirantes-rio-de-janeiro-87m2-id-2906551117/
duplicata de conteúdo (mesmo imóvel),Recreio dos Bandeirantes,Avenida Genaro de Carvalho,20000.0,,880.0,,2905602320,https://www.zapimoveis.com.br/imovel/aluguel-recreio-dos-bandeirantes-rio-de-janeiro-880m2-id-2905602320/
duplicata de conteúdo (mesmo imóvel),Recreio dos Bandeirantes,Rua Demosthenes Madureira de Pinho,3500.0,699.0,110.0,2,2905597472,https://www.zapimoveis.com.br/imovel/aluguel-apartamento-2-quartos-com-varanda-recreio-dos-bandeirantes-rio-de-janeiro-110m2-id-2905597472/
duplicata de conteúdo (mesmo imóvel),Recreio dos Bandeirantes,Rua Omar Bandeira Ramidan Sobrinho,7000.0,1505.0,263.0,3,2905453619,https://www.zapimoveis.com.br/imovel/aluguel-casa-3-quartos-com-piscina-recreio-dos-bandeirantes-rio-de-janeiro-263m2-id-2905453619/
duplicata de conteúdo (mesmo imóvel),Recreio dos Bandeirantes,Estrada do Pontal,6000.0,518.0,140.0,3,2905449927,https://www.zapimoveis.com.br/imovel/aluguel-casa-de-condominio-3-quartos-com-cozinha-recreio-dos-bandeirantes-rio-de-janeiro-140m2-id-2905449927/
duplicata de conteúdo (mesmo imóvel),Recreio dos Bandeirantes,Avenida das Américas,3200.0,1696.0,39.0,,2905183520,https://www.zapimoveis.com.br/imovel/aluguel-conjunto-comercial-sala-com-ar-condicionado-recreio-dos-bandeirantes-rio-de-janeiro-39m2-id-2905183520/
duplicata de conteúdo (mesmo imóvel),Recreio dos Bandeirantes,Avenida das Américas,3200.0,1696.0,39.0,,2905125136,https://www.zapimoveis.com.br/imovel/aluguel-conjunto-comercial-sala-recreio-dos-bandeirantes-rio-de-janeiro-39m2-id-2905125136/
duplicata de conteúdo (mesmo imóvel),Recreio dos Bandeirantes,Rua Giuseppe D'elia,13000.0,1200.0,300.0,4,,
duplicata de conteúdo (mesmo imóvel),Recreio dos Bandeirantes,Rua Fritz Utzeri,12000.0,1061.0,200.0,4,2904008851,https://www.zapimoveis.com.br/imovel/aluguel-casa-de-condominio-4-quartos-com-piscina-recreio-dos-bandeirantes-rio-de-janeiro-200m2-id-2904008851/
duplicata de conteúdo (mesmo imóvel),Recreio dos Bandeirantes,Praça Augusto Ruschi,5500.0,1600.0,180.0,4,2903975899,https://www.zapimoveis.com.br/imovel/aluguel-cobertura-4-quartos-com-varanda-recreio-dos-bandeirantes-rio-de-janeiro-180m2-id-2903975899/
duplicata de conteúdo (mesmo imóvel),Recreio dos Bandeirantes,Rua Luiz Carlos Sarolli,3500.0,1092.0,63.0,2,2903975801,https://www.zapimoveis.com.br/imovel/aluguel-apartamento-2-quartos-com-piscina-recreio-dos-bandeirantes-rio-de-janeiro-63m2-id-2903975801/
duplicata de conteúdo (mesmo imóvel),Recreio dos Bandeirantes,Rua Doutor Crespo,10000.0,300.0,400.0,4,2903975898,https://www.zapimoveis.com.br/imovel/aluguel-casa-4-quartos-com-varanda-recreio-dos-bandeirantes-rio-de-janeiro-400m2-id-2903975898/
duplicata de conteúdo (mesmo imóvel),Recreio dos Bandeirantes,Avenida Alfredo Balthazar da Silveira,1200.0,851.0,14.0,,2903531311,https://www.zapimoveis.com.br/imovel/aluguel-loja-salao-com-mezanino-recreio-dos-bandeirantes-rio-de-janeiro-14m2-id-2903531311/
duplicata de conteúdo (mesmo imóvel),Recreio dos Bandeirantes,Rua Odilon Duarte Braga,6200.0,1080.0,117.0,,2903414293,https://www.zapimoveis.com.br/imovel/aluguel-loja-salao-recreio-dos-bandeirantes-rio-de-janeiro-117m2-id-2903414293/
duplicata de conteúdo (mesmo imóvel),Recreio dos Bandeirantes,Avenida Glaucio Gil,13800.0,1600.0,390.0,4,2903308152,https://www.zapimoveis.com.br/imovel/aluguel-cobertura-4-quartos-com-piscina-recreio-dos-bandeirantes-rio-de-janeiro-390m2-id-2903308152/
duplicata de conteúdo (mesmo imóvel),Recreio dos Bandeirantes,Avenida Lúcio Costa,12000.0,1735.0,181.0,3,2903314316,https://www.zapimoveis.com.br/imovel/aluguel-apartamento-3-quartos-com-armario-de-cozinha-recreio-dos-bandeirantes-rio-de-janeiro-181m2-id-2903314316/
duplicata de conteúdo (mesmo imóvel),Recreio dos Bandeirantes,Estrada Benvindo de Novaes,8000.0,1200.0,210.0,3,2902758806,https://www.zapimoveis.com.br/imovel/aluguel-cobertura-3-quartos-mobiliado-recreio-dos-bandeirantes-rio-de-janeiro-210m2-id-2902758806/
duplicata de conteúdo (mesmo imóvel),Recreio dos Bandeirantes,Rua Fritz Utzeri,18000.0,1100.0,200.0,4,2902693416,https://www.zapimoveis.com.br/imovel/aluguel-casa-de-condominio-4-quartos-com-piscina-recreio-dos-bandeirantes-rio-de-janeiro-200m2-id-2902693416/
duplicata de conteúdo (mesmo imóvel),Recreio dos Bandeirantes,Rua Odilon Duarte Braga,5900.0,1230.0,115.0,,2902354759,https://www.zapimoveis.com.br/imovel/aluguel-loja-salao-recreio-dos-bandeirantes-rio-de-janeiro-115m2-id-2902354759/
duplicata de conteúdo (mesmo imóvel),Recreio dos Bandeirantes,Avenida José Luiz Ferraz,4300.0,1090.0,83.0,2,2902026910,https://www.zapimoveis.com.br/imovel/aluguel-apartamento-2-quartos-com-piscina-recreio-dos-bandeirantes-rio-de-janeiro-83m2-id-2902026910/
duplicata de conteúdo (mesmo imóvel),Recreio dos Bandeirantes,Estrada Benvindo de Novaes,8000.0,2180.0,210.0,3,2901863406,https://www.zapimoveis.com.br/imovel/aluguel-cobertura-3-quartos-com-churrasqueira-recreio-dos-bandeirantes-rio-de-janeiro-210m2-id-2901863406/
duplicata de conteúdo (mesmo imóvel),Recreio dos Bandeirantes,Rua Professor Taciel Cylleno,12000.0,1295.0,147.0,3,2901763199,https://www.zapimoveis.com.br/imovel/aluguel-apartamento-3-quartos-mobiliado-recreio-dos-bandeirantes-rio-de-janeiro-147m2-id-2901763199/
duplicata de conteúdo (mesmo imóvel),Recreio dos Bandeirantes,Rua Antônio Baptista Bittencourt,6200.0,1235.0,200.0,3,2901251229,https://www.zapimoveis.com.br/imovel/aluguel-cobertura-3-quartos-com-cozinha-recreio-dos-bandeirantes-rio-de-janeiro-200m2-id-2901251229/
duplicata de conteúdo (mesmo imóvel),Recreio dos Bandeirantes,Avenida das Américas,18000.0,1100.0,354.0,3,2901252513,https://www.zapimoveis.com.br/imovel/aluguel-casa-de-condominio-3-quartos-com-piscina-recreio-dos-bandeirantes-rio-de-janeiro-354m2-id-2901252513/
duplicata de conteúdo (mesmo imóvel),Recreio dos Bandeirantes,Rua Silvia Pozzano,6900.0,1958.0,183.0,4,2901256310,https://www.zapimoveis.com.br/imovel/aluguel-cobertura-4-quartos-com-piscina-recreio-dos-bandeirantes-rio-de-janeiro-183m2-id-2901256310/
duplicata de conteúdo (mesmo imóvel),Recreio dos Bandeirantes,Avenida Pedro Moura,20000.0,,260.0,,2901253219,https://www.zapimoveis.com.br/imovel/aluguel-galpao-deposito-armazem-recreio-dos-bandeirantes-rio-de-janeiro-260m2-id-2901253219/
duplicata de conteúdo (mesmo imóvel),Recreio dos Bandeirantes,Rua Omar Bandeira Ramidan Sobrinho,4100.0,1477.0,120.0,3,2901253347,https://www.zapimoveis.com.br/imovel/aluguel-apartamento-3-quartos-com-piscina-recreio-dos-bandeirantes-rio-de-janeiro-120m2-id-2901253347/
duplicata de conteúdo (mesmo imóvel),Recreio dos Bandeirantes,Rua Omar Bandeira Ramidan Sobrinho,3100.0,1393.0,88.0,3,2901256309,https://www.zapimoveis.com.br/imovel/aluguel-apartamento-3-quartos-com-piscina-recreio-dos-bandeirantes-rio-de-janeiro-88m2-id-2901256309/
duplicata de conteúdo (mesmo imóvel),Recreio dos Bandeirantes,Estrada do Pontal,7500.0,302.0,240.0,3,2901252737,https://www.zapimoveis.com.br/imovel/aluguel-casa-de-condominio-3-quartos-com-piscina-recreio-dos-bandeirantes-rio-de-janeiro-240m2-id-2901252737/
duplicata de conteúdo (mesmo imóvel),Recreio dos Bandeirantes,Avenida Jarbas de Carvalho,3000.0,1200.0,73.0,3,2901256601,https://www.zapimoveis.com.br/imovel/aluguel-apartamento-3-quartos-com-piscina-recreio-dos-bandeirantes-rio-de-janeiro-73m2-id-2901256601/
duplicata de conteúdo (mesmo imóvel),Recreio dos Bandeirantes,Rua Henrique Stamile Coutinho,3200.0,844.0,85.0,2,2901253217,https://www.zapimoveis.com.br/imovel/aluguel-apartamento-2-quartos-recreio-dos-bandeirantes-rio-de-janeiro-85m2-id-2901253217/
duplicata de conteúdo (mesmo imóvel),Recreio dos Bandeirantes,Rua Professor Hermes Lima,6000.0,1519.0,214.0,4,2901253216,https://www.zapimoveis.com.br/imovel/aluguel-cobertura-4-quartos-com-sala-de-jantar-recreio-dos-bandeirantes-rio-de-janeiro-214m2-id-2901253216/
duplicata de conteúdo (mesmo imóvel),Recreio dos Bandeirantes,Rua Henrique Stamile Coutinho,6000.0,1216.0,215.0,4,2901256699,https://www.zapimoveis.com.br/imovel/aluguel-cobertura-4-quartos-com-varanda-recreio-dos-bandeirantes-rio-de-janeiro-215m2-id-2901256699/
duplicata de conteúdo (mesmo imóvel),Recreio dos Bandeirantes,Avenida Glaucio Gil,13000.0,1454.0,352.0,5,2901256697,https://www.zapimoveis.com.br/imovel/aluguel-cobertura-5-quartos-com-piscina-recreio-dos-bandeirantes-rio-de-janeiro-352m2-id-2901256697/
duplicata de conteúdo (mesmo imóvel),Recreio dos Bandeirantes,Rua General Landri Gonçalves,3000.0,,78.0,,2901251226,https://www.zapimoveis.com.br/imovel/aluguel-conjunto-comercial-sala-recreio-dos-bandeirantes-rio-de-janeiro-78m2-id-2901251226/
duplicata de conteúdo (mesmo imóvel),Recreio dos Bandeirantes,Avenida das Américas,4000.0,6430.0,186.0,,2901253344,https://www.zapimoveis.com.br/imovel/aluguel-loja-salao-com-elevador-recreio-dos-bandeirantes-rio-de-janeiro-186m2-id-2901253344/
duplicata de conteúdo (mesmo imóvel),Recreio dos Bandeirantes,Rua Omar Bandeira Ramidan Sobrinho,5740.0,1792.0,200.0,3,2901253103,https://www.zapimoveis.com.br/imovel/aluguel-casa-de-condominio-3-quartos-com-piscina-recreio-dos-bandeirantes-rio-de-janeiro-200m2-id-2901253103/
duplicata de conteúdo (mesmo imóvel),Recreio dos Bandeirantes,Rua Professora Sousa Leão,3600.0,1173.0,115.0,2,2901256407,https://www.zapimoveis.com.br/imovel/aluguel-apartamento-2-quartos-com-armario-de-cozinha-recreio-dos-bandeirantes-rio-de-janeiro-115m2-id-2901256407/
duplicata de conteúdo (mesmo imóvel),Recreio dos Bandeirantes,Rua Professor Hermes Lima,3500.0,900.0,90.0,3,2901253343,https://www.zapimoveis.com.br/imovel/aluguel-apartamento-3-quartos-recreio-dos-bandeirantes-rio-de-janeiro-90m2-id-2901253343/
duplicata de conteúdo (mesmo imóvel),Recreio dos Bandeirantes,Rua Senador Rui Carneiro,7000.0,,41.0,,2901253422,https://www.zapimoveis.com.br/imovel/aluguel-conjunto-comercial-sala-recreio-dos-bandeirantes-rio-de-janeiro-41m2-id-2901253422/
duplicata de conteúdo (mesmo imóvel),Recreio dos Bandeirantes,Rua Engenheiro Haroldo Cavalcanti,15000.0,,666.0,,2901253213,https://www.zapimoveis.com.br/imovel/aluguel-recreio-dos-bandeirantes-rio-de-janeiro-666m2-id-2901253213/
duplicata de conteúdo (mesmo imóvel),Recreio dos Bandeirantes,Rua H-W,7000.0,,75.0,,2901252733,https://www.zapimoveis.com.br/imovel/aluguel-loja-salao-recreio-dos-bandeirantes-rio-de-janeiro-75m2-id-2901252733/
duplicata de conteúdo (mesmo imóvel),Recreio dos Bandeirantes,Rua Omar Bandeira Ramidan Sobrinho,5275.0,1828.0,178.0,4,2901253342,https://www.zapimoveis.com.br/imovel/aluguel-cobertura-4-quartos-com-piscina-recreio-dos-bandeirantes-rio-de-janeiro-178m2-id-2901253342/
duplicata de conteúdo (mesmo imóvel),Recreio dos Bandeirantes,Estrada Vereador Alceu de Carvalho,18500.0,2290.0,380.0,4,2901256694,https://www.zapimoveis.com.br/imovel/aluguel-casa-de-condominio-4-quartos-mobiliado-recreio-dos-bandeirantes-rio-de-janeiro-380m2-id-2901256694/
duplicata de conteúdo (mesmo imóvel),Recreio dos Bandeirantes,Rua Senador Rui Carneiro,7000.0,,44.0,,2901253341,https://www.zapimoveis.com.br/imovel/aluguel-conjunto-comercial-sala-recreio-dos-bandeirantes-rio-de-janeiro-44m2-id-2901253341/
duplicata de conteúdo (mesmo imóvel),Recreio dos Bandeirantes,Rua Gustavo Corção,3000.0,1548.0,77.0,2,2901254042,https://www.zapimoveis.com.br/imovel/aluguel-apartamento-2-quartos-com-piscina-recreio-dos-bandeirantes-rio-de-janeiro-77m2-id-2901254042/
duplicata de conteúdo (mesmo imóvel),Recreio dos Bandeirantes,Rua General Landri Gonçalves,3500.0,,119.0,,2901253339,https://www.zapimoveis.com.br/imovel/aluguel-conjunto-comercial-sala-recreio-dos-bandeirantes-rio-de-janeiro-119m2-id-2901253339/
duplicata de conteúdo (mesmo imóvel),Recreio dos Bandeirantes,Rua General Landri Gonçalves,2400.0,,43.0,,2901253420,https://www.zapimoveis.com.br/imovel/aluguel-conjunto-comercial-sala-recreio-dos-bandeirantes-rio-de-janeiro-43m2-id-2901253420/
duplicata de conteúdo (mesmo imóvel),Recreio dos Bandeirantes,Rua General Landri Gonçalves,22000.0,,649.0,,2901253338,https://www.zapimoveis.com.br/imovel/aluguel-galpao-deposito-armazem-recreio-dos-bandeirantes-rio-de-janeiro-649m2-id-2901253338/
duplicata de conteúdo (mesmo imóvel),Recreio dos Bandeirantes,Rua Manoel Boucher Pinto,10000.0,,660.0,,2901255511,https://www.zapimoveis.com.br/imovel/aluguel-recreio-dos-bandeirantes-rio-de-janeiro-660m2-id-2901255511/
duplicata de conteúdo (mesmo imóvel),Recreio dos Bandeirantes,Rua Desembargador Paulo Alonso,4000.0,1386.0,90.0,3,2901256406,https://www.zapimoveis.com.br/imovel/aluguel-apartamento-3-quartos-com-piscina-recreio-dos-bandeirantes-rio-de-janeiro-90m2-id-2901256406/
duplicata de conteúdo (mesmo imóvel),Recreio dos Bandeirantes,Rua General Landri Gonçalves,14000.0,,315.0,,2901254041,https://www.zapimoveis.com.br/imovel/aluguel-galpao-deposito-armazem-recreio-dos-bandeirantes-rio-de-janeiro-315m2-id-2901254041/
duplicata de conteúdo (mesmo imóvel),Recreio dos Bandeirantes,Avenida das Américas,1200.0,1128.0,25.0,,2901256502,https://www.zapimoveis.com.br/imovel/aluguel-loja-salao-com-elevador-recreio-dos-bandeirantes-rio-de-janeiro-25m2-id-2901256502/
duplicata de conteúdo (mesmo imóvel),Recreio dos Bandeirantes,Rua Alfredo Volpi,5500.0,1389.0,78.0,3,2901255509,https://www.zapimoveis.com.br/imovel/aluguel-apartamento-3-quartos-com-piscina-recreio-dos-bandeirantes-rio-de-janeiro-78m2-id-2901255509/
duplicata de conteúdo (mesmo imóvel),Recreio dos Bandeirantes,Avenida Aldemir Martins,25000.0,1100.0,398.0,4,2901256501,https://www.zapimoveis.com.br/imovel/aluguel-casa-de-condominio-4-quartos-com-piscina-recreio-dos-bandeirantes-rio-de-janeiro-398m2-id-2901256501/
duplicata de conteúdo (mesmo imóvel),Recreio dos Bandeirantes,Rua General Landri Gonçalves,2600.0,,52.0,,2901255508,https://www.zapimoveis.com.br/imovel/aluguel-conjunto-comercial-sala-recreio-dos-bandeirantes-rio-de-janeiro-52m2-id-2901255508/
duplicata de conteúdo (mesmo imóvel),Recreio dos Bandeirantes,Rua Omar Bandeira Ramidan Sobrinho,8350.0,1491.0,140.0,3,2901254040,https://www.zapimoveis.com.br/imovel/aluguel-casa-de-condominio-3-quartos-com-piscina-recreio-dos-bandeirantes-rio-de-janeiro-140m2-id-2901254040/
duplicata de conteúdo (mesmo imóvel),Recreio dos Bandeirantes,Avenida Genaro de Carvalho,20000.0,,880.0,,2901255507,https://www.zapimoveis.com.br/imovel/aluguel-recreio-dos-bandeirantes-rio-de-janeiro-880m2-id-2901255507/
duplicata de conteúdo (mesmo imóvel),Recreio dos Bandeirantes,Rua Professor Motta Maia,3700.0,900.0,96.0,3,2901255506,https://www.zapimoveis.com.br/imovel/aluguel-apartamento-3-quartos-recreio-dos-bandeirantes-rio-de-janeiro-96m2-id-2901255506/
duplicata de conteúdo (mesmo imóvel),Recreio dos Bandeirantes,Avenida Gilka Machado,20000.0,,1215.0,,2901252730,https://www.zapimoveis.com.br/imovel/aluguel-recreio-dos-bandeirantes-rio-de-janeiro-1215m2-id-2901252730/
duplicata de conteúdo (mesmo imóvel),Recreio dos Bandeirantes,Avenida Jarbas de Carvalho,4500.0,1200.0,110.0,1,2901251932,https://www.zapimoveis.com.br/imovel/aluguel-apartamento-1-quarto-com-piscina-recreio-dos-bandeirantes-rio-de-janeiro-110m2-id-2901251932/
duplicata de conteúdo (mesmo imóvel),Recreio dos Bandeirantes,Rua Omar Bandeira Ramidan Sobrinho,3155.0,1194.0,89.0,3,2901252729,https://www.zapimoveis.com.br/imovel/aluguel-apartamento-3-quartos-com-piscina-recreio-dos-bandeirantes-rio-de-janeiro-89m2-id-2901252729/
duplicata de conteúdo (mesmo imóvel),Recreio dos Bandeirantes,Rua Antero Manoel de Sá Filho,3900.0,1400.0,80.0,2,2901253336,https://www.zapimoveis.com.br/imovel/aluguel-apartamento-2-quartos-recreio-dos-bandeirantes-rio-de-janeiro-80m2-id-2901253336/
duplicata de conteúdo (mesmo imóvel),Recreio dos Bandeirantes,Rua Cecília Meireles,4200.0,763.0,150.0,3,2901251223,https://www.zapimoveis.com.br/imovel/aluguel-apartamento-3-quartos-com-armario-de-cozinha-recreio-dos-bandeirantes-rio-de-janeiro-150m2-id-2901251223/
duplicata de conteúdo (mesmo imóvel),Recreio dos Bandeirantes,Rua Professor Hermes Lima,18000.0,,330.0,,2901256495,https://www.zapimoveis.com.br/imovel/aluguel-galpao-deposito-armazem-com-escritorio-recreio-dos-bandeirantes-rio-de-janeiro-330m2-id-2901256495/
duplicata de conteúdo (mesmo imóvel),Recreio dos Bandeirantes,Rua José Américo de Almeida,7500.0,1433.0,200.0,3,2901253332,https://www.zapimoveis.com.br/imovel/aluguel-casa-de-condominio-3-quartos-com-piscina-recreio-dos-bandeirantes-rio-de-janeiro-200m2-id-2901253332/
duplicata de conteúdo (mesmo imóvel),Recreio dos Bandeirantes,Avenida Gilka Machado,7000.0,,84.0,,2901256000,https://www.zapimoveis.com.br/imovel/aluguel-galpao-deposito-armazem-recreio-dos-bandeirantes-rio-de-janeiro-84m2-id-2901256000/
duplicata de conteúdo (mesmo imóvel),Recreio dos Bandeirantes,Estrada Benvindo de Novaes,8000.0,1200.0,210.0,3,,
duplicata de conteúdo (mesmo imóvel),Recreio dos Bandeirantes,Rua Luiz Carlos Sarolli,4500.0,1273.0,92.0,3,,
duplicata de conteúdo (mesmo imóvel),Vargem Grande,Estrada Vereador Alceu de Carvalho,27000.0,2289.0,512.0,4,2900894845,https://www.zapimoveis.com.br/imovel/aluguel-casa-de-condominio-4-quartos-com-piscina-vargem-grande-rio-de-janeiro-512m2-id-2900894845/
duplicata de conteúdo (mesmo imóvel),Recreio dos Bandeirantes,Rua Demosthenes Madureira de Pinho,5000.0,1650.0,200.0,4,2900844244,https://www.zapimoveis.com.br/imovel/aluguel-apartamento-4-quartos-com-zelador-recreio-dos-bandeirantes-rio-de-janeiro-200m2-id-2900844244/
duplicata de conteúdo (mesmo imóvel),Recreio dos Bandeirantes,Avenida das Américas,1000.0,463.0,31.0,,2900735265,https://www.zapimoveis.com.br/imovel/aluguel-conjunto-comercial-sala-com-elevador-recreio-dos-bandeirantes-rio-de-janeiro-31m2-id-2900735265/
duplicata de conteúdo (mesmo imóvel),Recreio dos Bandeirantes,Rua Luiz Paulistano,5500.0,2024.0,207.0,4,2900559987,https://www.zapimoveis.com.br/imovel/aluguel-cobertura-4-quartos-com-piscina-recreio-dos-bandeirantes-rio-de-janeiro-207m2-id-2900559987/
duplicata de conteúdo (mesmo imóvel),Recreio dos Bandeirantes,Estrada Benvindo de Novaes,8000.0,1200.0,210.0,3,2900294912,https://www.zapimoveis.com.br/imovel/aluguel-cobertura-3-quartos-com-porcelanato-recreio-dos-bandeirantes-rio-de-janeiro-210m2-id-2900294912/
duplicata de conteúdo (mesmo imóvel),Recreio dos Bandeirantes,Rua Odilon Duarte Braga,1300.0,560.0,36.0,,2899624386,https://www.zapimoveis.com.br/imovel/aluguel-conjunto-comercial-sala-com-elevador-recreio-dos-bandeirantes-rio-de-janeiro-36m2-id-2899624386/
duplicata de conteúdo (mesmo imóvel),Santa Cruz,Rua Echaporã,100000.0,,85000.0,,2904003595,https://www.zapimoveis.com.br/imovel/aluguel-terreno-lote-condominio-santa-cruz-rio-de-janeiro-85000m2-id-2904003595/
duplicata de conteúdo (mesmo imóvel),Santa Cruz,Rua Echaporã,100000.0,,85000.0,,2903999647,https://www.zapimoveis.com.br/imovel/aluguel-terreno-lote-condominio-santa-cruz-rio-de-janeiro-85000m2-id-2903999647/
duplicata de conteúdo (mesmo imóvel),Santa Cruz,Estrada da Lama Preta,1297200.0,0.0,64860.0,,2897858673,https://www.zapimoveis.com.br/imovel/aluguel-galpao-deposito-armazem-santa-cruz-rio-de-janeiro-64860m2-id-2897858673/
duplicata de conteúdo (mesmo imóvel),Santa Cruz,Estrada da Lama Preta,1297200.0,0.0,64860.0,,2891897789,https://www.zapimoveis.com.br/imovel/aluguel-galpao-deposito-armazem-com-deposito-privativo-santa-cruz-rio-de-janeiro-64860m2-id-2891897789/
duplicata de conteúdo (mesmo imóvel),Santa Cruz,Estrada da Lama Preta,1297200.0,0.0,64860.0,,2863961254,https://www.zapimoveis.com.br/imovel/aluguel-galpao-deposito-armazem-santa-cruz-rio-de-janeiro-64860m2-id-2863961254/
duplicata de conteúdo (mesmo imóvel),Santa Cruz,Estrada da Lama Preta,1297200.0,0.0,64860.0,,2842317564,https://www.zapimoveis.com.br/imovel/aluguel-galpao-deposito-armazem-santa-cruz-rio-de-janeiro-64860m2-id-2842317564/
duplicata de conteúdo (mesmo imóvel),Santíssimo,Estrada do Lameirão,6000.0,,700.0,,2905029919,https://www.zapimoveis.com.br/imovel/aluguel-galpao-deposito-armazem-santissimo-rio-de-janeiro-700m2-id-2905029919/
duplicata de conteúdo (mesmo imóvel),Senador Vasconcelos,Rua Júlio Salusse,700.0,,15.0,,2903235525,https://www.zapimoveis.com.br/imovel/aluguel-loja-salao-com-escritorio-senador-vasconcelos-rio-de-janeiro-15m2-id-2903235525/
duplicata de conteúdo (mesmo imóvel),Tanque,Avenida Nelson Cardoso,500.0,500.0,18.0,,2902495811,https://www.zapimoveis.com.br/imovel/aluguel-loja-salao-com-academia-tanque-rio-de-janeiro-18m2-id-2902495811/
duplicata de conteúdo (mesmo imóvel),Tanque,Rua Lopo Saraiva,800.0,350.0,20.0,,2900374387,https://www.zapimoveis.com.br/imovel/aluguel-conjunto-comercial-sala-com-seguranca-interna-tanque-rio-de-janeiro-20m2-id-2900374387/
duplicata de conteúdo (mesmo imóvel),Tanque,Avenida Geremário Dantas,500.0,547.0,49.0,,2894885179,https://www.zapimoveis.com.br/imovel/aluguel-loja-salao-tanque-rio-de-janeiro-49m2-id-2894885179/
duplicata de conteúdo (mesmo imóvel),Tanque,Avenida Nelson Cardoso,750.0,500.0,19.0,,2880166994,https://www.zapimoveis.com.br/imovel/aluguel-conjunto-comercial-sala-tanque-rio-de-janeiro-19m2-id-2880166994/
duplicata de conteúdo (mesmo imóvel),Tanque,Avenida Geremário Dantas,14000.0,,650.0,,2721370044,https://www.zapimoveis.com.br/imovel/aluguel-galpao-deposito-armazem-com-vestiario-tanque-rio-de-janeiro-650m2-id-2721370044/
duplicata de conteúdo (mesmo imóvel),Tanque,Avenida Nelson Cardoso,700.0,680.0,21.0,,2646966773,https://www.zapimoveis.com.br/imovel/aluguel-conjunto-comercial-sala-com-lavabo-tanque-rio-de-janeiro-21m2-id-2646966773/
duplicata de conteúdo (mesmo imóvel),Taquara,Estrada Rodrigues Caldas,34000.0,,1100.0,,2910106917,https://www.zapimoveis.com.br/imovel/aluguel-galpao-deposito-armazem-taquara-rio-de-janeiro-1100m2-id-2910106917/
duplicata de conteúdo (mesmo imóvel),Taquara,Avenida dos Mananciais,6500.0,,280.0,,2908656251,https://www.zapimoveis.com.br/imovel/aluguel-galpao-deposito-armazem-taquara-rio-de-janeiro-280m2-id-2908656251/
duplicata de conteúdo (mesmo imóvel),Taquara,Rua Nacional,880.0,250.0,25.0,,2908473869,https://www.zapimoveis.com.br/imovel/aluguel-conjunto-comercial-sala-taquara-rio-de-janeiro-25m2-id-2908473869/
duplicata de conteúdo (mesmo imóvel),Taquara,Avenida dos Mananciais,6500.0,,280.0,,2907920448,https://www.zapimoveis.com.br/imovel/aluguel-loja-salao-taquara-rio-de-janeiro-280m2-id-2907920448/
duplicata de conteúdo (mesmo imóvel),Taquara,Estrada do Guerengue,12000.0,,520.0,,2907583449,https://www.zapimoveis.com.br/imovel/aluguel-galpao-deposito-armazem-com-refeitorio-taquara-rio-de-janeiro-520m2-id-2907583449/
duplicata de conteúdo (mesmo imóvel),Taquara,Estrada do Guerengue,12000.0,,520.0,,2907396130,https://www.zapimoveis.com.br/imovel/aluguel-galpao-deposito-armazem-com-refeitorio-taquara-rio-de-janeiro-520m2-id-2907396130/
duplicata de conteúdo (mesmo imóvel),Taquara,Estrada Rodrigues Caldas,34000.0,,1100.0,,2907077341,https://www.zapimoveis.com.br/imovel/aluguel-galpao-deposito-armazem-taquara-rio-de-janeiro-1100m2-id-2907077341/
duplicata de conteúdo (mesmo imóvel),Taquara,Estrada do Guerengue,12000.0,,520.0,,2906895319,https://www.zapimoveis.com.br/imovel/aluguel-galpao-deposito-armazem-com-mezanino-taquara-rio-de-janeiro-520m2-id-2906895319/
duplicata de conteúdo (mesmo imóvel),Taquara,Rua Lucaia,2500.0,,70.0,,2906434814,https://www.zapimoveis.com.br/imovel/aluguel-loja-salao-taquara-rio-de-janeiro-70m2-id-2906434814/
duplicata de conteúdo (mesmo imóvel),Taquara,Avenida dos Mananciais,6500.0,,280.0,,2906339828,https://www.zapimoveis.com.br/imovel/aluguel-galpao-deposito-armazem-com-cozinha-taquara-rio-de-janeiro-280m2-id-2906339828/
duplicata de conteúdo (mesmo imóvel),Taquara,Rua Cônego Felipe,600.0,,100.0,,2906195721,https://www.zapimoveis.com.br/imovel/aluguel-terreno-lote-comercial-com-esgoto-taquara-rio-de-janeiro-100m2-id-2906195721/
duplicata de conteúdo (mesmo imóvel),Taquara,Avenida dos Mananciais,1750.0,1014.0,40.0,1,2906092251,https://www.zapimoveis.com.br/imovel/aluguel-apartamento-1-quarto-com-piscina-taquara-rio-de-janeiro-40m2-id-2906092251/
duplicata de conteúdo (mesmo imóvel),Taquara,Avenida dos Mananciais,2500.0,1014.0,70.0,2,2906079127,https://www.zapimoveis.com.br/imovel/aluguel-apartamento-2-quartos-com-piscina-taquara-rio-de-janeiro-70m2-id-2906079127/
duplicata de conteúdo (mesmo imóvel),Taquara,,600.0,530.0,40.0,,2904852204,https://www.zapimoveis.com.br/imovel/aluguel-conjunto-comercial-sala-com-elevador-taquara-rio-de-janeiro-40m2-id-2904852204/
duplicata de conteúdo (mesmo imóvel),Taquara,Estrada do Tindiba,800.0,969.0,36.0,,2902140555,https://www.zapimoveis.com.br/imovel/aluguel-conjunto-comercial-sala-taquara-rio-de-janeiro-36m2-id-2902140555/
duplicata de conteúdo (mesmo imóvel),Taquara,Estrada do Rio Grande,1250.0,1000.0,36.0,1,2902046011,https://www.zapimoveis.com.br/imovel/aluguel-apartamento-1-quarto-com-piscina-taquara-rio-de-janeiro-36m2-id-2902046011/
duplicata de conteúdo (mesmo imóvel),Taquara,Estrada do Tindiba,25000.0,,500.0,,2901255503,https://www.zapimoveis.com.br/imovel/aluguel-loja-salao-com-mezanino-taquara-rio-de-janeiro-500m2-id-2901255503/
duplicata de conteúdo (mesmo imóvel),Taquara,Estrada Rodrigues Caldas,1600.0,430.0,70.0,2,2899323396,https://www.zapimoveis.com.br/imovel/aluguel-apartamento-2-quartos-com-area-de-servico-taquara-rio-de-janeiro-70m2-id-2899323396/
duplicata de conteúdo (mesmo imóvel),Taquara,Estrada do Guerengue,12000.0,,520.0,,2899095676,https://www.zapimoveis.com.br/imovel/aluguel-galpao-deposito-armazem-taquara-rio-de-janeiro-520m2-id-2899095676/
duplicata de conteúdo (mesmo imóvel),Taquara,Rua Carlos Palut,1250.0,399.0,52.0,2,2897932789,https://www.zapimoveis.com.br/imovel/aluguel-apartamento-2-quartos-com-sala-grande-taquara-rio-de-janeiro-52m2-id-2897932789/
duplicata de conteúdo (mesmo imóvel),Taquara,Estrada do Tindiba,800.0,969.0,32.0,,2897579579,https://www.zapimoveis.com.br/imovel/aluguel-conjunto-comercial-sala-com-lavabo-taquara-rio-de-janeiro-32m2-id-2897579579/
duplicata de conteúdo (mesmo imóvel),Taquara,Estrada do Cafundá,9000.0,,1100.0,,2895422004,https://www.zapimoveis.com.br/imovel/aluguel-galpao-deposito-armazem-taquara-rio-de-janeiro-1100m2-id-2895422004/
duplicata de conteúdo (mesmo imóvel),Taquara,Estrada do Tindiba,90000.0,,4000.0,,2894143106,https://www.zapimoveis.com.br/imovel/aluguel-galpao-deposito-armazem-taquara-rio-de-janeiro-4000m2-id-2894143106/
duplicata de conteúdo (mesmo imóvel),Taquara,Estrada do Tindiba,90000.0,,4000.0,,2894088380,https://www.zapimoveis.com.br/imovel/aluguel-galpao-deposito-armazem-taquara-rio-de-janeiro-4000m2-id-2894088380/
duplicata de conteúdo (mesmo imóvel),Taquara,Estrada do Rio Grande,1750.0,950.0,40.0,1,2893683977,https://www.zapimoveis.com.br/imovel/aluguel-apartamento-1-quarto-taquara-rio-de-janeiro-40m2-id-2893683977/
duplicata de conteúdo (mesmo imóvel),Taquara,Estrada do Tindiba,550.0,592.0,30.0,,2884775673,https://www.zapimoveis.com.br/imovel/aluguel-conjunto-comercial-sala-com-janelas-grandes-taquara-rio-de-janeiro-30m2-id-2884775673/
duplicata de conteúdo (mesmo imóvel),Taquara,Estrada do Tindiba,550.0,592.0,32.0,,2884770329,https://www.zapimoveis.com.br/imovel/aluguel-conjunto-comercial-sala-com-interfone-taquara-rio-de-janeiro-32m2-id-2884770329/
duplicata de conteúdo (mesmo imóvel),Taquara,Estrada do Cafundá,9000.0,,1100.0,,2870099422,https://www.zapimoveis.com.br/imovel/aluguel-galpao-deposito-armazem-taquara-rio-de-janeiro-1100m2-id-2870099422/
duplicata de conteúdo (mesmo imóvel),Taquara,Estrada do Tindiba,550.0,592.0,29.0,,2860903656,https://www.zapimoveis.com.br/imovel/aluguel-conjunto-comercial-sala-taquara-rio-de-janeiro-29m2-id-2860903656/
duplicata de conteúdo (mesmo imóvel),Taquara,Estrada do Rio Grande,30000.0,,450.0,,2860157083,https://www.zapimoveis.com.br/imovel/aluguel-terreno-lote-condominio-com-energia-solar-taquara-rio-de-janeiro-450m2-id-2860157083/
duplicata de conteúdo (mesmo imóvel),Taquara,Estrada do Tindiba,1800.0,260.0,40.0,,2850239420,https://www.zapimoveis.com.br/imovel/aluguel-loja-salao-com-interfone-taquara-rio-de-janeiro-40m2-id-2850239420/
duplicata de conteúdo (mesmo imóvel),Taquara,Estrada do Cafundá,9000.0,,1100.0,,2847156535,https://www.zapimoveis.com.br/imovel/aluguel-galpao-deposito-armazem-com-quintal-taquara-rio-de-janeiro-1100m2-id-2847156535/
duplicata de conteúdo (mesmo imóvel),Taquara,Estrada da Soca,11000.0,,600.0,,2843497318,https://www.zapimoveis.com.br/imovel/aluguel-loja-salao-taquara-rio-de-janeiro-600m2-id-2843497318/
duplicata de conteúdo (mesmo imóvel),Taquara,Estrada do Cafundá,9000.0,,1100.0,,2842274547,https://www.zapimoveis.com.br/imovel/aluguel-galpao-deposito-armazem-taquara-rio-de-janeiro-1100m2-id-2842274547/
duplicata de conteúdo (mesmo imóvel),Taquara,Estrada dos Bandeirantes,7200.0,0.0,500.0,,2837052318,https://www.zapimoveis.com.br/imovel/aluguel-loja-salao-taquara-rio-de-janeiro-500m2-id-2837052318/
duplicata de conteúdo (mesmo imóvel),Taquara,Estrada do Tindiba,550.0,596.0,29.0,,2832144424,https://www.zapimoveis.com.br/imovel/aluguel-conjunto-comercial-sala-com-lavabo-taquara-rio-de-janeiro-29m2-id-2832144424/
duplicata de conteúdo (mesmo imóvel),Taquara,Estrada do Tindiba,550.0,596.0,32.0,,2832146322,https://www.zapimoveis.com.br/imovel/aluguel-conjunto-comercial-sala-taquara-rio-de-janeiro-32m2-id-2832146322/
duplicata de conteúdo (mesmo imóvel),Taquara,Estrada do Rio Grande,4900.0,952.0,90.0,,2818768515,https://www.zapimoveis.com.br/imovel/aluguel-conjunto-comercial-sala-taquara-rio-de-janeiro-90m2-id-2818768515/
duplicata de conteúdo (mesmo imóvel),Taquara,Estrada do Tindiba,550.0,592.0,32.0,,2807308452,https://www.zapimoveis.com.br/imovel/aluguel-conjunto-comercial-sala-com-seguranca-interna-taquara-rio-de-janeiro-32m2-id-2807308452/
duplicata de conteúdo (mesmo imóvel),Taquara,Estrada do Tindiba,550.0,592.0,30.0,,2807310422,https://www.zapimoveis.com.br/imovel/aluguel-conjunto-comercial-sala-taquara-rio-de-janeiro-30m2-id-2807310422/
duplicata de conteúdo (mesmo imóvel),Taquara,Estrada do Tindiba,550.0,592.0,29.0,,2807310421,https://www.zapimoveis.com.br/imovel/aluguel-conjunto-comercial-sala-taquara-rio-de-janeiro-29m2-id-2807310421/
duplicata de conteúdo (mesmo imóvel),Taquara,Estrada do Guerengue,30000.0,,752.0,,2773388222,https://www.zapimoveis.com.br/imovel/aluguel-predio-taquara-rio-de-janeiro-752m2-id-2773388222/
duplicata de conteúdo (mesmo imóvel),Taquara,Estrada do Tindiba,13000.0,,535.0,,2771455898,https://www.zapimoveis.com.br/imovel/aluguel-loja-salao-taquara-rio-de-janeiro-535m2-id-2771455898/
duplicata de conteúdo (mesmo imóvel),Taquara,Avenida Nelson Cardoso,500.0,1300.0,30.0,,2759889623,https://www.zapimoveis.com.br/imovel/aluguel-conjunto-comercial-sala-com-ar-condicionado-taquara-rio-de-janeiro-30m2-id-2759889623/
duplicata de conteúdo (mesmo imóvel),Taquara,Estrada do Tindiba,1350.0,1680.0,100.0,,2759889329,https://www.zapimoveis.com.br/imovel/aluguel-conjunto-comercial-sala-com-lojas-taquara-rio-de-janeiro-100m2-id-2759889329/
duplicata de conteúdo (mesmo imóvel),Taquara,Estrada do Tindiba,550.0,592.0,29.0,,2759889822,https://www.zapimoveis.com.br/imovel/aluguel-conjunto-comercial-sala-taquara-rio-de-janeiro-29m2-id-2759889822/
duplicata de conteúdo (mesmo imóvel),Taquara,Estrada do Tindiba,550.0,592.0,28.0,,2759889036,https://www.zapimoveis.com.br/imovel/aluguel-conjunto-comercial-sala-com-janelas-grandes-taquara-rio-de-janeiro-28m2-id-2759889036/
duplicata de conteúdo (mesmo imóvel),Taquara,Estrada do Tindiba,550.0,592.0,32.0,,2759888440,https://www.zapimoveis.com.br/imovel/aluguel-conjunto-comercial-sala-taquara-rio-de-janeiro-32m2-id-2759888440/
duplicata de conteúdo (mesmo imóvel),Taquara,Estrada do Tindiba,550.0,592.0,30.0,,2759889033,https://www.zapimoveis.com.br/imovel/aluguel-conjunto-comercial-sala-com-interfone-taquara-rio-de-janeiro-30m2-id-2759889033/
duplicata de conteúdo (mesmo imóvel),Taquara,Rua Nacional,860.0,180.0,25.0,,2758343241,https://www.zapimoveis.com.br/imovel/aluguel-conjunto-comercial-sala-taquara-rio-de-janeiro-25m2-id-2758343241/
duplicata de conteúdo (mesmo imóvel),Taquara,Estrada do Tindiba,2350.0,750.0,50.0,,2703012430,https://www.zapimoveis.com.br/imovel/aluguel-loja-salao-com-elevador-taquara-rio-de-janeiro-50m2-id-2703012430/
duplicata de conteúdo (mesmo imóvel),Taquara,Estrada do Rio Grande,1750.0,950.0,40.0,1,2638131119,https://www.zapimoveis.com.br/imovel/aluguel-apartamento-1-quarto-com-piscina-taquara-rio-de-janeiro-40m2-id-2638131119/
duplicata de conteúdo (mesmo imóvel),Vargem Grande,Estrada do Rio Morto,2000.0,430.0,50.0,1,2908218414,https://www.zapimoveis.com.br/imovel/aluguel-casa-de-condominio-1-quarto-mobiliado-vargem-grande-rio-de-janeiro-50m2-id-2908218414/
duplicata de conteúdo (mesmo imóvel),Vargem Grande,Estrada do Rio Morto,2000.0,430.0,50.0,1,2908209967,https://www.zapimoveis.com.br/imovel/aluguel-casa-1-quarto-mobiliado-vargem-grande-rio-de-janeiro-50m2-id-2908209967/
duplicata de conteúdo (mesmo imóvel),Vargem Grande,Estrada do Sacarrão,2400.0,690.0,51.0,2,2901253340,https://www.zapimoveis.com.br/imovel/aluguel-casa-de-condominio-2-quartos-com-piscina-vargem-grande-rio-de-janeiro-51m2-id-2901253340/
duplicata de conteúdo (mesmo imóvel),Vargem Grande,Estrada do Rio Morto,2000.0,700.0,61.0,2,2901256497,https://www.zapimoveis.com.br/imovel/aluguel-casa-de-condominio-2-quartos-com-piscina-vargem-grande-rio-de-janeiro-61m2-id-2901256497/
duplicata de conteúdo (mesmo imóvel),Vargem Grande,Estrada do Rio Morto,1600.0,868.0,67.0,2,2901253721,https://www.zapimoveis.com.br/imovel/aluguel-apartamento-2-quartos-com-sala-de-jantar-vargem-grande-rio-de-janeiro-67m2-id-2901253721/
duplicata de conteúdo (mesmo imóvel),Vargem Grande,Estrada Pacui,1200.0,406.0,30.0,1,2893294078,https://www.zapimoveis.com.br/imovel/aluguel-apartamento-1-quarto-com-piscina-vargem-grande-rio-de-janeiro-30m2-id-2893294078/
duplicata de conteúdo (mesmo imóvel),Vargem Pequena,Estrada dos Bandeirantes,4500.0,,140.0,,2892560598,https://www.zapimoveis.com.br/imovel/aluguel-galpao-deposito-armazem-com-quintal-vargem-pequena-rio-de-janeiro-140m2-id-2892560598/
duplicata de conteúdo (mesmo imóvel),Vargem Grande,Estrada Pacui,6500.0,350.0,210.0,3,2891046584,https://www.zapimoveis.com.br/imovel/aluguel-casa-de-condominio-3-quartos-com-quintal-vargem-grande-rio-de-janeiro-210m2-id-2891046584/
duplicata de conteúdo (mesmo imóvel),Vargem Grande,Rua Zenetildes Alves Meira,5500.0,,145.0,,2884594984,https://www.zapimoveis.com.br/imovel/aluguel-galpao-deposito-armazem-vargem-grande-rio-de-janeiro-145m2-id-2884594984/
duplicata de conteúdo (mesmo imóvel),Vargem Grande,Estrada dos Bandeirantes,30000.0,2.0,589.0,,2830315821,https://www.zapimoveis.com.br/imovel/aluguel-terreno-lote-comercial-vargem-grande-rio-de-janeiro-589m2-id-2830315821/
duplicata de conteúdo (mesmo imóvel),Vargem Grande,Estrada do Sacarrão,4000.0,,1000.0,,2828782357,https://www.zapimoveis.com.br/imovel/aluguel-vargem-grande-rio-de-janeiro-1000m2-id-2828782357/
duplicata de conteúdo (mesmo imóvel),Vargem Grande,Estrada do Rio Morto,2000.0,430.0,50.0,1,2280505500,https://www.zapimoveis.com.br/imovel/aluguel-casa-1-quarto-mobiliado-vargem-grande-rio-de-janeiro-50m2-id-2280505500/
duplicata de conteúdo (mesmo imóvel),Vargem Pequena,Rua João Marques Cadengo,7000.0,660.0,330.0,3,2906127534,https://www.zapimoveis.com.br/imovel/aluguel-casa-de-condominio-3-quartos-com-ar-condicionado-vargem-pequena-rio-de-janeiro-330m2-id-2906127534/
duplicata de conteúdo (mesmo imóvel),Vargem Pequena,Estrada dos Bandeirantes,7200.0,680.0,180.0,5,2905665527,https://www.zapimoveis.com.br/imovel/aluguel-casa-de-condominio-5-quartos-vargem-pequena-rio-de-janeiro-180m2-id-2905665527/
duplicata de conteúdo (mesmo imóvel),Vargem Pequena,Estrada dos Bandeirantes,7200.0,680.0,180.0,5,2905630226,https://www.zapimoveis.com.br/imovel/aluguel-casa-de-condominio-5-quartos-vargem-pequena-rio-de-janeiro-180m2-id-2905630226/
duplicata de conteúdo (mesmo imóvel),Vargem Pequena,Rua Arquiteto Simon Wiesenthal,4500.0,466.0,150.0,2,2904007363,https://www.zapimoveis.com.br/imovel/aluguel-casa-de-condominio-2-quartos-vargem-pequena-rio-de-janeiro-150m2-id-2904007363/
duplicata de conteúdo (mesmo imóvel),Vargem Pequena,Estrada dos Bandeirantes,10000.0,,300.0,,2901256305,https://www.zapimoveis.com.br/imovel/aluguel-vargem-pequena-rio-de-janeiro-300m2-id-2901256305/
duplicata de conteúdo (mesmo imóvel),Vargem Pequena,Estrada dos Bandeirantes,25900.0,,600.0,,2901252735,https://www.zapimoveis.com.br/imovel/aluguel-galpao-deposito-armazem-vargem-pequena-rio-de-janeiro-600m2-id-2901252735/
duplicata de conteúdo (mesmo imóvel),Vargem Pequena,Estrada dos Bandeirantes,30000.0,,180.0,,2901253214,https://www.zapimoveis.com.br/imovel/aluguel-loja-salao-vargem-pequena-rio-de-janeiro-180m2-id-2901253214/
duplicata de conteúdo (mesmo imóvel),Vargem Pequena,Estrada dos Bandeirantes,20000.0,,700.0,,2892561681,https://www.zapimoveis.com.br/imovel/aluguel-galpao-deposito-armazem-vargem-pequena-rio-de-janeiro-700m2-id-2892561681/
duplicata de conteúdo (mesmo imóvel),Vargem Pequena,Estrada dos Bandeirantes,4500.0,,140.0,,2892561974,https://www.zapimoveis.com.br/imovel/aluguel-galpao-deposito-armazem-com-quintal-vargem-pequena-rio-de-janeiro-140m2-id-2892561974/
duplicata de conteúdo (mesmo imóvel),Vargem Pequena,Estrada dos Bandeirantes,8500.0,500.0,150.0,,2868618484,https://www.zapimoveis.com.br/imovel/aluguel-loja-salao-vargem-pequena-rio-de-janeiro-150m2-id-2868618484/
duplicata de conteúdo (mesmo imóvel),Vargem Pequena,Estrada dos Bandeirantes,8500.0,500.0,150.0,,2866647257,https://www.zapimoveis.com.br/imovel/aluguel-loja-salao-com-ambientes-integrados-vargem-pequena-rio-de-janeiro-150m2-id-2866647257/
duplicata de conteúdo (mesmo imóvel),Vargem Pequena,Rua Desembargador Wellington Jones Paiva,10500.0,1000.0,220.0,4,2865234169,https://www.zapimoveis.com.br/imovel/aluguel-casa-de-condominio-4-quartos-com-piscina-vargem-pequena-rio-de-janeiro-220m2-id-2865234169/
duplicata de conteúdo (mesmo imóvel),Vargem Pequena,Estrada dos Bandeirantes,30000.0,,19840.0,,2752723882,https://www.zapimoveis.com.br/imovel/aluguel-terreno-lote-condominio-vargem-pequena-rio-de-janeiro-19840m2-id-2752723882/
duplicata de conteúdo (mesmo imóvel),Vargem Pequena,Estrada dos Bandeirantes,30000.0,,19840.0,,2699967798,https://www.zapimoveis.com.br/imovel/aluguel-terreno-lote-condominio-vargem-pequena-rio-de-janeiro-19840m2-id-2699967798/
duplicata de conteúdo (mesmo imóvel),Botafogo,Praia Botafogo,12500.0,2300.0,190.0,4,,
duplicata de conteúdo (mesmo imóvel),Botafogo,Praia Botafogo,8000.0,2616.0,103.0,,2907096925,https://www.zapimoveis.com.br/imovel/aluguel-loja-salao-com-acesso-24-horas-botafogo-rio-de-janeiro-103m2-id-2907096925/
duplicata de conteúdo (mesmo imóvel),Botafogo,Rua Voluntários da Pátria,35000.0,1164.0,382.0,,2906872623,https://www.zapimoveis.com.br/imovel/aluguel-loja-salao-com-copa-botafogo-rio-de-janeiro-382m2-id-2906872623/
duplicata de conteúdo (mesmo imóvel),Botafogo,Rua Dezenove de Fevereiro,8500.0,1900.0,111.0,3,2905588956,https://www.zapimoveis.com.br/imovel/aluguel-apartamento-3-quartos-com-piscina-botafogo-rio-de-janeiro-111m2-id-2905588956/
duplicata de conteúdo (mesmo imóvel),Botafogo,Rua Voluntários da Pátria,35000.0,1164.0,382.0,,2905472616,https://www.zapimoveis.com.br/imovel/aluguel-loja-salao-com-copa-botafogo-rio-de-janeiro-382m2-id-2905472616/
duplicata de conteúdo (mesmo imóvel),Botafogo,Praia Botafogo,8000.0,2616.0,103.0,,2905087827,https://www.zapimoveis.com.br/imovel/aluguel-loja-salao-com-acesso-24-horas-botafogo-rio-de-janeiro-103m2-id-2905087827/
duplicata de conteúdo (mesmo imóvel),Botafogo,Rua Álvaro Ramos,50000.0,,400.0,,2903273804,https://www.zapimoveis.com.br/imovel/aluguel-conjunto-comercial-sala-botafogo-rio-de-janeiro-400m2-id-2903273804/
duplicata de conteúdo (mesmo imóvel),Botafogo,Praia Botafogo,28450.0,14704.0,427.0,,2902612701,https://www.zapimoveis.com.br/imovel/aluguel-casa-com-blindex-botafogo-rio-de-janeiro-427m2-id-2902612701/
duplicata de conteúdo (mesmo imóvel),Botafogo,Rua Real Grandeza,9000.0,,337.0,4,2902169429,https://www.zapimoveis.com.br/imovel/aluguel-casa-de-vila-4-quartos-botafogo-rio-de-janeiro-337m2-id-2902169429/
duplicata de conteúdo (mesmo imóvel),Botafogo,Rua Paulino Fernandes,22000.0,,300.0,6,2901954601,https://www.zapimoveis.com.br/imovel/aluguel-casa-6-quartos-com-churrasqueira-botafogo-rio-de-janeiro-300m2-id-2901954601/
duplicata de conteúdo (mesmo imóvel),Botafogo,Rua Visconde de Silva,15500.0,0.0,170.0,,2901825210,https://www.zapimoveis.com.br/imovel/aluguel-loja-salao-botafogo-rio-de-janeiro-170m2-id-2901825210/
duplicata de conteúdo (mesmo imóvel),Botafogo,Rua Assis Bueno,25000.0,0.0,305.0,,2901811603,https://www.zapimoveis.com.br/imovel/aluguel-conjunto-comercial-sala-botafogo-rio-de-janeiro-305m2-id-2901811603/
duplicata de conteúdo (mesmo imóvel),Botafogo,Rua Visconde de Silva,15500.0,0.0,170.0,,2901734813,https://www.zapimoveis.com.br/imovel/aluguel-loja-salao-com-lavabo-botafogo-rio-de-janeiro-170m2-id-2901734813/
duplicata de conteúdo (mesmo imóvel),Botafogo,Rua Voluntários da Pátria,18900.0,5250.0,210.0,,2900935299,https://www.zapimoveis.com.br/imovel/aluguel-conjunto-comercial-sala-com-interfone-botafogo-rio-de-janeiro-210m2-id-2900935299/
duplicata de conteúdo (mesmo imóvel),Botafogo,Rua Voluntários da Pátria,8400.0,2056.0,43.0,,2900659639,https://www.zapimoveis.com.br/imovel/aluguel-loja-salao-botafogo-rio-de-janeiro-43m2-id-2900659639/
duplicata de conteúdo (mesmo imóvel),Botafogo,Rua Dona Mariana,5800.0,1800.0,100.0,2,2900329303,https://www.zapimoveis.com.br/imovel/aluguel-apartamento-2-quartos-com-piscina-botafogo-rio-de-janeiro-100m2-id-2900329303/
duplicata de conteúdo (mesmo imóvel),Botafogo,Rua da Passagem,5900.0,1190.0,65.0,2,2899333507,https://www.zapimoveis.com.br/imovel/aluguel-apartamento-2-quartos-com-piscina-botafogo-rio-de-janeiro-65m2-id-2899333507/
duplicata de conteúdo (mesmo imóvel),Botafogo,Rua Assis Bueno,25000.0,,305.0,,2898744881,https://www.zapimoveis.com.br/imovel/aluguel-conjunto-comercial-sala-botafogo-rio-de-janeiro-305m2-id-2898744881/
duplicata de conteúdo (mesmo imóvel),Botafogo,Rua Real Grandeza,32000.0,,337.0,,2898172288,https://www.zapimoveis.com.br/imovel/aluguel-conjunto-comercial-sala-com-ar-condicionado-botafogo-rio-de-janeiro-337m2-id-2898172288/
duplicata de conteúdo (mesmo imóvel),Botafogo,Rua Muniz Barreto,80000.0,,1147.0,,2898025976,https://www.zapimoveis.com.br/imovel/aluguel-predio-com-heliponto-botafogo-rio-de-janeiro-1147m2-id-2898025976/
duplicata de conteúdo (mesmo imóvel),Botafogo,Rua Muniz Barreto,80000.0,,1147.0,,2898025389,https://www.zapimoveis.com.br/imovel/aluguel-predio-com-tv-a-cabo-botafogo-rio-de-janeiro-1147m2-id-2898025389/
duplicata de conteúdo (mesmo imóvel),Botafogo,Rua da Passagem,15000.0,3523.0,185.0,,2896308260,https://www.zapimoveis.com.br/imovel/aluguel-loja-salao-botafogo-rio-de-janeiro-185m2-id-2896308260/
duplicata de conteúdo (mesmo imóvel),Botafogo,Rua Assis Bueno,25000.0,0.0,305.0,,2895146277,https://www.zapimoveis.com.br/imovel/aluguel-predio-com-deposito-privativo-botafogo-rio-de-janeiro-305m2-id-2895146277/
duplicata de conteúdo (mesmo imóvel),Botafogo,Rua Assis Bueno,25000.0,0.0,305.0,,2894983976,https://www.zapimoveis.com.br/imovel/aluguel-predio-com-ar-condicionado-botafogo-rio-de-janeiro-305m2-id-2894983976/
duplicata de conteúdo (mesmo imóvel),Botafogo,Rua Real Grandeza,35000.0,,400.0,,2894164382,https://www.zapimoveis.com.br/imovel/aluguel-predio-com-ar-condicionado-botafogo-rio-de-janeiro-400m2-id-2894164382/
duplicata de conteúdo (mesmo imóvel),Botafogo,Rua da Passagem,29500.0,451.0,238.0,,2893791506,https://www.zapimoveis.com.br/imovel/aluguel-loja-salao-com-acesso-24-horas-botafogo-rio-de-janeiro-238m2-id-2893791506/
duplicata de conteúdo (mesmo imóvel),Botafogo,Rua da Passagem,29500.0,451.0,238.0,,2893762801,https://www.zapimoveis.com.br/imovel/aluguel-loja-salao-botafogo-rio-de-janeiro-238m2-id-2893762801/
duplicata de conteúdo (mesmo imóvel),Botafogo,Rua da Passagem,30000.0,15500.0,569.0,,2893647691,https://www.zapimoveis.com.br/imovel/aluguel-conjunto-comercial-sala-com-ar-condicionado-botafogo-rio-de-janeiro-569m2-id-2893647691/
duplicata de conteúdo (mesmo imóvel),Botafogo,Rua Lauro Muller,16000.0,5648.0,134.0,,2891844602,https://www.zapimoveis.com.br/imovel/aluguel-conjunto-comercial-sala-com-acesso-24-horas-botafogo-rio-de-janeiro-134m2-id-2891844602/
duplicata de conteúdo (mesmo imóvel),Botafogo,Praia Botafogo,2329.0,,8.0,,2891059655,https://www.zapimoveis.com.br/imovel/aluguel-conjunto-comercial-sala-mobiliado-botafogo-rio-de-janeiro-8m2-id-2891059655/
duplicata de conteúdo (mesmo imóvel),Botafogo,Praia Botafogo,1169.0,,5.0,,2891059653,https://www.zapimoveis.com.br/imovel/aluguel-conjunto-comercial-sala-mobiliado-botafogo-rio-de-janeiro-5m2-id-2891059653/
duplicata de conteúdo (mesmo imóvel),Botafogo,Rua São Clemente,4500.0,,60.0,,2890231893,https://www.zapimoveis.com.br/imovel/aluguel-conjunto-comercial-sala-botafogo-rio-de-janeiro-60m2-id-2890231893/
duplicata de conteúdo (mesmo imóvel),Botafogo,Rua São Clemente,2100.0,,20.0,,2890235403,https://www.zapimoveis.com.br/imovel/aluguel-conjunto-comercial-sala-botafogo-rio-de-janeiro-20m2-id-2890235403/
duplicata de conteúdo (mesmo imóvel),Botafogo,Rua São Clemente,13500.0,,130.0,,2890232909,https://www.zapimoveis.com.br/imovel/aluguel-casa-com-janelas-grandes-botafogo-rio-de-janeiro-130m2-id-2890232909/
duplicata de conteúdo (mesmo imóvel),Botafogo,Rua Dezenove de Fevereiro,8500.0,1905.0,111.0,3,2890134881,https://www.zapimoveis.com.br/imovel/aluguel-apartamento-3-quartos-com-piscina-botafogo-rio-de-janeiro-111m2-id-2890134881/
duplicata de conteúdo (mesmo imóvel),Botafogo,Rua Visconde de Ouro Preto,60000.0,0.0,1213.0,,2889217138,https://www.zapimoveis.com.br/imovel/aluguel-conjunto-comercial-sala-com-copa-botafogo-rio-de-janeiro-1213m2-id-2889217138/
duplicata de conteúdo (mesmo imóvel),Botafogo,Rua Assis Bueno,25000.0,,305.0,,2889193278,https://www.zapimoveis.com.br/imovel/aluguel-predio-com-interfone-botafogo-rio-de-janeiro-305m2-id-2889193278/
duplicata de conteúdo (mesmo imóvel),Botafogo,Rua Real Grandeza,35000.0,,400.0,,2889002389,https://www.zapimoveis.com.br/imovel/aluguel-predio-com-janelas-de-aluminio-botafogo-rio-de-janeiro-400m2-id-2889002389/
duplicata de conteúdo (mesmo imóvel),Botafogo,Praia Botafogo,11700.0,4567.0,180.0,,2888858682,https://www.zapimoveis.com.br/imovel/aluguel-conjunto-comercial-sala-botafogo-rio-de-janeiro-180m2-id-2888858682/
duplicata de conteúdo (mesmo imóvel),Botafogo,Rua Assis Bueno,25000.0,,305.0,,2887603603,https://www.zapimoveis.com.br/imovel/aluguel-predio-botafogo-rio-de-janeiro-305m2-id-2887603603/
duplicata de conteúdo (mesmo imóvel),Botafogo,Avenida Pasteur,56070.0,21555.0,623.0,,2887095804,https://www.zapimoveis.com.br/imovel/aluguel-conjunto-comercial-sala-mobiliado-botafogo-rio-de-janeiro-623m2-id-2887095804/
duplicata de conteúdo (mesmo imóvel),Botafogo,Avenida Pasteur,66300.0,27000.0,780.0,,2886907885,https://www.zapimoveis.com.br/imovel/aluguel-conjunto-comercial-sala-com-escritorio-botafogo-rio-de-janeiro-780m2-id-2886907885/
duplicata de conteúdo (mesmo imóvel),Botafogo,Avenida Pasteur,66300.0,27000.0,780.0,,2886910676,https://www.zapimoveis.com.br/imovel/aluguel-conjunto-comercial-sala-com-elevador-botafogo-rio-de-janeiro-780m2-id-2886910676/
duplicata de conteúdo (mesmo imóvel),Botafogo,Avenida Pasteur,66300.0,27000.0,780.0,,2886910184,https://www.zapimoveis.com.br/imovel/aluguel-conjunto-comercial-sala-com-escritorio-botafogo-rio-de-janeiro-780m2-id-2886910184/
duplicata de conteúdo (mesmo imóvel),Botafogo,Rua Assis Bueno,25000.0,,305.0,,2886549781,https://www.zapimoveis.com.br/imovel/aluguel-predio-botafogo-rio-de-janeiro-305m2-id-2886549781/
duplicata de conteúdo (mesmo imóvel),Botafogo,Praia Botafogo,9100.0,3552.0,140.0,,2886302777,https://www.zapimoveis.com.br/imovel/aluguel-loja-salao-com-copa-botafogo-rio-de-janeiro-140m2-id-2886302777/
duplicata de conteúdo (mesmo imóvel),Botafogo,Praia Botafogo,19500.0,7611.0,300.0,,2886302677,https://www.zapimoveis.com.br/imovel/aluguel-conjunto-comercial-sala-com-churrasqueira-botafogo-rio-de-janeiro-300m2-id-2886302677/
duplicata de conteúdo (mesmo imóvel),Botafogo,Praia Botafogo,9750.0,3806.0,150.0,,2886302775,https://www.zapimoveis.com.br/imovel/aluguel-loja-salao-botafogo-rio-de-janeiro-150m2-id-2886302775/
duplicata de conteúdo (mesmo imóvel),Botafogo,Rua Lauro Muller,16000.0,5648.0,134.0,,2886237991,https://www.zapimoveis.com.br/imovel/aluguel-conjunto-comercial-sala-com-acesso-24-horas-botafogo-rio-de-janeiro-134m2-id-2886237991/
duplicata de conteúdo (mesmo imóvel),Botafogo,Rua Visconde de Ouro Preto,60000.0,,1213.0,,2884972081,https://www.zapimoveis.com.br/imovel/aluguel-predio-botafogo-rio-de-janeiro-1213m2-id-2884972081/
duplicata de conteúdo (mesmo imóvel),Botafogo,Rua Real Grandeza,32000.0,,337.0,,2883645077,https://www.zapimoveis.com.br/imovel/aluguel-loja-salao-com-tv-a-cabo-botafogo-rio-de-janeiro-337m2-id-2883645077/
duplicata de conteúdo (mesmo imóvel),Botafogo,Rua Real Grandeza,32000.0,,337.0,,2883568207,https://www.zapimoveis.com.br/imovel/aluguel-loja-salao-botafogo-rio-de-janeiro-337m2-id-2883568207/
duplicata de conteúdo (mesmo imóvel),Botafogo,Avenida Pasteur,70200.0,26988.0,780.0,,2881961927,https://www.zapimoveis.com.br/imovel/aluguel-conjunto-comercial-sala-botafogo-rio-de-janeiro-780m2-id-2881961927/
duplicata de conteúdo (mesmo imóvel),Botafogo,Rua São João Batista,22000.0,0.0,600.0,,2881951209,https://www.zapimoveis.com.br/imovel/aluguel-loja-salao-botafogo-rio-de-janeiro-600m2-id-2881951209/
duplicata de conteúdo (mesmo imóvel),Botafogo,Rua Voluntários da Pátria,9000.0,3500.0,100.0,,2880888573,https://www.zapimoveis.com.br/imovel/aluguel-conjunto-comercial-sala-com-copa-botafogo-rio-de-janeiro-100m2-id-2880888573/
duplicata de conteúdo (mesmo imóvel),Botafogo,Rua Real Grandeza,32000.0,,337.0,,2879625010,https://www.zapimoveis.com.br/imovel/aluguel-predio-botafogo-rio-de-janeiro-337m2-id-2879625010/
duplicata de conteúdo (mesmo imóvel),Botafogo,Rua Professor Álvaro Rodrigues,57475.0,15730.0,605.0,,2879588868,https://www.zapimoveis.com.br/imovel/aluguel-conjunto-comercial-sala-com-janelas-grandes-botafogo-rio-de-janeiro-605m2-id-2879588868/
duplicata de conteúdo (mesmo imóvel),Botafogo,Rua Conde de Irajá,32000.0,0.0,385.0,,2879590537,https://www.zapimoveis.com.br/imovel/aluguel-casa-botafogo-rio-de-janeiro-385m2-id-2879590537/
duplicata de conteúdo (mesmo imóvel),Botafogo,Rua da Passagem,35000.0,15392.0,540.0,,2879263718,https://www.zapimoveis.com.br/imovel/aluguel-conjunto-comercial-sala-mobiliado-botafogo-rio-de-janeiro-540m2-id-2879263718/
duplicata de conteúdo (mesmo imóvel),Botafogo,Rua Assis Bueno,25000.0,0.0,305.0,,2878585967,https://www.zapimoveis.com.br/imovel/aluguel-predio-com-janelas-grandes-botafogo-rio-de-janeiro-305m2-id-2878585967/
duplicata de conteúdo (mesmo imóvel),Botafogo,Avenida Pasteur,70200.0,27846.0,780.0,,2878426419,https://www.zapimoveis.com.br/imovel/aluguel-conjunto-comercial-sala-botafogo-rio-de-janeiro-780m2-id-2878426419/
duplicata de conteúdo (mesmo imóvel),Botafogo,Praia Botafogo,10000.0,273.0,23.0,,2878403662,https://www.zapimoveis.com.br/imovel/aluguel-loja-salao-botafogo-rio-de-janeiro-23m2-id-2878403662/
duplicata de conteúdo (mesmo imóvel),Botafogo,Rua Real Grandeza,32000.0,0.0,337.0,,2878369385,https://www.zapimoveis.com.br/imovel/aluguel-loja-salao-botafogo-rio-de-janeiro-337m2-id-2878369385/
duplicata de conteúdo (mesmo imóvel),Botafogo,Rua Professor Álvaro Rodrigues,57475.0,15730.0,605.0,,2878168423,https://www.zapimoveis.com.br/imovel/aluguel-conjunto-comercial-sala-com-copa-botafogo-rio-de-janeiro-605m2-id-2878168423/
duplicata de conteúdo (mesmo imóvel),Botafogo,Praia Botafogo,50000.0,21000.0,707.0,,2877757194,https://www.zapimoveis.com.br/imovel/aluguel-loja-salao-com-elevador-botafogo-rio-de-janeiro-707m2-id-2877757194/
duplicata de conteúdo (mesmo imóvel),Botafogo,Rua Professor Álvaro Rodrigues,35150.0,9620.0,370.0,,2877519285,https://www.zapimoveis.com.br/imovel/aluguel-conjunto-comercial-sala-com-acesso-24-horas-botafogo-rio-de-janeiro-370m2-id-2877519285/
duplicata de conteúdo (mesmo imóvel),Botafogo,Rua Professor Álvaro Rodrigues,57475.0,15730.0,605.0,,2877348998,https://www.zapimoveis.com.br/imovel/aluguel-conjunto-comercial-sala-com-acesso-24-horas-botafogo-rio-de-janeiro-605m2-id-2877348998/
duplicata de conteúdo (mesmo imóvel),Botafogo,Rua Professor Álvaro Rodrigues,57475.0,15730.0,605.0,,2877330180,https://www.zapimoveis.com.br/imovel/aluguel-conjunto-comercial-sala-com-tv-a-cabo-botafogo-rio-de-janeiro-605m2-id-2877330180/
duplicata de conteúdo (mesmo imóvel),Botafogo,Rua Assis Bueno,25000.0,,305.0,,2877292682,https://www.zapimoveis.com.br/imovel/aluguel-predio-botafogo-rio-de-janeiro-305m2-id-2877292682/
duplicata de conteúdo (mesmo imóvel),Botafogo,Rua Professor Álvaro Rodrigues,35150.0,9620.0,370.0,,2877133515,https://www.zapimoveis.com.br/imovel/aluguel-conjunto-comercial-sala-com-cozinha-botafogo-rio-de-janeiro-370m2-id-2877133515/
duplicata de conteúdo (mesmo imóvel),Botafogo,Rua Voluntários da Pátria,18000.0,7000.0,200.0,,2874451906,https://www.zapimoveis.com.br/imovel/aluguel-conjunto-comercial-sala-com-infraestrutura-internet-botafogo-rio-de-janeiro-200m2-id-2874451906/
duplicata de conteúdo (mesmo imóvel),Botafogo,Rua Assis Bueno,25000.0,,305.0,,2874198273,https://www.zapimoveis.com.br/imovel/aluguel-predio-botafogo-rio-de-janeiro-305m2-id-2874198273/
duplicata de conteúdo (mesmo imóvel),Botafogo,Rua Eduardo Guinle,12500.0,2900.0,204.0,4,2874132873,https://www.zapimoveis.com.br/imovel/aluguel-cobertura-4-quartos-com-piscina-botafogo-rio-de-janeiro-204m2-id-2874132873/
duplicata de conteúdo (mesmo imóvel),Botafogo,Rua Assis Bueno,25000.0,0.0,305.0,,2873725700,https://www.zapimoveis.com.br/imovel/aluguel-predio-com-cozinha-botafogo-rio-de-janeiro-305m2-id-2873725700/
duplicata de conteúdo (mesmo imóvel),Botafogo,Rua da Passagem,6700.0,1350.0,80.0,2,2873611077,https://www.zapimoveis.com.br/imovel/aluguel-apartamento-2-quartos-mobiliado-botafogo-rio-de-janeiro-80m2-id-2873611077/
duplicata de conteúdo (mesmo imóvel),Botafogo,Praia Botafogo,8000.0,2616.0,103.0,,2873518476,https://www.zapimoveis.com.br/imovel/aluguel-loja-salao-com-elevador-botafogo-rio-de-janeiro-103m2-id-2873518476/
duplicata de conteúdo (mesmo imóvel),Botafogo,Rua Assis Bueno,25000.0,,305.0,,2873490573,https://www.zapimoveis.com.br/imovel/aluguel-predio-botafogo-rio-de-janeiro-305m2-id-2873490573/
duplicata de conteúdo (mesmo imóvel),Botafogo,Rua Arnaldo Quintela,25000.0,5533.0,244.0,,2872030116,https://www.zapimoveis.com.br/imovel/aluguel-conjunto-comercial-sala-com-interfone-botafogo-rio-de-janeiro-244m2-id-2872030116/
duplicata de conteúdo (mesmo imóvel),Botafogo,Rua Voluntários da Pátria,9000.0,3500.0,100.0,,2871312701,https://www.zapimoveis.com.br/imovel/aluguel-conjunto-comercial-sala-botafogo-rio-de-janeiro-100m2-id-2871312701/
duplicata de conteúdo (mesmo imóvel),Botafogo,Rua Voluntários da Pátria,9000.0,3500.0,100.0,,2871166878,https://www.zapimoveis.com.br/imovel/aluguel-conjunto-comercial-sala-botafogo-rio-de-janeiro-100m2-id-2871166878/
duplicata de conteúdo (mesmo imóvel),Botafogo,Rua Assis Bueno,25000.0,0.0,305.0,,2869435474,https://www.zapimoveis.com.br/imovel/aluguel-predio-botafogo-rio-de-janeiro-305m2-id-2869435474/
duplicata de conteúdo (mesmo imóvel),Botafogo,Avenida Pasteur,56070.0,21555.0,623.0,,2867298976,https://www.zapimoveis.com.br/imovel/aluguel-conjunto-comercial-sala-mobiliado-botafogo-rio-de-janeiro-623m2-id-2867298976/
duplicata de conteúdo (mesmo imóvel),Botafogo,Avenida Pasteur,56070.0,21555.0,623.0,,2867029161,https://www.zapimoveis.com.br/imovel/aluguel-conjunto-comercial-sala-com-cozinha-botafogo-rio-de-janeiro-623m2-id-2867029161/
duplicata de conteúdo (mesmo imóvel),Botafogo,Avenida Pasteur,66300.0,27000.0,780.0,,2867029258,https://www.zapimoveis.com.br/imovel/aluguel-conjunto-comercial-sala-mobiliado-botafogo-rio-de-janeiro-780m2-id-2867029258/
duplicata de conteúdo (mesmo imóvel),Botafogo,Rua Visconde de Ouro Preto,64000.0,25561.0,716.0,,2866915871,https://www.zapimoveis.com.br/imovel/aluguel-conjunto-comercial-sala-com-cozinha-botafogo-rio-de-janeiro-716m2-id-2866915871/
duplicata de conteúdo (mesmo imóvel),Botafogo,Rua Visconde de Ouro Preto,64000.0,25561.0,716.0,,2866913965,https://www.zapimoveis.com.br/imovel/aluguel-conjunto-comercial-sala-com-cozinha-botafogo-rio-de-janeiro-716m2-id-2866913965/
duplicata de conteúdo (mesmo imóvel),Botafogo,Rua Visconde de Ouro Preto,64000.0,25561.0,716.0,,2866915870,https://www.zapimoveis.com.br/imovel/aluguel-conjunto-comercial-sala-com-cozinha-botafogo-rio-de-janeiro-716m2-id-2866915870/
duplicata de conteúdo (mesmo imóvel),Botafogo,Rua Lauro Muller,31441.0,10356.0,242.0,,2866686469,https://www.zapimoveis.com.br/imovel/aluguel-conjunto-comercial-sala-com-copa-botafogo-rio-de-janeiro-242m2-id-2866686469/
duplicata de conteúdo (mesmo imóvel),Botafogo,Praia Botafogo,19500.0,7611.0,300.0,,2866243276,https://www.zapimoveis.com.br/imovel/aluguel-andar-laje-corporativa-com-ar-condicionado-botafogo-rio-de-janeiro-300m2-id-2866243276/
duplicata de conteúdo (mesmo imóvel),Botafogo,Rua Assis Bueno,25000.0,0.0,305.0,,2865512859,https://www.zapimoveis.com.br/imovel/aluguel-predio-com-interfone-botafogo-rio-de-janeiro-305m2-id-2865512859/
duplicata de conteúdo (mesmo imóvel),Botafogo,Rua Voluntários da Pátria,9000.0,3500.0,120.0,,2865156078,https://www.zapimoveis.com.br/imovel/aluguel-conjunto-comercial-sala-com-acesso-24-horas-botafogo-rio-de-janeiro-120m2-id-2865156078/
duplicata de conteúdo (mesmo imóvel),Botafogo,Rua Professor Álvaro Rodrigues,57475.0,15125.0,605.0,,2864161860,https://www.zapimoveis.com.br/imovel/aluguel-conjunto-comercial-sala-com-cozinha-botafogo-rio-de-janeiro-605m2-id-2864161860/
duplicata de conteúdo (mesmo imóvel),Botafogo,Rua Professor Álvaro Rodrigues,57475.0,15125.0,605.0,,2864161659,https://www.zapimoveis.com.br/imovel/aluguel-conjunto-comercial-sala-com-interfone-botafogo-rio-de-janeiro-605m2-id-2864161659/
duplicata de conteúdo (mesmo imóvel),Botafogo,Praia Botafogo,74880.0,12420.0,468.0,,2864159387,https://www.zapimoveis.com.br/imovel/aluguel-conjunto-comercial-sala-com-escritorio-botafogo-rio-de-janeiro-468m2-id-2864159387/
duplicata de conteúdo (mesmo imóvel),Botafogo,Rua Assis Bueno,25000.0,0.0,305.0,,2863471661,https://www.zapimoveis.com.br/imovel/aluguel-conjunto-comercial-sala-com-muros-e-grades-botafogo-rio-de-janeiro-305m2-id-2863471661/
duplicata de conteúdo (mesmo imóvel),Botafogo,Rua Assis Bueno,25000.0,,305.0,,2859504898,https://www.zapimoveis.com.br/imovel/aluguel-predio-botafogo-rio-de-janeiro-305m2-id-2859504898/
duplicata de conteúdo (mesmo imóvel),Botafogo,Rua Dezenove de Fevereiro,40000.0,,354.0,,2859504897,https://www.zapimoveis.com.br/imovel/aluguel-predio-botafogo-rio-de-janeiro-354m2-id-2859504897/
duplicata de conteúdo (mesmo imóvel),Botafogo,Rua Lauro Muller,16000.0,5648.0,134.0,,2858065877,https://www.zapimoveis.com.br/imovel/aluguel-conjunto-comercial-sala-botafogo-rio-de-janeiro-134m2-id-2858065877/
duplicata de conteúdo (mesmo imóvel),Botafogo,Avenida Pasteur,56070.0,21555.0,623.0,,2857855785,https://www.zapimoveis.com.br/imovel/aluguel-conjunto-comercial-sala-com-armario-de-cozinha-botafogo-rio-de-janeiro-623m2-id-2857855785/
duplicata de conteúdo (mesmo imóvel),Botafogo,Rua Visconde de Ouro Preto,64000.0,25561.0,716.0,,2855999117,https://www.zapimoveis.com.br/imovel/aluguel-conjunto-comercial-sala-mobiliado-botafogo-rio-de-janeiro-716m2-id-2855999117/
duplicata de conteúdo (mesmo imóvel),Botafogo,Avenida Pasteur,66300.0,27000.0,780.0,,2854841147,https://www.zapimoveis.com.br/imovel/aluguel-conjunto-comercial-sala-com-tv-a-cabo-botafogo-rio-de-janeiro-780m2-id-2854841147/
duplicata de conteúdo (mesmo imóvel),Botafogo,Rua Voluntários da Pátria,9000.0,3500.0,120.0,,2854771633,https://www.zapimoveis.com.br/imovel/aluguel-conjunto-comercial-sala-botafogo-rio-de-janeiro-120m2-id-2854771633/
duplicata de conteúdo (mesmo imóvel),Botafogo,Rua Voluntários da Pátria,9000.0,3500.0,110.0,,2854768177,https://www.zapimoveis.com.br/imovel/aluguel-conjunto-comercial-sala-com-tv-a-cabo-botafogo-rio-de-janeiro-110m2-id-2854768177/
duplicata de conteúdo (mesmo imóvel),Botafogo,Rua Dezenove de Fevereiro,40000.0,,354.0,,2852457226,https://www.zapimoveis.com.br/imovel/aluguel-predio-com-elevador-botafogo-rio-de-janeiro-354m2-id-2852457226/
duplicata de conteúdo (mesmo imóvel),Botafogo,Rua Assis Bueno,25000.0,,305.0,,2852457224,https://www.zapimoveis.com.br/imovel/aluguel-predio-botafogo-rio-de-janeiro-305m2-id-2852457224/
duplicata de conteúdo (mesmo imóvel),Botafogo,Rua Arnaldo Quintela,25000.0,5533.0,244.0,,2852446621,https://www.zapimoveis.com.br/imovel/aluguel-conjunto-comercial-sala-com-cozinha-botafogo-rio-de-janeiro-244m2-id-2852446621/
duplicata de conteúdo (mesmo imóvel),Botafogo,Rua Arnaldo Quintela,25000.0,5533.0,244.0,,2852437428,https://www.zapimoveis.com.br/imovel/aluguel-conjunto-comercial-sala-com-cozinha-botafogo-rio-de-janeiro-244m2-id-2852437428/
duplicata de conteúdo (mesmo imóvel),Botafogo,Rua Professor Álvaro Rodrigues,28500.0,7200.0,300.0,,2851867762,https://www.zapimoveis.com.br/imovel/aluguel-conjunto-comercial-sala-com-interfone-botafogo-rio-de-janeiro-300m2-id-2851867762/
duplicata de conteúdo (mesmo imóvel),Botafogo,Rua Professor Álvaro Rodrigues,39100.0,9900.0,411.0,,2851866598,https://www.zapimoveis.com.br/imovel/aluguel-conjunto-comercial-sala-com-interfone-botafogo-rio-de-janeiro-411m2-id-2851866598/
duplicata de conteúdo (mesmo imóvel),Botafogo,Rua Professor Álvaro Rodrigues,28500.0,7200.0,300.0,,2851867761,https://www.zapimoveis.com.br/imovel/aluguel-conjunto-comercial-sala-com-lavabo-botafogo-rio-de-janeiro-300m2-id-2851867761/
duplicata de conteúdo (mesmo imóvel),Botafogo,Praia Botafogo,19500.0,7611.0,300.0,,2850307052,https://www.zapimoveis.com.br/imovel/aluguel-conjunto-comercial-sala-com-copa-botafogo-rio-de-janeiro-300m2-id-2850307052/
duplicata de conteúdo (mesmo imóvel),Botafogo,Rua Arnaldo Quintela,25000.0,5532.0,244.0,,2846071622,https://www.zapimoveis.com.br/imovel/aluguel-conjunto-comercial-sala-botafogo-rio-de-janeiro-244m2-id-2846071622/
duplicata de conteúdo (mesmo imóvel),Botafogo,Praia Botafogo,23130.0,10930.0,257.0,,2845468856,https://www.zapimoveis.com.br/imovel/aluguel-conjunto-comercial-sala-botafogo-rio-de-janeiro-257m2-id-2845468856/
duplicata de conteúdo (mesmo imóvel),Botafogo,Rua São João Batista,22000.0,0.0,600.0,,2839991354,https://www.zapimoveis.com.br/imovel/aluguel-predio-botafogo-rio-de-janeiro-600m2-id-2839991354/
duplicata de conteúdo (mesmo imóvel),Botafogo,Rua São João Batista,22000.0,0.0,600.0,,2837386267,https://www.zapimoveis.com.br/imovel/aluguel-predio-com-cozinha-botafogo-rio-de-janeiro-600m2-id-2837386267/
duplicata de conteúdo (mesmo imóvel),Botafogo,Rua Professor Álvaro Rodrigues,57475.0,14600.0,605.0,,2837369917,https://www.zapimoveis.com.br/imovel/aluguel-conjunto-comercial-sala-com-ar-condicionado-botafogo-rio-de-janeiro-605m2-id-2837369917/
duplicata de conteúdo (mesmo imóvel),Botafogo,Rua Professor Álvaro Rodrigues,57475.0,14600.0,605.0,,2837368620,https://www.zapimoveis.com.br/imovel/aluguel-conjunto-comercial-sala-com-interfone-botafogo-rio-de-janeiro-605m2-id-2837368620/
duplicata de conteúdo (mesmo imóvel),Botafogo,Praia Botafogo,74880.0,12420.0,468.0,,2836698846,https://www.zapimoveis.com.br/imovel/aluguel-conjunto-comercial-sala-mobiliado-botafogo-rio-de-janeiro-468m2-id-2836698846/
duplicata de conteúdo (mesmo imóvel),Botafogo,Rua São João Batista,22000.0,0.0,600.0,,2833471730,https://www.zapimoveis.com.br/imovel/aluguel-predio-com-hall-de-entrada-botafogo-rio-de-janeiro-600m2-id-2833471730/
duplicata de conteúdo (mesmo imóvel),Botafogo,Rua Dezenove de Fevereiro,40000.0,324.0,354.0,,2831824436,https://www.zapimoveis.com.br/imovel/aluguel-predio-com-ar-condicionado-botafogo-rio-de-janeiro-354m2-id-2831824436/
duplicata de conteúdo (mesmo imóvel),Botafogo,Rua São João Batista,22000.0,0.0,600.0,,2830790831,https://www.zapimoveis.com.br/imovel/aluguel-predio-com-deposito-privativo-botafogo-rio-de-janeiro-600m2-id-2830790831/
duplicata de conteúdo (mesmo imóvel),Botafogo,Rua Voluntários da Pátria,9000.0,3500.0,112.0,,2830706130,https://www.zapimoveis.com.br/imovel/aluguel-conjunto-comercial-sala-botafogo-rio-de-janeiro-112m2-id-2830706130/
duplicata de conteúdo (mesmo imóvel),Botafogo,Rua São Clemente,48790.0,17250.0,574.0,,2830535495,https://www.zapimoveis.com.br/imovel/aluguel-conjunto-comercial-sala-mobiliado-botafogo-rio-de-janeiro-574m2-id-2830535495/
duplicata de conteúdo (mesmo imóvel),Botafogo,Rua São Clemente,42905.0,11095.0,477.0,,2830282842,https://www.zapimoveis.com.br/imovel/aluguel-conjunto-comercial-sala-mobiliado-botafogo-rio-de-janeiro-477m2-id-2830282842/
duplicata de conteúdo (mesmo imóvel),Botafogo,Rua São Clemente,64329.0,22704.0,757.0,,2830282836,https://www.zapimoveis.com.br/imovel/aluguel-conjunto-comercial-sala-mobiliado-botafogo-rio-de-janeiro-757m2-id-2830282836/
duplicata de conteúdo (mesmo imóvel),Botafogo,Rua São João Batista,22000.0,0.0,600.0,,2830259218,https://www.zapimoveis.com.br/imovel/aluguel-predio-botafogo-rio-de-janeiro-600m2-id-2830259218/
duplicata de conteúdo (mesmo imóvel),Botafogo,Rua Professor Álvaro Rodrigues,57475.0,15125.0,605.0,,2829349244,https://www.zapimoveis.com.br/imovel/aluguel-conjunto-comercial-sala-mobiliado-botafogo-rio-de-janeiro-605m2-id-2829349244/
duplicata de conteúdo (mesmo imóvel),Botafogo,Rua Professor Álvaro Rodrigues,35150.0,9990.0,370.0,,2829348818,https://www.zapimoveis.com.br/imovel/aluguel-conjunto-comercial-sala-mobiliado-botafogo-rio-de-janeiro-370m2-id-2829348818/
duplicata de conteúdo (mesmo imóvel),Botafogo,Rua Professor Álvaro Rodrigues,57475.0,15125.0,605.0,,2829347631,https://www.zapimoveis.com.br/imovel/aluguel-conjunto-comercial-sala-mobiliado-botafogo-rio-de-janeiro-605m2-id-2829347631/
duplicata de conteúdo (mesmo imóvel),Botafogo,Rua Voluntários da Pátria,9000.0,3500.0,120.0,,2827432546,https://www.zapimoveis.com.br/imovel/aluguel-conjunto-comercial-sala-com-tv-a-cabo-botafogo-rio-de-janeiro-120m2-id-2827432546/
duplicata de conteúdo (mesmo imóvel),Botafogo,Rua Lauro Muller,16000.0,5648.0,134.0,,2826637254,https://www.zapimoveis.com.br/imovel/aluguel-conjunto-comercial-sala-botafogo-rio-de-janeiro-134m2-id-2826637254/
duplicata de conteúdo (mesmo imóvel),Botafogo,Rua São João Batista,22000.0,,424.0,,2824975720,https://www.zapimoveis.com.br/imovel/aluguel-predio-com-janelas-grandes-botafogo-rio-de-janeiro-424m2-id-2824975720/
duplicata de conteúdo (mesmo imóvel),Botafogo,Rua Arnaldo Quintela,25000.0,5533.0,244.0,,2824741516,https://www.zapimoveis.com.br/imovel/aluguel-conjunto-comercial-sala-com-elevador-botafogo-rio-de-janeiro-244m2-id-2824741516/
duplicata de conteúdo (mesmo imóvel),Botafogo,Rua Marechal Niemeyer,40000.0,0.0,292.0,,2823494741,https://www.zapimoveis.com.br/imovel/aluguel-predio-botafogo-rio-de-janeiro-292m2-id-2823494741/
duplicata de conteúdo (mesmo imóvel),Botafogo,Rua Voluntários da Pátria,16000.0,7000.0,220.0,6,2820536447,https://www.zapimoveis.com.br/imovel/aluguel-conjunto-comercial-sala-6-quartos-com-ar-condicionado-botafogo-rio-de-janeiro-220m2-id-2820536447/
duplicata de conteúdo (mesmo imóvel),Botafogo,Rua Professor Álvaro Rodrigues,57475.0,14600.0,605.0,,2795117618,https://www.zapimoveis.com.br/imovel/aluguel-conjunto-comercial-sala-com-deposito-privativo-botafogo-rio-de-janeiro-605m2-id-2795117618/
duplicata de conteúdo (mesmo imóvel),Botafogo,Rua Professor Álvaro Rodrigues,57475.0,14600.0,605.0,,2791279267,https://www.zapimoveis.com.br/imovel/aluguel-conjunto-comercial-sala-com-ar-condicionado-botafogo-rio-de-janeiro-605m2-id-2791279267/
duplicata de conteúdo (mesmo imóvel),Botafogo,Rua São Clemente,9900.0,1.0,130.0,,2779919644,https://www.zapimoveis.com.br/imovel/aluguel-casa-com-ar-condicionado-botafogo-rio-de-janeiro-130m2-id-2779919644/
duplicata de conteúdo (mesmo imóvel),Botafogo,Rua Voluntários da Pátria,70000.0,,1206.0,,2760498522,https://www.zapimoveis.com.br/imovel/aluguel-predio-com-interfone-botafogo-rio-de-janeiro-1206m2-id-2760498522/
duplicata de conteúdo (mesmo imóvel),Botafogo,Rua Professor Álvaro Rodrigues,35150.0,9620.0,370.0,,2760356443,https://www.zapimoveis.com.br/imovel/aluguel-conjunto-comercial-sala-com-frente-para-o-mar-botafogo-rio-de-janeiro-370m2-id-2760356443/
duplicata de conteúdo (mesmo imóvel),Botafogo,Rua Voluntários da Pátria,9000.0,3500.0,110.0,,2757046132,https://www.zapimoveis.com.br/imovel/aluguel-conjunto-comercial-sala-botafogo-rio-de-janeiro-110m2-id-2757046132/
duplicata de conteúdo (mesmo imóvel),Botafogo,Rua da Passagem,450000.0,1.0,9600.0,,2757045233,https://www.zapimoveis.com.br/imovel/aluguel-predio-com-elevador-botafogo-rio-de-janeiro-9600m2-id-2757045233/
duplicata de conteúdo (mesmo imóvel),Botafogo,Rua Pinheiro Guimarães,90000.0,,8275.0,,2757045822,https://www.zapimoveis.com.br/imovel/aluguel-predio-com-tv-a-cabo-botafogo-rio-de-janeiro-8275m2-id-2757045822/
duplicata de conteúdo (mesmo imóvel),Botafogo,Rua Dezenove de Fevereiro,30000.0,10027.0,700.0,,2740957857,https://www.zapimoveis.com.br/imovel/aluguel-conjunto-comercial-sala-com-ar-condicionado-botafogo-rio-de-janeiro-700m2-id-2740957857/
duplicata de conteúdo (mesmo imóvel),Botafogo,Rua Dezenove de Fevereiro,30000.0,10027.0,700.0,,2740957856,https://www.zapimoveis.com.br/imovel/aluguel-conjunto-comercial-sala-com-ar-condicionado-botafogo-rio-de-janeiro-700m2-id-2740957856/
duplicata de conteúdo (mesmo imóvel),Botafogo,Rua Dezenove de Fevereiro,30000.0,10027.0,700.0,,2740957661,https://www.zapimoveis.com.br/imovel/aluguel-conjunto-comercial-sala-com-copa-botafogo-rio-de-janeiro-700m2-id-2740957661/
duplicata de conteúdo (mesmo imóvel),Botafogo,Rua Professor Álvaro Rodrigues,35150.0,9990.0,370.0,,2738855780,https://www.zapimoveis.com.br/imovel/aluguel-conjunto-comercial-sala-com-escritorio-botafogo-rio-de-janeiro-370m2-id-2738855780/
duplicata de conteúdo (mesmo imóvel),Botafogo,Rua Pinheiro Guimarães,90000.0,,8275.0,,2731067022,https://www.zapimoveis.com.br/imovel/aluguel-predio-com-armario-de-cozinha-botafogo-rio-de-janeiro-8275m2-id-2731067022/
duplicata de conteúdo (mesmo imóvel),Botafogo,Rua Lauro Muller,15000.0,5648.0,134.0,,2730569448,https://www.zapimoveis.com.br/imovel/aluguel-conjunto-comercial-sala-com-ar-condicionado-botafogo-rio-de-janeiro-134m2-id-2730569448/
duplicata de conteúdo (mesmo imóvel),Botafogo,Rua Visconde de Ouro Preto,60000.0,0.0,1213.0,,2690210595,https://www.zapimoveis.com.br/imovel/aluguel-predio-botafogo-rio-de-janeiro-1213m2-id-2690210595/
duplicata de conteúdo (mesmo imóvel),Botafogo,Rua Pinheiro Guimarães,80000.0,0.0,7235.0,,2636041974,https://www.zapimoveis.com.br/imovel/aluguel-predio-botafogo-rio-de-janeiro-7235m2-id-2636041974/
duplicata de conteúdo (mesmo imóvel),Botafogo,Praia Botafogo,63665.0,27086.0,749.0,,2582476379,https://www.zapimoveis.com.br/imovel/aluguel-andar-laje-corporativa-botafogo-rio-de-janeiro-749m2-id-2582476379/
duplicata de conteúdo (mesmo imóvel),Botafogo,Praia Botafogo,12000.0,3865.0,150.0,,2527743597,https://www.zapimoveis.com.br/imovel/aluguel-conjunto-comercial-sala-com-elevador-botafogo-rio-de-janeiro-150m2-id-2527743597/
duplicata de conteúdo (mesmo imóvel),Catete,Rua Artur Bernardes,6500.0,2500.0,200.0,3,2906872140,https://www.zapimoveis.com.br/imovel/aluguel-apartamento-3-quartos-com-blindex-catete-rio-de-janeiro-200m2-id-2906872140/
duplicata de conteúdo (mesmo imóvel),Catete,Rua Bento Lisboa,10000.0,1285.0,127.0,,2879802332,https://www.zapimoveis.com.br/imovel/aluguel-loja-salao-catete-rio-de-janeiro-127m2-id-2879802332/
duplicata de conteúdo (mesmo imóvel),Catete,Rua do Catete,3000.0,800.0,36.0,,2844199148,https://www.zapimoveis.com.br/imovel/aluguel-conjunto-comercial-sala-com-lavabo-catete-rio-de-janeiro-36m2-id-2844199148/
duplicata de conteúdo (mesmo imóvel),Copacabana,Rua Barata Ribeiro,2500.0,577.0,27.0,,2910221614,https://www.zapimoveis.com.br/imovel/aluguel-conjunto-comercial-sala-com-academia-copacabana-rio-de-janeiro-27m2-id-2910221614/
duplicata de conteúdo (mesmo imóvel),Copacabana,Rua Barata Ribeiro,3200.0,1100.0,47.0,2,2907990874,https://www.zapimoveis.com.br/imovel/aluguel-apartamento-2-quartos-copacabana-rio-de-janeiro-47m2-id-2907990874/
duplicata de conteúdo (mesmo imóvel),Copacabana,Rua Barata Ribeiro,8000.0,,85.0,,2907045890,https://www.zapimoveis.com.br/imovel/aluguel-loja-salao-mobiliado-copacabana-rio-de-janeiro-85m2-id-2907045890/
duplicata de conteúdo (mesmo imóvel),Copacabana,Rua Hilário de Gouveia,4000.0,900.0,30.0,1,2906822120,https://www.zapimoveis.com.br/imovel/aluguel-apartamento-1-quarto-com-acesso-24-horas-copacabana-rio-de-janeiro-30m2-id-2906822120/
duplicata de conteúdo (mesmo imóvel),Copacabana,Rua Leopoldo Miguez,3500.0,1101.0,46.0,1,2906660622,https://www.zapimoveis.com.br/imovel/aluguel-apartamento-1-quarto-copacabana-rio-de-janeiro-46m2-id-2906660622/
duplicata de conteúdo (mesmo imóvel),Copacabana,Rua Hilário de Gouveia,4000.0,900.0,30.0,1,2906421620,https://www.zapimoveis.com.br/imovel/aluguel-apartamento-1-quarto-mobiliado-copacabana-rio-de-janeiro-30m2-id-2906421620/
duplicata de conteúdo (mesmo imóvel),Copacabana,Rua Fernando Mendes,8500.0,1350.0,80.0,2,2905333547,https://www.zapimoveis.com.br/imovel/aluguel-apartamento-2-quartos-copacabana-rio-de-janeiro-80m2-id-2905333547/
duplicata de conteúdo (mesmo imóvel),Copacabana,Rua Siqueira Campos,3360.0,1793.0,84.0,,2905155174,https://www.zapimoveis.com.br/imovel/aluguel-conjunto-comercial-sala-copacabana-rio-de-janeiro-84m2-id-2905155174/
duplicata de conteúdo (mesmo imóvel),Copacabana,Rua Siqueira Campos,2520.0,1344.0,63.0,,2905162330,https://www.zapimoveis.com.br/imovel/aluguel-conjunto-comercial-sala-copacabana-rio-de-janeiro-63m2-id-2905162330/
duplicata de conteúdo (mesmo imóvel),Copacabana,Rua Siqueira Campos,2520.0,1344.0,63.0,,2905162232,https://www.zapimoveis.com.br/imovel/aluguel-conjunto-comercial-sala-copacabana-rio-de-janeiro-63m2-id-2905162232/
duplicata de conteúdo (mesmo imóvel),Copacabana,Rua Barata Ribeiro,6500.0,2153.0,118.0,3,2904856798,https://www.zapimoveis.com.br/imovel/aluguel-apartamento-3-quartos-com-elevador-copacabana-rio-de-janeiro-118m2-id-2904856798/
duplicata de conteúdo (mesmo imóvel),Copacabana,Rua Belfort Roxo,9500.0,791.0,40.0,1,2903968394,https://www.zapimoveis.com.br/imovel/aluguel-studio-1-quarto-mobiliado-copacabana-rio-de-janeiro-40m2-id-2903968394/
duplicata de conteúdo (mesmo imóvel),Copacabana,Rua Belfort Roxo,9500.0,791.0,40.0,1,2903948498,https://www.zapimoveis.com.br/imovel/aluguel-apartamento-1-quarto-com-cozinha-copacabana-rio-de-janeiro-40m2-id-2903948498/
duplicata de conteúdo (mesmo imóvel),Copacabana,Rua Hilário de Gouveia,4000.0,900.0,30.0,1,2903888050,https://www.zapimoveis.com.br/imovel/aluguel-apartamento-1-quarto-copacabana-rio-de-janeiro-30m2-id-2903888050/
duplicata de conteúdo (mesmo imóvel),Copacabana,Avenida Atlântica,10000.0,2200.0,120.0,3,2903834012,https://www.zapimoveis.com.br/imovel/aluguel-apartamento-3-quartos-mobiliado-copacabana-rio-de-janeiro-120m2-id-2903834012/
duplicata de conteúdo (mesmo imóvel),Copacabana,Rua Dias da Rocha,8900.0,1406.0,140.0,2,2903817468,https://www.zapimoveis.com.br/imovel/aluguel-apartamento-2-quartos-com-cozinha-americana-copacabana-rio-de-janeiro-140m2-id-2903817468/
duplicata de conteúdo (mesmo imóvel),Copacabana,Rua Hilário de Gouveia,4000.0,907.0,22.0,1,2903792597,https://www.zapimoveis.com.br/imovel/aluguel-apartamento-1-quarto-com-elevador-copacabana-rio-de-janeiro-22m2-id-2903792597/
duplicata de conteúdo (mesmo imóvel),Copacabana,Avenida Nossa Senhora de Copacabana,40000.0,827.0,330.0,,2903769907,https://www.zapimoveis.com.br/imovel/aluguel-loja-salao-com-ar-condicionado-copacabana-rio-de-janeiro-330m2-id-2903769907/
duplicata de conteúdo (mesmo imóvel),Copacabana,Avenida Atlântica,43200.0,11662.0,240.0,,2901945906,https://www.zapimoveis.com.br/imovel/aluguel-conjunto-comercial-sala-copacabana-rio-de-janeiro-240m2-id-2901945906/
duplicata de conteúdo (mesmo imóvel),Copacabana,Rua Belfort Roxo,11000.0,1528.0,110.0,3,2900946124,https://www.zapimoveis.com.br/imovel/aluguel-apartamento-3-quartos-com-elevador-copacabana-rio-de-janeiro-110m2-id-2900946124/
duplicata de conteúdo (mesmo imóvel),Copacabana,Avenida Atlântica,36000.0,9718.0,200.0,,2900407676,https://www.zapimoveis.com.br/imovel/aluguel-andar-laje-corporativa-com-piscina-copacabana-rio-de-janeiro-200m2-id-2900407676/
duplicata de conteúdo (mesmo imóvel),Copacabana,Avenida Atlântica,55620.0,15014.0,309.0,,2900400940,https://www.zapimoveis.com.br/imovel/aluguel-andar-laje-corporativa-com-piscina-copacabana-rio-de-janeiro-309m2-id-2900400940/
duplicata de conteúdo (mesmo imóvel),Cosme Velho,Rua Cosme Velho,17000.0,,116.0,6,2886723082,https://www.zapimoveis.com.br/imovel/aluguel-casa-6-quartos-com-piscina-cosme-velho-rio-de-janeiro-116m2-id-2886723082/
duplicata de conteúdo (mesmo imóvel),Cosme Velho,Ladeira do Ascurra,10000.0,,4500.0,,2757045037,https://www.zapimoveis.com.br/imovel/aluguel-terreno-lote-comercial-cosme-velho-rio-de-janeiro-4500m2-id-2757045037/
duplicata de conteúdo (mesmo imóvel),Flamengo,Praia do Flamengo,1500.0,1359.0,30.0,,2909124839,https://www.zapimoveis.com.br/imovel/aluguel-conjunto-comercial-sala-flamengo-rio-de-janeiro-30m2-id-2909124839/
duplicata de conteúdo (mesmo imóvel),Flamengo,Rua Machado de Assis,8000.0,1350.0,110.0,3,2906777445,https://www.zapimoveis.com.br/imovel/aluguel-apartamento-3-quartos-mobiliado-flamengo-rio-de-janeiro-110m2-id-2906777445/
duplicata de conteúdo (mesmo imóvel),Flamengo,Rua Marquês de Abrantes,6500.0,1440.0,102.0,3,2900178566,https://www.zapimoveis.com.br/imovel/aluguel-apartamento-3-quartos-com-blindex-flamengo-rio-de-janeiro-102m2-id-2900178566/
duplicata de conteúdo (mesmo imóvel),Flamengo,Praia do Flamengo,16521.0,5200.0,174.0,,2887097577,https://www.zapimoveis.com.br/imovel/aluguel-conjunto-comercial-sala-mobiliado-flamengo-rio-de-janeiro-174m2-id-2887097577/
duplicata de conteúdo (mesmo imóvel),Flamengo,Praia do Flamengo,17019.0,5200.0,180.0,,2887097576,https://www.zapimoveis.com.br/imovel/aluguel-conjunto-comercial-sala-com-escritorio-flamengo-rio-de-janeiro-180m2-id-2887097576/
duplicata de conteúdo (mesmo imóvel),Flamengo,Rua do Pinheiro,5799.0,373.0,32.0,1,2883631116,https://www.zapimoveis.com.br/imovel/aluguel-loja-salao-1-quarto-flamengo-rio-de-janeiro-32m2-id-2883631116/
duplicata de conteúdo (mesmo imóvel),Flamengo,Rua Marquês de Abrantes,19000.0,9103.0,290.0,,2757045528,https://www.zapimoveis.com.br/imovel/aluguel-andar-laje-corporativa-com-janelas-de-aluminio-flamengo-rio-de-janeiro-290m2-id-2757045528/
duplicata de conteúdo (mesmo imóvel),Flamengo,Praia do Flamengo,8350.0,960.0,90.0,2,2223355786,https://www.zapimoveis.com.br/imovel/aluguel-apartamento-2-quartos-com-ventilacao-natural-flamengo-rio-de-janeiro-90m2-id-2223355786/
duplicata de conteúdo (mesmo imóvel),Gávea,Rua General Rabelo,7800.0,900.0,95.0,2,2906192215,https://www.zapimoveis.com.br/imovel/aluguel-apartamento-2-quartos-com-ar-condicionado-gavea-rio-de-janeiro-95m2-id-2906192215/
duplicata de conteúdo (mesmo imóvel),Gávea,Rua General Rabelo,7800.0,900.0,95.0,2,2906122633,https://www.zapimoveis.com.br/imovel/aluguel-apartamento-2-quartos-gavea-rio-de-janeiro-95m2-id-2906122633/
duplicata de conteúdo (mesmo imóvel),Gávea,Rua Marquês de São Vicente,5500.0,3144.0,38.0,,2899276807,https://www.zapimoveis.com.br/imovel/aluguel-loja-salao-com-patio-estacionamento-gavea-rio-de-janeiro-38m2-id-2899276807/
duplicata de conteúdo (mesmo imóvel),Gávea,Rua Marquês de São Vicente,5000.0,2751.0,72.0,,2895557912,https://www.zapimoveis.com.br/imovel/aluguel-loja-salao-com-lavabo-gavea-rio-de-janeiro-72m2-id-2895557912/
duplicata de conteúdo (mesmo imóvel),Gávea,Rua Marquês de São Vicente,5000.0,2751.0,72.0,,2895365083,https://www.zapimoveis.com.br/imovel/aluguel-loja-salao-com-lavabo-gavea-rio-de-janeiro-72m2-id-2895365083/
duplicata de conteúdo (mesmo imóvel),Gávea,Rua dos Oitis,25000.0,0.0,140.0,,2893366176,https://www.zapimoveis.com.br/imovel/aluguel-casa-gavea-rio-de-janeiro-140m2-id-2893366176/
duplicata de conteúdo (mesmo imóvel),Gávea,Rua Marquês de São Vicente,5000.0,2692.0,72.0,,2875546190,https://www.zapimoveis.com.br/imovel/aluguel-loja-salao-com-ar-condicionado-gavea-rio-de-janeiro-72m2-id-2875546190/
duplicata de conteúdo (mesmo imóvel),Gávea,Rua Marquês de São Vicente,7900.0,3950.0,75.0,,2757045820,https://www.zapimoveis.com.br/imovel/aluguel-loja-salao-com-ar-condicionado-gavea-rio-de-janeiro-75m2-id-2757045820/
duplicata de conteúdo (mesmo imóvel),Gávea,Rua Marquês de São Vicente,12000.0,3700.0,72.0,,2757045819,https://www.zapimoveis.com.br/imovel/aluguel-loja-salao-com-ar-condicionado-gavea-rio-de-janeiro-72m2-id-2757045819/
duplicata de conteúdo (mesmo imóvel),Glória,Rua da Glória,5000.0,10967.0,328.0,,2899360386,https://www.zapimoveis.com.br/imovel/aluguel-andar-laje-corporativa-com-seguranca-interna-gloria-rio-de-janeiro-328m2-id-2899360386/
duplicata de conteúdo (mesmo imóvel),Glória,Rua da Glória,143000.0,35816.0,1628.0,,2892561276,https://www.zapimoveis.com.br/imovel/aluguel-andar-laje-corporativa-gloria-rio-de-janeiro-1628m2-id-2892561276/
duplicata de conteúdo (mesmo imóvel),Glória,Rua da Glória,5500.0,4064.0,160.0,,2837051822,https://www.zapimoveis.com.br/imovel/aluguel-conjunto-comercial-sala-com-janelas-grandes-gloria-rio-de-janeiro-160m2-id-2837051822/
duplicata de conteúdo (mesmo imóvel),Glória,Rua da Glória,4000.0,2775.0,120.0,,2834664644,https://www.zapimoveis.com.br/imovel/aluguel-conjunto-comercial-sala-gloria-rio-de-janeiro-120m2-id-2834664644/
duplicata de conteúdo (mesmo imóvel),Glória,Rua da Glória,69190.0,30932.0,814.0,,2810377321,https://www.zapimoveis.com.br/imovel/aluguel-conjunto-comercial-sala-com-deposito-privativo-gloria-rio-de-janeiro-814m2-id-2810377321/
duplicata de conteúdo (mesmo imóvel),Glória,Rua da Glória,69190.0,30932.0,814.0,,2810377132,https://www.zapimoveis.com.br/imovel/aluguel-conjunto-comercial-sala-com-ar-condicionado-gloria-rio-de-janeiro-814m2-id-2810377132/
duplicata de conteúdo (mesmo imóvel),Glória,Rua da Glória,69190.0,30932.0,814.0,,2810377131,https://www.zapimoveis.com.br/imovel/aluguel-conjunto-comercial-sala-com-tv-a-cabo-gloria-rio-de-janeiro-814m2-id-2810377131/
duplicata de conteúdo (mesmo imóvel),Glória,Rua da Glória,69190.0,30932.0,814.0,,2810377230,https://www.zapimoveis.com.br/imovel/aluguel-conjunto-comercial-sala-com-cozinha-gloria-rio-de-janeiro-814m2-id-2810377230/
duplicata de conteúdo (mesmo imóvel),Glória,Rua da Glória,138380.0,60278.0,1628.0,,2809837616,https://www.zapimoveis.com.br/imovel/aluguel-conjunto-comercial-sala-com-copa-gloria-rio-de-janeiro-1628m2-id-2809837616/
duplicata de conteúdo (mesmo imóvel),Glória,Rua da Glória,138380.0,60278.0,1628.0,,2809836034,https://www.zapimoveis.com.br/imovel/aluguel-conjunto-comercial-sala-com-deposito-privativo-gloria-rio-de-janeiro-1628m2-id-2809836034/
duplicata de conteúdo (mesmo imóvel),Botafogo,Rua Mena Barreto,12000.0,1700.0,107.0,4,2908232528,https://www.zapimoveis.com.br/imovel/aluguel-apartamento-4-quartos-com-piscina-botafogo-rio-de-janeiro-107m2-id-2908232528/
duplicata de conteúdo (mesmo imóvel),Humaitá,Rua Capitão Salomão,40000.0,,369.0,,2906883575,https://www.zapimoveis.com.br/imovel/aluguel-predio-com-janelas-de-aluminio-humaita-rio-de-janeiro-369m2-id-2906883575/
duplicata de conteúdo (mesmo imóvel),Humaitá,Rua Capitão Salomão,40000.0,0.0,369.0,,2905707017,https://www.zapimoveis.com.br/imovel/aluguel-predio-humaita-rio-de-janeiro-369m2-id-2905707017/
duplicata de conteúdo (mesmo imóvel),Humaitá,Rua Capitão Salomão,40000.0,,369.0,,2903134612,https://www.zapimoveis.com.br/imovel/aluguel-loja-salao-humaita-rio-de-janeiro-369m2-id-2903134612/
duplicata de conteúdo (mesmo imóvel),Humaitá,Rua Visconde de Silva,14000.0,3000.0,260.0,4,2900375008,https://www.zapimoveis.com.br/imovel/aluguel-cobertura-4-quartos-mobiliado-humaita-rio-de-janeiro-260m2-id-2900375008/
duplicata de conteúdo (mesmo imóvel),Humaitá,Rua Capitão Salomão,40000.0,,369.0,,2899018678,https://www.zapimoveis.com.br/imovel/aluguel-predio-com-varanda-humaita-rio-de-janeiro-369m2-id-2899018678/
duplicata de conteúdo (mesmo imóvel),Humaitá,Rua do Humaitá,13000.0,250.0,256.0,,2898794540,https://www.zapimoveis.com.br/imovel/aluguel-loja-salao-humaita-rio-de-janeiro-256m2-id-2898794540/
duplicata de conteúdo (mesmo imóvel),Humaitá,Rua Capitão Salomão,40000.0,,369.0,,2898741006,https://www.zapimoveis.com.br/imovel/aluguel-conjunto-comercial-sala-humaita-rio-de-janeiro-369m2-id-2898741006/
duplicata de conteúdo (mesmo imóvel),Humaitá,Rua Capitão Salomão,40000.0,0.0,369.0,,2893993787,https://www.zapimoveis.com.br/imovel/aluguel-predio-com-ar-condicionado-humaita-rio-de-janeiro-369m2-id-2893993787/
duplicata de conteúdo (mesmo imóvel),Humaitá,Rua do Humaitá,13000.0,250.0,256.0,,2891911758,https://www.zapimoveis.com.br/imovel/aluguel-loja-salao-humaita-rio-de-janeiro-256m2-id-2891911758/
duplicata de conteúdo (mesmo imóvel),Humaitá,Rua Capitão Salomão,40000.0,0.0,369.0,,2890895199,https://www.zapimoveis.com.br/imovel/aluguel-predio-com-elevador-humaita-rio-de-janeiro-369m2-id-2890895199/
duplicata de conteúdo (mesmo imóvel),Humaitá,Rua do Humaitá,13000.0,250.0,256.0,,2890722080,https://www.zapimoveis.com.br/imovel/aluguel-loja-salao-humaita-rio-de-janeiro-256m2-id-2890722080/
duplicata de conteúdo (mesmo imóvel),Humaitá,Rua do Humaitá,13000.0,250.0,256.0,,2889765842,https://www.zapimoveis.com.br/imovel/aluguel-loja-salao-humaita-rio-de-janeiro-256m2-id-2889765842/
duplicata de conteúdo (mesmo imóvel),Humaitá,Rua Capitão Salomão,40000.0,,369.0,,2889189795,https://www.zapimoveis.com.br/imovel/aluguel-predio-humaita-rio-de-janeiro-369m2-id-2889189795/
duplicata de conteúdo (mesmo imóvel),Humaitá,Rua do Humaitá,13000.0,250.0,265.0,,2888325380,https://www.zapimoveis.com.br/imovel/aluguel-loja-salao-humaita-rio-de-janeiro-265m2-id-2888325380/
duplicata de conteúdo (mesmo imóvel),Humaitá,Rua do Humaitá,13000.0,250.0,265.0,,2888321518,https://www.zapimoveis.com.br/imovel/aluguel-loja-salao-humaita-rio-de-janeiro-265m2-id-2888321518/
duplicata de conteúdo (mesmo imóvel),Humaitá,Rua do Humaitá,13000.0,250.0,256.0,,2887723291,https://www.zapimoveis.com.br/imovel/aluguel-loja-salao-humaita-rio-de-janeiro-256m2-id-2887723291/
duplicata de conteúdo (mesmo imóvel),Humaitá,Rua Capitão Salomão,40000.0,,369.0,,2887662377,https://www.zapimoveis.com.br/imovel/aluguel-predio-com-ar-condicionado-humaita-rio-de-janeiro-369m2-id-2887662377/
duplicata de conteúdo (mesmo imóvel),Humaitá,Rua Capitão Salomão,40000.0,,369.0,,2887605282,https://www.zapimoveis.com.br/imovel/aluguel-predio-com-elevador-humaita-rio-de-janeiro-369m2-id-2887605282/
duplicata de conteúdo (mesmo imóvel),Humaitá,Rua Capitão Salomão,40000.0,,369.0,,2886547188,https://www.zapimoveis.com.br/imovel/aluguel-predio-com-elevador-humaita-rio-de-janeiro-369m2-id-2886547188/
duplicata de conteúdo (mesmo imóvel),Humaitá,Rua do Humaitá,13000.0,250.0,256.0,,2884764480,https://www.zapimoveis.com.br/imovel/aluguel-loja-salao-humaita-rio-de-janeiro-256m2-id-2884764480/
duplicata de conteúdo (mesmo imóvel),Humaitá,Rua Capitão Salomão,40000.0,0.0,369.0,,2883074034,https://www.zapimoveis.com.br/imovel/aluguel-predio-humaita-rio-de-janeiro-369m2-id-2883074034/
duplicata de conteúdo (mesmo imóvel),Humaitá,Rua do Humaitá,13000.0,250.0,265.0,,2881509576,https://www.zapimoveis.com.br/imovel/aluguel-loja-salao-com-ar-condicionado-humaita-rio-de-janeiro-265m2-id-2881509576/
duplicata de conteúdo (mesmo imóvel),Humaitá,Rua do Humaitá,13000.0,250.0,256.0,,2881301373,https://www.zapimoveis.com.br/imovel/aluguel-conjunto-comercial-sala-humaita-rio-de-janeiro-256m2-id-2881301373/
duplicata de conteúdo (mesmo imóvel),Humaitá,Rua Visconde de Silva,14000.0,3000.0,260.0,4,2880940376,https://www.zapimoveis.com.br/imovel/aluguel-cobertura-4-quartos-com-piscina-humaita-rio-de-janeiro-260m2-id-2880940376/
duplicata de conteúdo (mesmo imóvel),Humaitá,Rua do Humaitá,13000.0,250.0,256.0,,2880919777,https://www.zapimoveis.com.br/imovel/aluguel-loja-salao-humaita-rio-de-janeiro-256m2-id-2880919777/
duplicata de conteúdo (mesmo imóvel),Humaitá,Rua do Humaitá,13000.0,250.0,256.0,,2880468878,https://www.zapimoveis.com.br/imovel/aluguel-loja-salao-humaita-rio-de-janeiro-256m2-id-2880468878/
duplicata de conteúdo (mesmo imóvel),Humaitá,Rua do Humaitá,13000.0,250.0,256.0,,2879485075,https://www.zapimoveis.com.br/imovel/aluguel-loja-salao-com-ambientes-integrados-humaita-rio-de-janeiro-256m2-id-2879485075/
duplicata de conteúdo (mesmo imóvel),Humaitá,Rua Capitão Salomão,40000.0,,369.0,,2877302093,https://www.zapimoveis.com.br/imovel/aluguel-predio-com-interfone-humaita-rio-de-janeiro-369m2-id-2877302093/
duplicata de conteúdo (mesmo imóvel),Humaitá,Rua Capitão Salomão,40000.0,,369.0,,2877197406,https://www.zapimoveis.com.br/imovel/aluguel-predio-humaita-rio-de-janeiro-369m2-id-2877197406/
duplicata de conteúdo (mesmo imóvel),Humaitá,Rua Capitão Salomão,40000.0,1407.0,369.0,,2875536691,https://www.zapimoveis.com.br/imovel/aluguel-predio-humaita-rio-de-janeiro-369m2-id-2875536691/
duplicata de conteúdo (mesmo imóvel),Humaitá,Largo do Humaitá,59529.0,10604.0,372.0,,2875063195,https://www.zapimoveis.com.br/imovel/aluguel-conjunto-comercial-sala-mobiliado-humaita-rio-de-janeiro-372m2-id-2875063195/
duplicata de conteúdo (mesmo imóvel),Humaitá,Rua Capitão Salomão,40000.0,,369.0,,2874654932,https://www.zapimoveis.com.br/imovel/aluguel-predio-humaita-rio-de-janeiro-369m2-id-2874654932/
duplicata de conteúdo (mesmo imóvel),Humaitá,Rua Capitão Salomão,40000.0,0.0,369.0,,2874622203,https://www.zapimoveis.com.br/imovel/aluguel-predio-humaita-rio-de-janeiro-369m2-id-2874622203/
duplicata de conteúdo (mesmo imóvel),Humaitá,Rua Capitão Salomão,40000.0,0.0,369.0,,2873726677,https://www.zapimoveis.com.br/imovel/aluguel-predio-humaita-rio-de-janeiro-369m2-id-2873726677/
duplicata de conteúdo (mesmo imóvel),Humaitá,Rua Capitão Salomão,40000.0,0.0,369.0,,2872578675,https://www.zapimoveis.com.br/imovel/aluguel-predio-com-tv-a-cabo-humaita-rio-de-janeiro-369m2-id-2872578675/
duplicata de conteúdo (mesmo imóvel),Humaitá,Rua Capitão Salomão,40000.0,1407.0,369.0,,2871902683,https://www.zapimoveis.com.br/imovel/aluguel-predio-com-area-de-servico-humaita-rio-de-janeiro-369m2-id-2871902683/
duplicata de conteúdo (mesmo imóvel),Humaitá,Rua Capitão Salomão,40000.0,0.0,369.0,,2871771596,https://www.zapimoveis.com.br/imovel/aluguel-conjunto-comercial-sala-humaita-rio-de-janeiro-369m2-id-2871771596/
duplicata de conteúdo (mesmo imóvel),Humaitá,Rua Capitão Salomão,40000.0,0.0,369.0,,2869010781,https://www.zapimoveis.com.br/imovel/aluguel-predio-com-interfone-humaita-rio-de-janeiro-369m2-id-2869010781/
duplicata de conteúdo (mesmo imóvel),Humaitá,Rua do Humaitá,13000.0,250.0,256.0,,2868269163,https://www.zapimoveis.com.br/imovel/aluguel-loja-salao-humaita-rio-de-janeiro-256m2-id-2868269163/
duplicata de conteúdo (mesmo imóvel),Humaitá,Rua do Humaitá,13000.0,250.0,256.0,,2867903080,https://www.zapimoveis.com.br/imovel/aluguel-loja-salao-humaita-rio-de-janeiro-256m2-id-2867903080/
duplicata de conteúdo (mesmo imóvel),Humaitá,Rua do Humaitá,13000.0,250.0,256.0,,2866502984,https://www.zapimoveis.com.br/imovel/aluguel-loja-salao-com-ambientes-integrados-humaita-rio-de-janeiro-256m2-id-2866502984/
duplicata de conteúdo (mesmo imóvel),Humaitá,Rua do Humaitá,13000.0,250.0,256.0,,2865145177,https://www.zapimoveis.com.br/imovel/aluguel-loja-salao-com-ar-condicionado-humaita-rio-de-janeiro-256m2-id-2865145177/
duplicata de conteúdo (mesmo imóvel),Humaitá,Rua do Humaitá,13000.0,250.0,256.0,,2865000960,https://www.zapimoveis.com.br/imovel/aluguel-loja-salao-humaita-rio-de-janeiro-256m2-id-2865000960/
duplicata de conteúdo (mesmo imóvel),Humaitá,Rua Capitão Salomão,40000.0,,369.0,,2861145179,https://www.zapimoveis.com.br/imovel/aluguel-predio-com-elevador-humaita-rio-de-janeiro-369m2-id-2861145179/
duplicata de conteúdo (mesmo imóvel),Humaitá,Rua do Humaitá,13000.0,,265.0,,2857553275,https://www.zapimoveis.com.br/imovel/aluguel-loja-salao-humaita-rio-de-janeiro-265m2-id-2857553275/
duplicata de conteúdo (mesmo imóvel),Humaitá,Rua do Humaitá,13000.0,250.0,256.0,,2857186593,https://www.zapimoveis.com.br/imovel/aluguel-loja-salao-humaita-rio-de-janeiro-256m2-id-2857186593/
duplicata de conteúdo (mesmo imóvel),Humaitá,Rua Capitão Salomão,40000.0,0.0,369.0,,2854703614,https://www.zapimoveis.com.br/imovel/aluguel-predio-humaita-rio-de-janeiro-369m2-id-2854703614/
duplicata de conteúdo (mesmo imóvel),Humaitá,Rua Capitão Salomão,40000.0,,369.0,,2852457225,https://www.zapimoveis.com.br/imovel/aluguel-predio-com-elevador-humaita-rio-de-janeiro-369m2-id-2852457225/
duplicata de conteúdo (mesmo imóvel),Humaitá,Rua Capitão Salomão,40000.0,1500.0,369.0,,2852099351,https://www.zapimoveis.com.br/imovel/aluguel-predio-com-elevador-humaita-rio-de-janeiro-369m2-id-2852099351/
duplicata de conteúdo (mesmo imóvel),Humaitá,Rua Capitão Salomão,40000.0,0.0,369.0,,2850939119,https://www.zapimoveis.com.br/imovel/aluguel-predio-humaita-rio-de-janeiro-369m2-id-2850939119/
duplicata de conteúdo (mesmo imóvel),Humaitá,Rua do Humaitá,86312.0,11329.0,539.0,,2829347623,https://www.zapimoveis.com.br/imovel/aluguel-conjunto-comercial-sala-mobiliado-humaita-rio-de-janeiro-539m2-id-2829347623/
duplicata de conteúdo (mesmo imóvel),Humaitá,Rua Capitão Salomão,40000.0,,370.0,,2823798031,https://www.zapimoveis.com.br/imovel/aluguel-predio-com-elevador-humaita-rio-de-janeiro-370m2-id-2823798031/
duplicata de conteúdo (mesmo imóvel),Humaitá,Rua Capitão Salomão,40000.0,0.0,369.0,,2814920527,https://www.zapimoveis.com.br/imovel/aluguel-conjunto-comercial-sala-mobiliado-humaita-rio-de-janeiro-369m2-id-2814920527/
duplicata de conteúdo (mesmo imóvel),Humaitá,Rua Capitão Salomão,40000.0,,369.0,,2813499117,https://www.zapimoveis.com.br/imovel/aluguel-predio-com-copa-humaita-rio-de-janeiro-369m2-id-2813499117/
duplicata de conteúdo (mesmo imóvel),Humaitá,Rua Capitão Salomão,40000.0,0.0,369.0,,2809504632,https://www.zapimoveis.com.br/imovel/aluguel-predio-com-seguranca-interna-humaita-rio-de-janeiro-369m2-id-2809504632/
duplicata de conteúdo (mesmo imóvel),Humaitá,Rua Capitão Salomão,40000.0,1407.0,369.0,,2806827752,https://www.zapimoveis.com.br/imovel/aluguel-conjunto-comercial-sala-com-copa-humaita-rio-de-janeiro-369m2-id-2806827752/
duplicata de conteúdo (mesmo imóvel),Humaitá,Rua do Humaitá,86240.0,11319.0,539.0,,2799763417,https://www.zapimoveis.com.br/imovel/aluguel-conjunto-comercial-sala-com-interfone-humaita-rio-de-janeiro-539m2-id-2799763417/
duplicata de conteúdo (mesmo imóvel),Humaitá,Rua do Humaitá,86240.0,11319.0,539.0,,2791665828,https://www.zapimoveis.com.br/imovel/aluguel-conjunto-comercial-sala-mobiliado-humaita-rio-de-janeiro-539m2-id-2791665828/
duplicata de conteúdo (mesmo imóvel),Humaitá,Rua Capitão Salomão,20000.0,1.0,345.0,2,2790847615,https://www.zapimoveis.com.br/imovel/aluguel-predio-2-quartos-com-janelas-grandes-humaita-rio-de-janeiro-345m2-id-2790847615/
duplicata de conteúdo (mesmo imóvel),Humaitá,Rua General Dionísio,30000.0,,1000.0,,2757044642,https://www.zapimoveis.com.br/imovel/aluguel-predio-humaita-rio-de-janeiro-1000m2-id-2757044642/
duplicata de conteúdo (mesmo imóvel),Ipanema,Rua Farme de Amoedo,47000.0,5641.0,170.0,,2909912013,https://www.zapimoveis.com.br/imovel/aluguel-conjunto-comercial-sala-com-ar-condicionado-ipanema-rio-de-janeiro-170m2-id-2909912013/
duplicata de conteúdo (mesmo imóvel),Ipanema,Rua Visconde de Pirajá,6000.0,2000.0,44.0,2,2909574619,https://www.zapimoveis.com.br/imovel/aluguel-loja-salao-2-quartos-com-seguranca-interna-ipanema-rio-de-janeiro-44m2-id-2909574619/
duplicata de conteúdo (mesmo imóvel),Ipanema,Rua Almirante Saddock de Sá,13000.0,2480.0,159.0,3,2909316118,https://www.zapimoveis.com.br/imovel/aluguel-apartamento-3-quartos-com-lavanderia-coletiva-ipanema-rio-de-janeiro-159m2-id-2909316118/
duplicata de conteúdo (mesmo imóvel),Ipanema,Rua Barão da Torre,14000.0,2030.0,177.0,4,2909169321,https://www.zapimoveis.com.br/imovel/aluguel-cobertura-4-quartos-com-piscina-ipanema-rio-de-janeiro-177m2-id-2909169321/
duplicata de conteúdo (mesmo imóvel),Ipanema,,29000.0,4900.0,215.0,3,2908295771,https://www.zapimoveis.com.br/imovel/aluguel-apartamento-3-quartos-com-area-de-servico-ipanema-rio-de-janeiro-215m2-id-2908295771/
duplicata de conteúdo (mesmo imóvel),Ipanema,Rua Barão da Torre,19500.0,100.0,177.0,3,2908297428,https://www.zapimoveis.com.br/imovel/aluguel-casa-de-vila-3-quartos-mobiliado-ipanema-rio-de-janeiro-177m2-id-2908297428/
duplicata de conteúdo (mesmo imóvel),Ipanema,Rua Alberto de Campos,42000.0,2020.0,300.0,3,2908282128,https://www.zapimoveis.com.br/imovel/aluguel-cobertura-3-quartos-com-acesso-24-horas-ipanema-rio-de-janeiro-300m2-id-2908282128/
duplicata de conteúdo (mesmo imóvel),Ipanema,Rua Farme de Amoedo,11900.0,1150.0,70.0,2,2908184356,https://www.zapimoveis.com.br/imovel/aluguel-apartamento-2-quartos-ipanema-rio-de-janeiro-70m2-id-2908184356/
duplicata de conteúdo (mesmo imóvel),Ipanema,Rua Nascimento Silva,15000.0,2540.0,130.0,2,2907988956,https://www.zapimoveis.com.br/imovel/aluguel-apartamento-2-quartos-com-ambientes-integrados-ipanema-rio-de-janeiro-130m2-id-2907988956/
duplicata de conteúdo (mesmo imóvel),Ipanema,,22000.0,3525.0,200.0,4,2907099731,https://www.zapimoveis.com.br/imovel/aluguel-apartamento-4-quartos-com-ar-condicionado-ipanema-rio-de-janeiro-200m2-id-2907099731/
duplicata de conteúdo (mesmo imóvel),Ipanema,Rua Farme de Amoedo,11900.0,1150.0,70.0,2,,
duplicata de conteúdo (mesmo imóvel),Ipanema,,9490.0,3713.0,76.0,1,2906872638,https://www.zapimoveis.com.br/imovel/aluguel-apartamento-1-quarto-mobiliado-ipanema-rio-de-janeiro-76m2-id-2906872638/
duplicata de conteúdo (mesmo imóvel),Ipanema,Rua Jangadeiros,7500.0,,27.0,,2906850855,https://www.zapimoveis.com.br/imovel/aluguel-loja-salao-ipanema-rio-de-janeiro-27m2-id-2906850855/
duplicata de conteúdo (mesmo imóvel),Ipanema,Rua Alberto de Campos,21900.0,2613.0,145.0,2,2906391229,https://www.zapimoveis.com.br/imovel/aluguel-cobertura-2-quartos-com-elevador-ipanema-rio-de-janeiro-145m2-id-2906391229/
duplicata de conteúdo (mesmo imóvel),Ipanema,Rua Visconde de Pirajá,4200.0,1687.0,25.0,,2905939881,https://www.zapimoveis.com.br/imovel/aluguel-conjunto-comercial-sala-ipanema-rio-de-janeiro-25m2-id-2905939881/
duplicata de conteúdo (mesmo imóvel),Ipanema,Rua Prudente de Morais,8500.0,2948.0,52.0,1,2905540979,https://www.zapimoveis.com.br/imovel/aluguel-flat-1-quarto-ipanema-rio-de-janeiro-52m2-id-2905540979/
duplicata de conteúdo (mesmo imóvel),Ipanema,Rua Visconde de Pirajá,32780.0,1732.0,135.0,,2905104809,https://www.zapimoveis.com.br/imovel/aluguel-conjunto-comercial-sala-com-interfone-ipanema-rio-de-janeiro-135m2-id-2905104809/
duplicata de conteúdo (mesmo imóvel),Ipanema,Avenida Rainha Elizabeth da Bélgica,16900.0,3446.0,130.0,2,2904915416,https://www.zapimoveis.com.br/imovel/aluguel-apartamento-2-quartos-mobiliado-ipanema-rio-de-janeiro-130m2-id-2904915416/
duplicata de conteúdo (mesmo imóvel),Ipanema,Rua Visconde de Pirajá,14000.0,2800.0,140.0,3,,
duplicata de conteúdo (mesmo imóvel),Ipanema,Rua Almirante Saddock de Sá,8000.0,3000.0,65.0,1,2904645915,https://www.zapimoveis.com.br/imovel/aluguel-cobertura-1-quarto-mobiliado-ipanema-rio-de-janeiro-65m2-id-2904645915/
duplicata de conteúdo (mesmo imóvel),Ipanema,Rua Visconde de Pirajá,12000.0,1900.0,130.0,3,2904095646,https://www.zapimoveis.com.br/imovel/aluguel-apartamento-3-quartos-com-tv-a-cabo-ipanema-rio-de-janeiro-130m2-id-2904095646/
duplicata de conteúdo (mesmo imóvel),Ipanema,Rua Barão de Jaguaripe,22000.0,2700.0,220.0,3,2903632825,https://www.zapimoveis.com.br/imovel/aluguel-cobertura-3-quartos-mobiliado-ipanema-rio-de-janeiro-220m2-id-2903632825/
duplicata de conteúdo (mesmo imóvel),Ipanema,Rua Alberto de Campos,22900.0,2613.0,145.0,2,2902504204,https://www.zapimoveis.com.br/imovel/aluguel-cobertura-2-quartos-ipanema-rio-de-janeiro-145m2-id-2902504204/
duplicata de conteúdo (mesmo imóvel),Ipanema,Rua Redentor,23000.0,4035.0,247.0,3,2901739002,https://www.zapimoveis.com.br/imovel/aluguel-cobertura-3-quartos-ipanema-rio-de-janeiro-247m2-id-2901739002/
duplicata de conteúdo (mesmo imóvel),Ipanema,Rua Barão de Jaguaripe,15000.0,2400.0,119.0,2,2901022702,https://www.zapimoveis.com.br/imovel/aluguel-apartamento-2-quartos-com-elevador-ipanema-rio-de-janeiro-119m2-id-2901022702/
duplicata de conteúdo (mesmo imóvel),Ipanema,Rua Visconde de Pirajá,32780.0,1732.0,135.0,,2899175714,https://www.zapimoveis.com.br/imovel/aluguel-conjunto-comercial-sala-com-copa-ipanema-rio-de-janeiro-135m2-id-2899175714/
duplicata de conteúdo (mesmo imóvel),Ipanema,Rua Garcia D'Avila,15000.0,3082.0,131.0,3,2898407093,https://www.zapimoveis.com.br/imovel/aluguel-apartamento-3-quartos-com-armario-embutido-ipanema-rio-de-janeiro-131m2-id-2898407093/
duplicata de conteúdo (mesmo imóvel),Ipanema,Rua Visconde de Pirajá,7000.0,1330.0,122.0,3,2898022910,https://www.zapimoveis.com.br/imovel/aluguel-apartamento-3-quartos-com-blindex-ipanema-rio-de-janeiro-122m2-id-2898022910/
duplicata de conteúdo (mesmo imóvel),Ipanema,Rua Barão de Jaguaripe,20000.0,4898.0,165.0,3,2897979179,https://www.zapimoveis.com.br/imovel/aluguel-apartamento-3-quartos-ipanema-rio-de-janeiro-165m2-id-2897979179/
duplicata de conteúdo (mesmo imóvel),Ipanema,Rua Gomes Carneiro,22000.0,10000.0,292.0,4,2896296190,https://www.zapimoveis.com.br/imovel/aluguel-apartamento-4-quartos-com-cozinha-grande-ipanema-rio-de-janeiro-292m2-id-2896296190/
duplicata de conteúdo (mesmo imóvel),Ipanema,Avenida Rainha Elizabeth da Bélgica,16900.0,3446.0,130.0,3,2895856522,https://www.zapimoveis.com.br/imovel/aluguel-apartamento-3-quartos-mobiliado-ipanema-rio-de-janeiro-130m2-id-2895856522/
duplicata de conteúdo (mesmo imóvel),Ipanema,,20000.0,3824.0,210.0,4,,
duplicata de conteúdo (mesmo imóvel),Ipanema,Avenida Vieira Souto,20000.0,5600.0,80.0,2,2892035161,https://www.zapimoveis.com.br/imovel/aluguel-flat-2-quartos-mobiliado-ipanema-rio-de-janeiro-80m2-id-2892035161/
duplicata de conteúdo (mesmo imóvel),Ipanema,Rua Prudente de Morais,15000.0,2600.0,130.0,3,2892035586,https://www.zapimoveis.com.br/imovel/aluguel-apartamento-3-quartos-com-blindex-ipanema-rio-de-janeiro-130m2-id-2892035586/
duplicata de conteúdo (mesmo imóvel),Ipanema,Rua Prudente de Morais,19900.0,4600.0,85.0,2,2890896486,https://www.zapimoveis.com.br/imovel/aluguel-apartamento-2-quartos-mobiliado-ipanema-rio-de-janeiro-85m2-id-2890896486/
duplicata de conteúdo (mesmo imóvel),Ipanema,Rua Prudente de Morais,16000.0,3000.0,108.0,2,2890897674,https://www.zapimoveis.com.br/imovel/aluguel-cobertura-2-quartos-ipanema-rio-de-janeiro-108m2-id-2890897674/
duplicata de conteúdo (mesmo imóvel),Ipanema,Rua Gomes Carneiro,22000.0,10000.0,292.0,4,2890592322,https://www.zapimoveis.com.br/imovel/aluguel-cobertura-4-quartos-ipanema-rio-de-janeiro-292m2-id-2890592322/
duplicata de conteúdo (mesmo imóvel),Ipanema,Rua Farme de Amoedo,11900.0,1150.0,70.0,2,2890450975,https://www.zapimoveis.com.br/imovel/aluguel-apartamento-2-quartos-ipanema-rio-de-janeiro-70m2-id-2890450975/
duplicata de conteúdo (mesmo imóvel),Ipanema,Avenida Vieira Souto,15000.0,3146.0,113.0,3,2887546679,https://www.zapimoveis.com.br/imovel/aluguel-apartamento-3-quartos-com-piscina-ipanema-rio-de-janeiro-113m2-id-2887546679/
duplicata de conteúdo (mesmo imóvel),Ipanema,Avenida Vieira Souto,15000.0,3146.0,113.0,3,2886972278,https://www.zapimoveis.com.br/imovel/aluguel-apartamento-3-quartos-com-piscina-ipanema-rio-de-janeiro-113m2-id-2886972278/
duplicata de conteúdo (mesmo imóvel),Ipanema,Rua Visconde de Pirajá,18000.0,792.0,95.0,,2886557474,https://www.zapimoveis.com.br/imovel/aluguel-conjunto-comercial-sala-com-ar-condicionado-ipanema-rio-de-janeiro-95m2-id-2886557474/
duplicata de conteúdo (mesmo imóvel),Ipanema,Rua Visconde de Pirajá,18000.0,792.0,95.0,,2886334985,https://www.zapimoveis.com.br/imovel/aluguel-conjunto-comercial-sala-com-escritorio-ipanema-rio-de-janeiro-95m2-id-2886334985/
duplicata de conteúdo (mesmo imóvel),Ipanema,Rua Visconde de Pirajá,18000.0,792.0,95.0,,2885463420,https://www.zapimoveis.com.br/imovel/aluguel-conjunto-comercial-sala-ipanema-rio-de-janeiro-95m2-id-2885463420/
duplicata de conteúdo (mesmo imóvel),Ipanema,Rua Visconde de Pirajá,4200.0,1448.0,35.0,,2885153180,https://www.zapimoveis.com.br/imovel/aluguel-conjunto-comercial-sala-com-acesso-24-horas-ipanema-rio-de-janeiro-35m2-id-2885153180/
duplicata de conteúdo (mesmo imóvel),Ipanema,Rua Alberto de Campos,23990.0,2613.0,145.0,2,2884892361,https://www.zapimoveis.com.br/imovel/aluguel-cobertura-2-quartos-com-ar-condicionado-ipanema-rio-de-janeiro-145m2-id-2884892361/
duplicata de conteúdo (mesmo imóvel),Ipanema,Rua Farme de Amoedo,35000.0,5500.0,250.0,4,,
duplicata de conteúdo (mesmo imóvel),Ipanema,Rua Prudente de Morais,20000.0,5300.0,70.0,2,2883243840,https://www.zapimoveis.com.br/imovel/aluguel-apartamento-2-quartos-mobiliado-ipanema-rio-de-janeiro-70m2-id-2883243840/
duplicata de conteúdo (mesmo imóvel),Ipanema,Avenida Vieira Souto,15000.0,3146.0,113.0,3,2883075290,https://www.zapimoveis.com.br/imovel/aluguel-apartamento-3-quartos-com-academia-ipanema-rio-de-janeiro-113m2-id-2883075290/
duplicata de conteúdo (mesmo imóvel),Ipanema,Rua Farme de Amoedo,32000.0,5678.0,250.0,4,2882005807,https://www.zapimoveis.com.br/imovel/aluguel-apartamento-4-quartos-com-interfone-ipanema-rio-de-janeiro-250m2-id-2882005807/
duplicata de conteúdo (mesmo imóvel),Ipanema,Rua Joaquim Nabuco,14000.0,4200.0,300.0,4,2881363696,https://www.zapimoveis.com.br/imovel/aluguel-apartamento-4-quartos-com-cozinha-ipanema-rio-de-janeiro-300m2-id-2881363696/
duplicata de conteúdo (mesmo imóvel),Ipanema,Rua Visconde de Pirajá,18000.0,792.0,95.0,,2880637176,https://www.zapimoveis.com.br/imovel/aluguel-conjunto-comercial-sala-com-lavabo-ipanema-rio-de-janeiro-95m2-id-2880637176/
duplicata de conteúdo (mesmo imóvel),Ipanema,Rua Redentor,34000.0,2500.0,310.0,3,2879708173,https://www.zapimoveis.com.br/imovel/aluguel-cobertura-3-quartos-com-elevador-ipanema-rio-de-janeiro-310m2-id-2879708173/
duplicata de conteúdo (mesmo imóvel),Ipanema,Rua Visconde de Pirajá,18000.0,792.0,95.0,,2879256099,https://www.zapimoveis.com.br/imovel/aluguel-conjunto-comercial-sala-com-seguranca-interna-ipanema-rio-de-janeiro-95m2-id-2879256099/
duplicata de conteúdo (mesmo imóvel),Ipanema,Rua Farme de Amoedo,32000.0,5678.0,250.0,4,2877562556,https://www.zapimoveis.com.br/imovel/aluguel-apartamento-4-quartos-com-interfone-ipanema-rio-de-janeiro-250m2-id-2877562556/
duplicata de conteúdo (mesmo imóvel),Ipanema,Rua Visconde de Pirajá,18000.0,792.0,96.0,,2877515211,https://www.zapimoveis.com.br/imovel/aluguel-conjunto-comercial-sala-com-acesso-24-horas-ipanema-rio-de-janeiro-96m2-id-2877515211/
duplicata de conteúdo (mesmo imóvel),Ipanema,Rua Nascimento Silva,15000.0,2415.0,160.0,3,2872055982,https://www.zapimoveis.com.br/imovel/aluguel-apartamento-3-quartos-com-closet-ipanema-rio-de-janeiro-160m2-id-2872055982/
duplicata de conteúdo (mesmo imóvel),Ipanema,Rua Visconde de Pirajá,30000.0,1760.0,240.0,,2869980138,https://www.zapimoveis.com.br/imovel/aluguel-conjunto-comercial-sala-ipanema-rio-de-janeiro-240m2-id-2869980138/
duplicata de conteúdo (mesmo imóvel),Ipanema,Rua Farme de Amoedo,32000.0,5540.0,250.0,4,2867894861,https://www.zapimoveis.com.br/imovel/aluguel-apartamento-4-quartos-mobiliado-ipanema-rio-de-janeiro-250m2-id-2867894861/
duplicata de conteúdo (mesmo imóvel),Ipanema,Rua Visconde de Pirajá,20000.0,6500.0,130.0,,2860294193,https://www.zapimoveis.com.br/imovel/aluguel-casa-com-janelas-grandes-ipanema-rio-de-janeiro-130m2-id-2860294193/
duplicata de conteúdo (mesmo imóvel),Ipanema,Rua Visconde de Pirajá,30000.0,1760.0,240.0,,2860002960,https://www.zapimoveis.com.br/imovel/aluguel-conjunto-comercial-sala-ipanema-rio-de-janeiro-240m2-id-2860002960/
duplicata de conteúdo (mesmo imóvel),Ipanema,Rua Prudente de Morais,7000.0,1980.0,70.0,1,2839400601,https://www.zapimoveis.com.br/imovel/aluguel-apartamento-1-quarto-mobiliado-ipanema-rio-de-janeiro-70m2-id-2839400601/
duplicata de conteúdo (mesmo imóvel),Ipanema,Rua Prudente de Morais,16000.0,2686.0,108.0,2,,
duplicata de conteúdo (mesmo imóvel),Ipanema,Rua Farme de Amoedo,25000.0,9500.0,533.0,5,,
duplicata de conteúdo (mesmo imóvel),Ipanema,Rua Alberto de Campos,40000.0,2627.0,350.0,4,2814029024,https://www.zapimoveis.com.br/imovel/aluguel-cobertura-4-quartos-mobiliado-ipanema-rio-de-janeiro-350m2-id-2814029024/
duplicata de conteúdo (mesmo imóvel),Ipanema,Rua Prudente de Morais,23000.0,2115.0,138.0,3,2761252644,https://www.zapimoveis.com.br/imovel/aluguel-apartamento-3-quartos-com-piscina-ipanema-rio-de-janeiro-138m2-id-2761252644/
duplicata de conteúdo (mesmo imóvel),Ipanema,Rua Visconde de Pirajá,6500.0,1688.0,52.0,,2757044626,https://www.zapimoveis.com.br/imovel/aluguel-loja-salao-com-blindex-ipanema-rio-de-janeiro-52m2-id-2757044626/
duplicata de conteúdo (mesmo imóvel),Ipanema,,28900.0,1900.0,125.0,3,2745252995,https://www.zapimoveis.com.br/imovel/aluguel-apartamento-3-quartos-mobiliado-ipanema-rio-de-janeiro-125m2-id-2745252995/
duplicata de conteúdo (mesmo imóvel),Ipanema,Rua Barão da Torre,23000.0,4515.0,160.0,3,2738838821,https://www.zapimoveis.com.br/imovel/aluguel-apartamento-3-quartos-com-copa-ipanema-rio-de-janeiro-160m2-id-2738838821/
duplicata de conteúdo (mesmo imóvel),Ipanema,,35000.0,5977.0,252.0,3,2562469572,https://www.zapimoveis.com.br/imovel/aluguel-apartamento-3-quartos-com-cozinha-ipanema-rio-de-janeiro-252m2-id-2562469572/
duplicata de conteúdo (mesmo imóvel),Ipanema,Rua Prudente de Morais,25000.0,5600.0,85.0,2,2446118173,https://www.zapimoveis.com.br/imovel/aluguel-flat-2-quartos-com-piscina-ipanema-rio-de-janeiro-85m2-id-2446118173/
duplicata de conteúdo (mesmo imóvel),Ipanema,Avenida Vieira Souto,100000.0,18500.0,589.0,4,2433163913,https://www.zapimoveis.com.br/imovel/aluguel-apartamento-4-quartos-mobiliado-ipanema-rio-de-janeiro-589m2-id-2433163913/
duplicata de conteúdo (mesmo imóvel),Jardim Botânico,Rua Jardim Botânico,3500.0,815.0,23.0,,2906538527,https://www.zapimoveis.com.br/imovel/aluguel-jardim-botanico-rio-de-janeiro-23m2-id-2906538527/
duplicata de conteúdo (mesmo imóvel),Jardim Botânico,Rua Jardim Botânico,11700.0,3200.0,87.0,,2901084013,https://www.zapimoveis.com.br/imovel/aluguel-conjunto-comercial-sala-jardim-botanico-rio-de-janeiro-87m2-id-2901084013/
duplicata de conteúdo (mesmo imóvel),Jardim Botânico,,6500.0,1741.0,95.0,2,2900947518,https://www.zapimoveis.com.br/imovel/aluguel-apartamento-2-quartos-mobiliado-jardim-botanico-rio-de-janeiro-95m2-id-2900947518/
duplicata de conteúdo (mesmo imóvel),Jardim Botânico,Rua Jardim Botânico,39000.0,1670.0,170.0,,2892063104,https://www.zapimoveis.com.br/imovel/aluguel-loja-salao-com-elevador-jardim-botanico-rio-de-janeiro-170m2-id-2892063104/
duplicata de conteúdo (mesmo imóvel),Jardim Botânico,,24000.0,7300.0,539.0,4,2890006480,https://www.zapimoveis.com.br/imovel/aluguel-cobertura-4-quartos-com-copa-jardim-botanico-rio-de-janeiro-539m2-id-2890006480/
duplicata de conteúdo (mesmo imóvel),Jardim Botânico,Rua Jardim Botânico,3000.0,1300.0,24.0,,2889492330,https://www.zapimoveis.com.br/imovel/aluguel-conjunto-comercial-sala-com-janelas-grandes-jardim-botanico-rio-de-janeiro-24m2-id-2889492330/
duplicata de conteúdo (mesmo imóvel),Jardim Botânico,Rua Jardim Botânico,1900.0,,15.0,,2881297612,https://www.zapimoveis.com.br/imovel/aluguel-loja-salao-jardim-botanico-rio-de-janeiro-15m2-id-2881297612/
duplicata de conteúdo (mesmo imóvel),Jardim Botânico,Rua Eurico Cruz,15000.0,3228.0,264.0,4,2879817987,https://www.zapimoveis.com.br/imovel/aluguel-apartamento-4-quartos-com-sala-de-jantar-jardim-botanico-rio-de-janeiro-264m2-id-2879817987/
duplicata de conteúdo (mesmo imóvel),Jardim Botânico,Rua Jardim Botânico,3000.0,1300.0,24.0,,2875914623,https://www.zapimoveis.com.br/imovel/aluguel-conjunto-comercial-sala-com-espaco-gourmet-jardim-botanico-rio-de-janeiro-24m2-id-2875914623/
duplicata de conteúdo (mesmo imóvel),Jardim Botânico,Rua Caio de Melo Franco,23000.0,0.0,600.0,4,2875542983,https://www.zapimoveis.com.br/imovel/aluguel-casa-4-quartos-mobiliado-jardim-botanico-rio-de-janeiro-600m2-id-2875542983/
duplicata de conteúdo (mesmo imóvel),Jardim Botânico,Rua Caio de Melo Franco,23000.0,0.0,600.0,4,2875237684,https://www.zapimoveis.com.br/imovel/aluguel-casa-4-quartos-com-piscina-jardim-botanico-rio-de-janeiro-600m2-id-2875237684/
duplicata de conteúdo (mesmo imóvel),Jardim Botânico,Rua Jardim Botânico,3000.0,1300.0,24.0,,2874980783,https://www.zapimoveis.com.br/imovel/aluguel-conjunto-comercial-sala-com-elevador-jardim-botanico-rio-de-janeiro-24m2-id-2874980783/
duplicata de conteúdo (mesmo imóvel),Jardim Botânico,Rua Jardim Botânico,39000.0,1670.0,165.0,,2872412648,https://www.zapimoveis.com.br/imovel/aluguel-loja-salao-jardim-botanico-rio-de-janeiro-165m2-id-2872412648/
duplicata de conteúdo (mesmo imóvel),Jardim Botânico,Rua Jardim Botânico,39000.0,1670.0,170.0,,2856549759,https://www.zapimoveis.com.br/imovel/aluguel-loja-salao-jardim-botanico-rio-de-janeiro-170m2-id-2856549759/
duplicata de conteúdo (mesmo imóvel),Jardim Botânico,Rua Jardim Botânico,50000.0,1670.0,170.0,,2850316325,https://www.zapimoveis.com.br/imovel/aluguel-loja-salao-com-interfone-jardim-botanico-rio-de-janeiro-170m2-id-2850316325/
duplicata de conteúdo (mesmo imóvel),Jardim Botânico,Rua Caio de Melo Franco,23000.0,,600.0,4,2843523433,https://www.zapimoveis.com.br/imovel/aluguel-casa-4-quartos-com-piscina-jardim-botanico-rio-de-janeiro-600m2-id-2843523433/
duplicata de conteúdo (mesmo imóvel),Jardim Botânico,,24000.0,7300.0,539.0,4,2840736763,https://www.zapimoveis.com.br/imovel/aluguel-cobertura-4-quartos-com-ar-condicionado-jardim-botanico-rio-de-janeiro-539m2-id-2840736763/
duplicata de conteúdo (mesmo imóvel),Jardim Botânico,Rua Jardim Botânico,39000.0,1670.0,170.0,,2825839521,https://www.zapimoveis.com.br/imovel/aluguel-loja-salao-com-ar-condicionado-jardim-botanico-rio-de-janeiro-170m2-id-2825839521/
duplicata de conteúdo (mesmo imóvel),Jardim Botânico,Rua Caio de Melo Franco,23000.0,0.0,600.0,4,2823271937,https://www.zapimoveis.com.br/imovel/aluguel-casa-de-condominio-4-quartos-mobiliado-jardim-botanico-rio-de-janeiro-600m2-id-2823271937/
duplicata de conteúdo (mesmo imóvel),Jardim Botânico,Rua Caio de Melo Franco,23000.0,0.0,600.0,4,2761334015,https://www.zapimoveis.com.br/imovel/aluguel-casa-de-condominio-4-quartos-com-piscina-jardim-botanico-rio-de-janeiro-600m2-id-2761334015/
duplicata de conteúdo (mesmo imóvel),Jardim Botânico,Rua Caio de Melo Franco,23000.0,0.0,600.0,4,2749272807,https://www.zapimoveis.com.br/imovel/aluguel-casa-4-quartos-com-piscina-jardim-botanico-rio-de-janeiro-600m2-id-2749272807/
duplicata de conteúdo (mesmo imóvel),Jardim Botânico,Rua Caio de Melo Franco,23000.0,0.0,600.0,4,2657252560,https://www.zapimoveis.com.br/imovel/aluguel-casa-4-quartos-jardim-botanico-rio-de-janeiro-600m2-id-2657252560/
duplicata de conteúdo (mesmo imóvel),Jardim Botânico,Rua Jardim Botânico,25000.0,0.0,408.0,9,2647145854,https://www.zapimoveis.com.br/imovel/aluguel-apartamento-9-quartos-com-andar-inteiro-jardim-botanico-rio-de-janeiro-408m2-id-2647145854/
duplicata de conteúdo (mesmo imóvel),Lagoa,Avenida Epitácio Pessoa,20000.0,3600.0,210.0,2,2909656829,https://www.zapimoveis.com.br/imovel/aluguel-apartamento-2-quartos-com-piscina-lagoa-rio-de-janeiro-210m2-id-2909656829/
duplicata de conteúdo (mesmo imóvel),Lagoa,Avenida Epitácio Pessoa,7800.0,2246.0,58.0,1,2906426515,https://www.zapimoveis.com.br/imovel/aluguel-apartamento-1-quarto-com-piscina-lagoa-rio-de-janeiro-58m2-id-2906426515/
duplicata de conteúdo (mesmo imóvel),Lagoa,Avenida Epitácio Pessoa,7500.0,1700.0,134.0,3,2906406660,https://www.zapimoveis.com.br/imovel/aluguel-apartamento-3-quartos-com-elevador-lagoa-rio-de-janeiro-134m2-id-2906406660/
duplicata de conteúdo (mesmo imóvel),Lagoa,Rua Negreiros Lobato,7000.0,2100.0,101.0,2,2905994116,https://www.zapimoveis.com.br/imovel/aluguel-apartamento-2-quartos-lagoa-rio-de-janeiro-101m2-id-2905994116/
duplicata de conteúdo (mesmo imóvel),Lagoa,Rua Negreiros Lobato,7000.0,2100.0,101.0,2,2904632060,https://www.zapimoveis.com.br/imovel/aluguel-apartamento-2-quartos-com-piso-de-madeira-lagoa-rio-de-janeiro-101m2-id-2904632060/
duplicata de conteúdo (mesmo imóvel),Lagoa,Avenida Borges de Medeiros,32000.0,3477.0,258.0,4,2890424392,https://www.zapimoveis.com.br/imovel/aluguel-apartamento-4-quartos-mobiliado-lagoa-rio-de-janeiro-258m2-id-2890424392/
duplicata de conteúdo (mesmo imóvel),Lagoa,Rua Vitória Régia,25000.0,,950.0,6,2883615685,https://www.zapimoveis.com.br/imovel/aluguel-casa-6-quartos-mobiliado-lagoa-rio-de-janeiro-950m2-id-2883615685/
duplicata de conteúdo (mesmo imóvel),Lagoa,,45000.0,5660.0,319.0,4,2844251429,https://www.zapimoveis.com.br/imovel/aluguel-apartamento-4-quartos-com-piscina-lagoa-rio-de-janeiro-319m2-id-2844251429/
duplicata de conteúdo (mesmo imóvel),Lagoa,Rua Vitória Régia,25000.0,,297.0,6,2841642513,https://www.zapimoveis.com.br/imovel/aluguel-casa-6-quartos-mobiliado-lagoa-rio-de-janeiro-297m2-id-2841642513/
duplicata de conteúdo (mesmo imóvel),Lagoa,Avenida Epitácio Pessoa,16000.0,3300.0,160.0,4,2824185438,https://www.zapimoveis.com.br/imovel/aluguel-apartamento-4-quartos-com-piscina-lagoa-rio-de-janeiro-160m2-id-2824185438/
duplicata de conteúdo (mesmo imóvel),Lagoa,Avenida Epitácio Pessoa,16000.0,3300.0,160.0,4,,
duplicata de conteúdo (mesmo imóvel),Lagoa,Rua Fonte da Saudade,14000.0,4400.0,270.0,4,2672398778,https://www.zapimoveis.com.br/imovel/aluguel-cobertura-4-quartos-com-piscina-lagoa-rio-de-janeiro-270m2-id-2672398778/
duplicata de conteúdo (mesmo imóvel),Lagoa,Rua Fonte da Saudade,17000.0,4361.0,324.0,4,2631147967,https://www.zapimoveis.com.br/imovel/aluguel-cobertura-4-quartos-com-cozinha-lagoa-rio-de-janeiro-324m2-id-2631147967/
duplicata de conteúdo (mesmo imóvel),Lagoa,Rua Fonte da Saudade,17000.0,3665.0,324.0,4,2602952288,https://www.zapimoveis.com.br/imovel/aluguel-cobertura-4-quartos-lagoa-rio-de-janeiro-324m2-id-2602952288/
duplicata de conteúdo (mesmo imóvel),Laranjeiras,Rua Pereira da Silva,5000.0,1360.0,63.0,2,2904762397,https://www.zapimoveis.com.br/imovel/aluguel-apartamento-2-quartos-com-ar-condicionado-laranjeiras-rio-de-janeiro-63m2-id-2904762397/
duplicata de conteúdo (mesmo imóvel),Laranjeiras,Rua Ipiranga,25000.0,,280.0,,2889191792,https://www.zapimoveis.com.br/imovel/aluguel-predio-laranjeiras-rio-de-janeiro-280m2-id-2889191792/
duplicata de conteúdo (mesmo imóvel),Laranjeiras,Rua Ipiranga,25000.0,,280.0,,2887603604,https://www.zapimoveis.com.br/imovel/aluguel-predio-laranjeiras-rio-de-janeiro-280m2-id-2887603604/
duplicata de conteúdo (mesmo imóvel),Laranjeiras,Rua Ipiranga,25000.0,,280.0,,2880854898,https://www.zapimoveis.com.br/imovel/aluguel-predio-com-janelas-grandes-laranjeiras-rio-de-janeiro-280m2-id-2880854898/
duplicata de conteúdo (mesmo imóvel),Laranjeiras,Rua Ipiranga,25000.0,,280.0,,2877654863,https://www.zapimoveis.com.br/imovel/aluguel-predio-com-janelas-grandes-laranjeiras-rio-de-janeiro-280m2-id-2877654863/
duplicata de conteúdo (mesmo imóvel),Laranjeiras,Rua Ipiranga,25000.0,,280.0,,2876996491,https://www.zapimoveis.com.br/imovel/aluguel-predio-com-interfone-laranjeiras-rio-de-janeiro-280m2-id-2876996491/
duplicata de conteúdo (mesmo imóvel),Laranjeiras,Rua Ipiranga,25000.0,,280.0,,2875527732,https://www.zapimoveis.com.br/imovel/aluguel-predio-com-janelas-grandes-laranjeiras-rio-de-janeiro-280m2-id-2875527732/
duplicata de conteúdo (mesmo imóvel),Laranjeiras,Rua Ipiranga,25000.0,0.0,280.0,,2872222502,https://www.zapimoveis.com.br/imovel/aluguel-conjunto-comercial-sala-laranjeiras-rio-de-janeiro-280m2-id-2872222502/
duplicata de conteúdo (mesmo imóvel),Laranjeiras,Rua Ipiranga,25000.0,,280.0,,2872044774,https://www.zapimoveis.com.br/imovel/aluguel-predio-com-escritorio-laranjeiras-rio-de-janeiro-280m2-id-2872044774/
duplicata de conteúdo (mesmo imóvel),Laranjeiras,Rua Ipiranga,25000.0,,280.0,,2859502605,https://www.zapimoveis.com.br/imovel/aluguel-predio-laranjeiras-rio-de-janeiro-280m2-id-2859502605/
duplicata de conteúdo (mesmo imóvel),Laranjeiras,Rua Ipiranga,25000.0,,265.0,,2854772530,https://www.zapimoveis.com.br/imovel/aluguel-predio-com-ar-condicionado-laranjeiras-rio-de-janeiro-265m2-id-2854772530/
duplicata de conteúdo (mesmo imóvel),Laranjeiras,Rua Ipiranga,25000.0,,280.0,,2852457533,https://www.zapimoveis.com.br/imovel/aluguel-predio-laranjeiras-rio-de-janeiro-280m2-id-2852457533/
duplicata de conteúdo (mesmo imóvel),Laranjeiras,Rua Ipiranga,25000.0,0.0,280.0,,2851912927,https://www.zapimoveis.com.br/imovel/aluguel-predio-com-seguranca-interna-laranjeiras-rio-de-janeiro-280m2-id-2851912927/
duplicata de conteúdo (mesmo imóvel),Laranjeiras,Rua Ipiranga,25000.0,,280.0,,2846433934,https://www.zapimoveis.com.br/imovel/aluguel-casa-com-escritorio-laranjeiras-rio-de-janeiro-280m2-id-2846433934/
duplicata de conteúdo (mesmo imóvel),Laranjeiras,Rua Ipiranga,25000.0,0.0,280.0,,2836198982,https://www.zapimoveis.com.br/imovel/aluguel-predio-com-elevador-laranjeiras-rio-de-janeiro-280m2-id-2836198982/
duplicata de conteúdo (mesmo imóvel),Laranjeiras,Rua Ipiranga,25000.0,,280.0,,2830446232,https://www.zapimoveis.com.br/imovel/aluguel-predio-com-copa-laranjeiras-rio-de-janeiro-280m2-id-2830446232/
duplicata de conteúdo (mesmo imóvel),Laranjeiras,Rua Ipiranga,25000.0,0.0,280.0,,2795948636,https://www.zapimoveis.com.br/imovel/aluguel-predio-com-ar-condicionado-laranjeiras-rio-de-janeiro-280m2-id-2795948636/
duplicata de conteúdo (mesmo imóvel),Laranjeiras,Rua Ipiranga,25000.0,0.0,280.0,,2778961980,https://www.zapimoveis.com.br/imovel/aluguel-predio-laranjeiras-rio-de-janeiro-280m2-id-2778961980/
duplicata de conteúdo (mesmo imóvel),Laranjeiras,Rua Ipiranga,25000.0,,265.0,,2776799848,https://www.zapimoveis.com.br/imovel/aluguel-predio-com-blindex-laranjeiras-rio-de-janeiro-265m2-id-2776799848/
duplicata de conteúdo (mesmo imóvel),Laranjeiras,Rua Ipiranga,25000.0,0.0,270.0,,2750382237,https://www.zapimoveis.com.br/imovel/aluguel-predio-com-frente-para-o-mar-laranjeiras-rio-de-janeiro-270m2-id-2750382237/
duplicata de conteúdo (mesmo imóvel),Laranjeiras,Rua Ipiranga,25000.0,0.0,280.0,,2714017713,https://www.zapimoveis.com.br/imovel/aluguel-predio-com-interfone-laranjeiras-rio-de-janeiro-280m2-id-2714017713/
duplicata de conteúdo (mesmo imóvel),Leblon,Avenida Ataulfo de Paiva,50000.0,,465.0,,2909134424,https://www.zapimoveis.com.br/imovel/aluguel-predio-com-cozinha-leblon-rio-de-janeiro-465m2-id-2909134424/
duplicata de conteúdo (mesmo imóvel),Leblon,Rua Almirante Guilhem,20000.0,3200.0,50.0,1,2906895725,https://www.zapimoveis.com.br/imovel/aluguel-apartamento-1-quarto-mobiliado-leblon-rio-de-janeiro-50m2-id-2906895725/
duplicata de conteúdo (mesmo imóvel),Leblon,Avenida Ataulfo de Paiva,48000.0,5200.0,165.0,,2906888233,https://www.zapimoveis.com.br/imovel/aluguel-conjunto-comercial-sala-com-copa-leblon-rio-de-janeiro-165m2-id-2906888233/
duplicata de conteúdo (mesmo imóvel),Leblon,Rua Almirante Guilhem,45000.0,4900.0,182.0,,2906474925,https://www.zapimoveis.com.br/imovel/aluguel-conjunto-comercial-sala-leblon-rio-de-janeiro-182m2-id-2906474925/
duplicata de conteúdo (mesmo imóvel),Leblon,Avenida Ataulfo de Paiva,48000.0,5200.0,165.0,,2906432831,https://www.zapimoveis.com.br/imovel/aluguel-conjunto-comercial-sala-mobiliado-leblon-rio-de-janeiro-165m2-id-2906432831/
duplicata de conteúdo (mesmo imóvel),Leblon,Rua João de Barros,30000.0,7500.0,240.0,4,2906418759,https://www.zapimoveis.com.br/imovel/aluguel-apartamento-4-quartos-mobiliado-leblon-rio-de-janeiro-240m2-id-2906418759/
duplicata de conteúdo (mesmo imóvel),Leblon,Rua Rita Ludolf,45000.0,4300.0,250.0,4,2906294814,https://www.zapimoveis.com.br/imovel/aluguel-cobertura-4-quartos-mobiliado-leblon-rio-de-janeiro-250m2-id-2906294814/
duplicata de conteúdo (mesmo imóvel),Leblon,Avenida Ataulfo de Paiva,48000.0,5200.0,165.0,,2906050141,https://www.zapimoveis.com.br/imovel/aluguel-conjunto-comercial-sala-leblon-rio-de-janeiro-165m2-id-2906050141/
duplicata de conteúdo (mesmo imóvel),Leblon,Avenida Ataulfo de Paiva,145000.0,6500.0,348.0,,2905687748,https://www.zapimoveis.com.br/imovel/aluguel-conjunto-comercial-sala-leblon-rio-de-janeiro-348m2-id-2905687748/
duplicata de conteúdo (mesmo imóvel),Leblon,Avenida Ataulfo de Paiva,48000.0,5200.0,165.0,,2905692613,https://www.zapimoveis.com.br/imovel/aluguel-conjunto-comercial-sala-leblon-rio-de-janeiro-165m2-id-2905692613/
duplicata de conteúdo (mesmo imóvel),Leblon,Rua Sambaíba,35000.0,2500.0,240.0,3,2905617742,https://www.zapimoveis.com.br/imovel/aluguel-cobertura-3-quartos-com-acesso-24-horas-leblon-rio-de-janeiro-240m2-id-2905617742/
duplicata de conteúdo (mesmo imóvel),Leblon,Rua Almirante Guilhem,45000.0,4900.0,182.0,,2905602122,https://www.zapimoveis.com.br/imovel/aluguel-conjunto-comercial-sala-com-elevador-leblon-rio-de-janeiro-182m2-id-2905602122/
duplicata de conteúdo (mesmo imóvel),Leblon,Rua Almirante Guilhem,40000.0,2450.0,140.0,,2905602221,https://www.zapimoveis.com.br/imovel/aluguel-conjunto-comercial-sala-com-elevador-leblon-rio-de-janeiro-140m2-id-2905602221/
duplicata de conteúdo (mesmo imóvel),Leblon,Avenida Ataulfo de Paiva,145000.0,6500.0,348.0,,2905500048,https://www.zapimoveis.com.br/imovel/aluguel-andar-laje-corporativa-leblon-rio-de-janeiro-348m2-id-2905500048/
duplicata de conteúdo (mesmo imóvel),Leblon,Avenida General San Martin,21000.0,3531.0,164.0,4,2905482120,https://www.zapimoveis.com.br/imovel/aluguel-apartamento-4-quartos-com-cozinha-grande-leblon-rio-de-janeiro-164m2-id-2905482120/
duplicata de conteúdo (mesmo imóvel),Leblon,,32000.0,5059.0,380.0,4,2904667247,https://www.zapimoveis.com.br/imovel/aluguel-cobertura-4-quartos-mobiliado-leblon-rio-de-janeiro-380m2-id-2904667247/
duplicata de conteúdo (mesmo imóvel),Leblon,Rua General Venâncio Flores,66000.0,4130.0,660.0,3,2903946109,https://www.zapimoveis.com.br/imovel/aluguel-cobertura-3-quartos-com-varanda-leblon-rio-de-janeiro-660m2-id-2903946109/
duplicata de conteúdo (mesmo imóvel),Leblon,Rua João de Barros,30000.0,7500.0,240.0,4,2903698703,https://www.zapimoveis.com.br/imovel/aluguel-apartamento-4-quartos-mobiliado-leblon-rio-de-janeiro-240m2-id-2903698703/
duplicata de conteúdo (mesmo imóvel),Leblon,Rua General Venâncio Flores,66000.0,4130.0,660.0,3,2903680308,https://www.zapimoveis.com.br/imovel/aluguel-apartamento-3-quartos-com-copa-leblon-rio-de-janeiro-660m2-id-2903680308/
duplicata de conteúdo (mesmo imóvel),Leblon,Rua General Urquiza,16900.0,1113.0,55.0,2,2902826795,https://www.zapimoveis.com.br/imovel/aluguel-apartamento-2-quartos-mobiliado-leblon-rio-de-janeiro-55m2-id-2902826795/
duplicata de conteúdo (mesmo imóvel),Leblon,Avenida Bartolomeu Mitre,5200.0,766.0,47.0,1,2902693415,https://www.zapimoveis.com.br/imovel/aluguel-apartamento-1-quarto-mobiliado-leblon-rio-de-janeiro-47m2-id-2902693415/
duplicata de conteúdo (mesmo imóvel),Leblon,Avenida Ataulfo de Paiva,145000.0,6500.0,348.0,,2902609505,https://www.zapimoveis.com.br/imovel/aluguel-andar-laje-corporativa-leblon-rio-de-janeiro-348m2-id-2902609505/
duplicata de conteúdo (mesmo imóvel),Leblon,Avenida Ataulfo de Paiva,48000.0,5200.0,165.0,,2902609602,https://www.zapimoveis.com.br/imovel/aluguel-conjunto-comercial-sala-com-ar-condicionado-leblon-rio-de-janeiro-165m2-id-2902609602/
duplicata de conteúdo (mesmo imóvel),Leblon,Rua Conde Bernadotte,13000.0,2360.0,120.0,3,,
duplicata de conteúdo (mesmo imóvel),Leblon,Rua General Venâncio Flores,66000.0,4130.0,660.0,3,2901750632,https://www.zapimoveis.com.br/imovel/aluguel-apartamento-3-quartos-com-acesso-24-horas-leblon-rio-de-janeiro-660m2-id-2901750632/
duplicata de conteúdo (mesmo imóvel),Leblon,Rua Almirante Guilhem,40000.0,2450.0,140.0,,2901391602,https://www.zapimoveis.com.br/imovel/aluguel-loja-salao-leblon-rio-de-janeiro-140m2-id-2901391602/
duplicata de conteúdo (mesmo imóvel),Leblon,Rua Almirante Guilhem,45000.0,4900.0,182.0,,2901256403,https://www.zapimoveis.com.br/imovel/aluguel-conjunto-comercial-sala-com-elevador-leblon-rio-de-janeiro-182m2-id-2901256403/
duplicata de conteúdo (mesmo imóvel),Leblon,Rua Almirante Guilhem,40000.0,2450.0,140.0,,2901251929,https://www.zapimoveis.com.br/imovel/aluguel-conjunto-comercial-sala-com-elevador-leblon-rio-de-janeiro-140m2-id-2901251929/
duplicata de conteúdo (mesmo imóvel),Leblon,Rua General Venâncio Flores,66000.0,4130.0,660.0,3,2901138909,https://www.zapimoveis.com.br/imovel/aluguel-cobertura-3-quartos-com-interfone-leblon-rio-de-janeiro-660m2-id-2901138909/
duplicata de conteúdo (mesmo imóvel),Leblon,Rua General Venâncio Flores,66000.0,4130.0,660.0,3,2900948303,https://www.zapimoveis.com.br/imovel/aluguel-cobertura-3-quartos-com-armario-de-cozinha-leblon-rio-de-janeiro-660m2-id-2900948303/
duplicata de conteúdo (mesmo imóvel),Leblon,Rua General Venâncio Flores,66000.0,4130.0,660.0,3,2900737120,https://www.zapimoveis.com.br/imovel/aluguel-cobertura-3-quartos-com-closet-leblon-rio-de-janeiro-660m2-id-2900737120/
duplicata de conteúdo (mesmo imóvel),Leblon,Rua General Venâncio Flores,66000.0,4130.0,660.0,3,,
duplicata de conteúdo (mesmo imóvel),Leblon,Rua General Venâncio Flores,66000.0,4130.0,660.0,3,2900584604,https://www.zapimoveis.com.br/imovel/aluguel-cobertura-3-quartos-leblon-rio-de-janeiro-660m2-id-2900584604/
duplicata de conteúdo (mesmo imóvel),Leblon,Rua Conde Bernadotte,13000.0,2360.0,120.0,3,2899280775,https://www.zapimoveis.com.br/imovel/aluguel-apartamento-3-quartos-com-piscina-leblon-rio-de-janeiro-120m2-id-2899280775/
duplicata de conteúdo (mesmo imóvel),Leblon,Rua Almirante Guilhem,45000.0,4900.0,182.0,,2899227192,https://www.zapimoveis.com.br/imovel/aluguel-andar-laje-corporativa-com-janelas-de-aluminio-leblon-rio-de-janeiro-182m2-id-2899227192/
duplicata de conteúdo (mesmo imóvel),Leblon,Avenida Ataulfo de Paiva,145000.0,6500.0,348.0,,2898904708,https://www.zapimoveis.com.br/imovel/aluguel-conjunto-comercial-sala-leblon-rio-de-janeiro-348m2-id-2898904708/
duplicata de conteúdo (mesmo imóvel),Leblon,Avenida Ataulfo de Paiva,48000.0,5200.0,165.0,,2898905876,https://www.zapimoveis.com.br/imovel/aluguel-conjunto-comercial-sala-com-copa-leblon-rio-de-janeiro-165m2-id-2898905876/
duplicata de conteúdo (mesmo imóvel),Leblon,Avenida Ataulfo de Paiva,48000.0,5200.0,165.0,,2898257179,https://www.zapimoveis.com.br/imovel/aluguel-conjunto-comercial-sala-leblon-rio-de-janeiro-165m2-id-2898257179/
duplicata de conteúdo (mesmo imóvel),Leblon,Rua Rainha Guilhermina,15000.0,1800.0,90.0,3,2898223103,https://www.zapimoveis.com.br/imovel/aluguel-apartamento-3-quartos-mobiliado-leblon-rio-de-janeiro-90m2-id-2898223103/
duplicata de conteúdo (mesmo imóvel),Leblon,Avenida Ataulfo de Paiva,22000.0,4100.0,80.0,,2897988998,https://www.zapimoveis.com.br/imovel/aluguel-conjunto-comercial-sala-com-lavabo-leblon-rio-de-janeiro-80m2-id-2897988998/
duplicata de conteúdo (mesmo imóvel),Leblon,Avenida General San Martin,20000.0,3531.0,198.0,4,2897796189,https://www.zapimoveis.com.br/imovel/aluguel-apartamento-4-quartos-com-elevador-leblon-rio-de-janeiro-198m2-id-2897796189/
duplicata de conteúdo (mesmo imóvel),Leblon,Rua Desembargador Alfredo Russel,12000.0,2084.0,103.0,2,2897572486,https://www.zapimoveis.com.br/imovel/aluguel-apartamento-2-quartos-com-elevador-leblon-rio-de-janeiro-103m2-id-2897572486/
duplicata de conteúdo (mesmo imóvel),Leblon,Avenida General San Martin,21000.0,3531.0,198.0,4,2897555021,https://www.zapimoveis.com.br/imovel/aluguel-apartamento-4-quartos-com-lavabo-leblon-rio-de-janeiro-198m2-id-2897555021/
duplicata de conteúdo (mesmo imóvel),Leblon,Avenida Ataulfo de Paiva,48000.0,5200.0,165.0,,2897523128,https://www.zapimoveis.com.br/imovel/aluguel-conjunto-comercial-sala-mobiliado-leblon-rio-de-janeiro-165m2-id-2897523128/
duplicata de conteúdo (mesmo imóvel),Leblon,Rua Aristides Espinola,19000.0,2321.0,65.0,2,2896847481,https://www.zapimoveis.com.br/imovel/aluguel-apartamento-2-quartos-mobiliado-leblon-rio-de-janeiro-65m2-id-2896847481/
duplicata de conteúdo (mesmo imóvel),Leblon,Rua Aristides Espinola,18000.0,2020.0,100.0,2,2896847975,https://www.zapimoveis.com.br/imovel/aluguel-apartamento-2-quartos-mobiliado-leblon-rio-de-janeiro-100m2-id-2896847975/
duplicata de conteúdo (mesmo imóvel),Leblon,Avenida Ataulfo de Paiva,48000.0,5200.0,165.0,,2896797975,https://www.zapimoveis.com.br/imovel/aluguel-conjunto-comercial-sala-mobiliado-leblon-rio-de-janeiro-165m2-id-2896797975/
duplicata de conteúdo (mesmo imóvel),Leblon,Avenida Borges de Medeiros,105840.0,12070.0,294.0,,2896797581,https://www.zapimoveis.com.br/imovel/aluguel-conjunto-comercial-sala-com-ar-condicionado-leblon-rio-de-janeiro-294m2-id-2896797581/
duplicata de conteúdo (mesmo imóvel),Leblon,Avenida Ataulfo de Paiva,22000.0,4100.0,80.0,,2896535794,https://www.zapimoveis.com.br/imovel/aluguel-conjunto-comercial-sala-leblon-rio-de-janeiro-80m2-id-2896535794/
duplicata de conteúdo (mesmo imóvel),Leblon,Avenida Ataulfo de Paiva,48000.0,5200.0,165.0,,2896453950,https://www.zapimoveis.com.br/imovel/aluguel-conjunto-comercial-sala-leblon-rio-de-janeiro-165m2-id-2896453950/
duplicata de conteúdo (mesmo imóvel),Leblon,Rua José Linhares,5900.0,1162.0,45.0,1,2896367645,https://www.zapimoveis.com.br/imovel/aluguel-apartamento-1-quarto-leblon-rio-de-janeiro-45m2-id-2896367645/
duplicata de conteúdo (mesmo imóvel),Leblon,Rua Rainha Guilhermina,15000.0,1800.0,90.0,3,2895892187,https://www.zapimoveis.com.br/imovel/aluguel-apartamento-3-quartos-leblon-rio-de-janeiro-90m2-id-2895892187/
duplicata de conteúdo (mesmo imóvel),Leblon,,26000.0,4857.0,230.0,3,2894971279,https://www.zapimoveis.com.br/imovel/aluguel-apartamento-3-quartos-mobiliado-leblon-rio-de-janeiro-230m2-id-2894971279/
duplicata de conteúdo (mesmo imóvel),Leblon,,26000.0,4857.0,230.0,3,2894970583,https://www.zapimoveis.com.br/imovel/aluguel-apartamento-3-quartos-mobiliado-leblon-rio-de-janeiro-230m2-id-2894970583/
duplicata de conteúdo (mesmo imóvel),Leblon,Avenida Ataulfo de Paiva,48000.0,5200.0,165.0,,2894945971,https://www.zapimoveis.com.br/imovel/aluguel-conjunto-comercial-sala-com-copa-leblon-rio-de-janeiro-165m2-id-2894945971/
duplicata de conteúdo (mesmo imóvel),Leblon,Avenida Afrânio de Melo Franco,58621.0,11298.0,213.0,,2894929875,https://www.zapimoveis.com.br/imovel/aluguel-conjunto-comercial-sala-com-ar-condicionado-leblon-rio-de-janeiro-213m2-id-2894929875/
duplicata de conteúdo (mesmo imóvel),Leblon,Rua Aristides Espinola,18000.0,2020.0,100.0,2,2894791719,https://www.zapimoveis.com.br/imovel/aluguel-apartamento-2-quartos-com-ar-condicionado-leblon-rio-de-janeiro-100m2-id-2894791719/
duplicata de conteúdo (mesmo imóvel),Leblon,Avenida Ataulfo de Paiva,20000.0,,33.0,,2894697288,https://www.zapimoveis.com.br/imovel/aluguel-loja-salao-leblon-rio-de-janeiro-33m2-id-2894697288/
duplicata de conteúdo (mesmo imóvel),Leblon,Rua José Linhares,26000.0,4827.0,230.0,3,2894581212,https://www.zapimoveis.com.br/imovel/aluguel-apartamento-3-quartos-mobiliado-leblon-rio-de-janeiro-230m2-id-2894581212/
duplicata de conteúdo (mesmo imóvel),Leblon,Rua Aristides Espinola,20000.0,2012.0,100.0,2,2894046184,https://www.zapimoveis.com.br/imovel/aluguel-apartamento-2-quartos-mobiliado-leblon-rio-de-janeiro-100m2-id-2894046184/
duplicata de conteúdo (mesmo imóvel),Leblon,Rua Tubira,17000.0,1600.0,70.0,,2894039596,https://www.zapimoveis.com.br/imovel/aluguel-conjunto-comercial-sala-leblon-rio-de-janeiro-70m2-id-2894039596/
duplicata de conteúdo (mesmo imóvel),Leblon,Avenida Ataulfo de Paiva,48000.0,5200.0,165.0,,2893912108,https://www.zapimoveis.com.br/imovel/aluguel-conjunto-comercial-sala-leblon-rio-de-janeiro-165m2-id-2893912108/
duplicata de conteúdo (mesmo imóvel),Leblon,Rua Rita Ludolf,45000.0,4300.0,250.0,4,,
duplicata de conteúdo (mesmo imóvel),Leblon,,38000.0,6033.0,325.0,4,2892297085,https://www.zapimoveis.com.br/imovel/aluguel-apartamento-4-quartos-com-piscina-leblon-rio-de-janeiro-325m2-id-2892297085/
duplicata de conteúdo (mesmo imóvel),Leblon,Rua Rainha Guilhermina,22500.0,3000.0,61.0,1,2892038677,https://www.zapimoveis.com.br/imovel/aluguel-flat-1-quarto-mobiliado-leblon-rio-de-janeiro-61m2-id-2892038677/
duplicata de conteúdo (mesmo imóvel),Leblon,Rua General Urquiza,20000.0,3807.0,119.0,2,2891896108,https://www.zapimoveis.com.br/imovel/aluguel-apartamento-2-quartos-mobiliado-leblon-rio-de-janeiro-119m2-id-2891896108/
duplicata de conteúdo (mesmo imóvel),Leblon,Rua Aristides Espinola,19000.0,2321.0,65.0,2,2891046711,https://www.zapimoveis.com.br/imovel/aluguel-apartamento-2-quartos-com-elevador-leblon-rio-de-janeiro-65m2-id-2891046711/
duplicata de conteúdo (mesmo imóvel),Leblon,Rua Igarapava,25000.0,2800.0,236.0,3,2890897379,https://www.zapimoveis.com.br/imovel/aluguel-cobertura-3-quartos-com-piscina-leblon-rio-de-janeiro-236m2-id-2890897379/
duplicata de conteúdo (mesmo imóvel),Leblon,Rua João Líra,20000.0,1580.0,100.0,3,,
duplicata de conteúdo (mesmo imóvel),Leblon,Avenida Ataulfo de Paiva,145000.0,6500.0,348.0,,2890425175,https://www.zapimoveis.com.br/imovel/aluguel-conjunto-comercial-sala-com-interfone-leblon-rio-de-janeiro-348m2-id-2890425175/
duplicata de conteúdo (mesmo imóvel),Leblon,Avenida Ataulfo de Paiva,145000.0,6500.0,348.0,,2889769991,https://www.zapimoveis.com.br/imovel/aluguel-conjunto-comercial-sala-mobiliado-leblon-rio-de-janeiro-348m2-id-2889769991/
duplicata de conteúdo (mesmo imóvel),Leblon,Avenida Ataulfo de Paiva,50000.0,0.0,464.0,,2889711277,https://www.zapimoveis.com.br/imovel/aluguel-loja-salao-com-escritorio-leblon-rio-de-janeiro-464m2-id-2889711277/
duplicata de conteúdo (mesmo imóvel),Leblon,Avenida Ataulfo de Paiva,145000.0,6500.0,348.0,,2889322781,https://www.zapimoveis.com.br/imovel/aluguel-conjunto-comercial-sala-mobiliado-leblon-rio-de-janeiro-348m2-id-2889322781/
duplicata de conteúdo (mesmo imóvel),Leblon,Rua General Urquiza,16900.0,1790.0,55.0,1,2889111804,https://www.zapimoveis.com.br/imovel/aluguel-apartamento-1-quarto-mobiliado-leblon-rio-de-janeiro-55m2-id-2889111804/
duplicata de conteúdo (mesmo imóvel),Leblon,Avenida Ataulfo de Paiva,20000.0,0.0,33.0,,2888281577,https://www.zapimoveis.com.br/imovel/aluguel-loja-salao-com-ar-condicionado-leblon-rio-de-janeiro-33m2-id-2888281577/
duplicata de conteúdo (mesmo imóvel),Leblon,Avenida Ataulfo de Paiva,145000.0,6500.0,348.0,,2888120824,https://www.zapimoveis.com.br/imovel/aluguel-conjunto-comercial-sala-leblon-rio-de-janeiro-348m2-id-2888120824/
duplicata de conteúdo (mesmo imóvel),Leblon,Avenida Ataulfo de Paiva,145000.0,6500.0,348.0,,2887443100,https://www.zapimoveis.com.br/imovel/aluguel-conjunto-comercial-sala-leblon-rio-de-janeiro-348m2-id-2887443100/
duplicata de conteúdo (mesmo imóvel),Leblon,Avenida Ataulfo de Paiva,145000.0,6500.0,348.0,,2886819882,https://www.zapimoveis.com.br/imovel/aluguel-conjunto-comercial-sala-com-ar-condicionado-leblon-rio-de-janeiro-348m2-id-2886819882/
duplicata de conteúdo (mesmo imóvel),Leblon,Avenida Ataulfo de Paiva,145000.0,6500.0,348.0,,2886557273,https://www.zapimoveis.com.br/imovel/aluguel-conjunto-comercial-sala-mobiliado-leblon-rio-de-janeiro-348m2-id-2886557273/
duplicata de conteúdo (mesmo imóvel),Leblon,Avenida Ataulfo de Paiva,20000.0,,30.0,,2886549780,https://www.zapimoveis.com.br/imovel/aluguel-loja-salao-com-interfone-leblon-rio-de-janeiro-30m2-id-2886549780/
duplicata de conteúdo (mesmo imóvel),Leblon,Rua Almirante Guilhem,40000.0,4900.0,182.0,,2886340186,https://www.zapimoveis.com.br/imovel/aluguel-conjunto-comercial-sala-com-ar-condicionado-leblon-rio-de-janeiro-182m2-id-2886340186/
duplicata de conteúdo (mesmo imóvel),Leblon,Rua Almirante Guilhem,45000.0,4900.0,182.0,,2886334899,https://www.zapimoveis.com.br/imovel/aluguel-conjunto-comercial-sala-com-interfone-leblon-rio-de-janeiro-182m2-id-2886334899/
duplicata de conteúdo (mesmo imóvel),Leblon,Avenida Ataulfo de Paiva,95000.0,0.0,245.0,,2886214699,https://www.zapimoveis.com.br/imovel/aluguel-andar-laje-corporativa-leblon-rio-de-janeiro-245m2-id-2886214699/
duplicata de conteúdo (mesmo imóvel),Leblon,Avenida Ataulfo de Paiva,145000.0,6500.0,348.0,,2885603977,https://www.zapimoveis.com.br/imovel/aluguel-conjunto-comercial-sala-com-ar-condicionado-leblon-rio-de-janeiro-348m2-id-2885603977/
duplicata de conteúdo (mesmo imóvel),Leblon,Avenida Ataulfo de Paiva,145000.0,6500.0,348.0,,2885360577,https://www.zapimoveis.com.br/imovel/aluguel-conjunto-comercial-sala-leblon-rio-de-janeiro-348m2-id-2885360577/
duplicata de conteúdo (mesmo imóvel),Leblon,Avenida Ataulfo de Paiva,95000.0,0.0,245.0,,2885355567,https://www.zapimoveis.com.br/imovel/aluguel-conjunto-comercial-sala-com-porcelanato-leblon-rio-de-janeiro-245m2-id-2885355567/
duplicata de conteúdo (mesmo imóvel),Leblon,Rua Almirante Guilhem,40000.0,2450.0,140.0,,2884972079,https://www.zapimoveis.com.br/imovel/aluguel-loja-salao-leblon-rio-de-janeiro-140m2-id-2884972079/
duplicata de conteúdo (mesmo imóvel),Leblon,Avenida Ataulfo de Paiva,40000.0,0.0,158.0,,2884968899,https://www.zapimoveis.com.br/imovel/aluguel-conjunto-comercial-sala-leblon-rio-de-janeiro-158m2-id-2884968899/
duplicata de conteúdo (mesmo imóvel),Leblon,Rua Almirante Guilhem,45000.0,4900.0,182.0,,2884970800,https://www.zapimoveis.com.br/imovel/aluguel-conjunto-comercial-sala-leblon-rio-de-janeiro-182m2-id-2884970800/
duplicata de conteúdo (mesmo imóvel),Leblon,Avenida Ataulfo de Paiva,95000.0,0.0,245.0,,2884972175,https://www.zapimoveis.com.br/imovel/aluguel-conjunto-comercial-sala-leblon-rio-de-janeiro-245m2-id-2884972175/
duplicata de conteúdo (mesmo imóvel),Leblon,Avenida Ataulfo de Paiva,95000.0,0.0,245.0,,2884970385,https://www.zapimoveis.com.br/imovel/aluguel-andar-laje-corporativa-leblon-rio-de-janeiro-245m2-id-2884970385/
duplicata de conteúdo (mesmo imóvel),Leblon,Avenida Ataulfo de Paiva,145000.0,6500.0,348.0,,2884970777,https://www.zapimoveis.com.br/imovel/aluguel-conjunto-comercial-sala-leblon-rio-de-janeiro-348m2-id-2884970777/
duplicata de conteúdo (mesmo imóvel),Leblon,Rua Almirante Guilhem,45000.0,4900.0,182.0,,2884966577,https://www.zapimoveis.com.br/imovel/aluguel-andar-laje-corporativa-leblon-rio-de-janeiro-182m2-id-2884966577/
duplicata de conteúdo (mesmo imóvel),Leblon,Rua Almirante Guilhem,40000.0,4900.0,182.0,,2884963589,https://www.zapimoveis.com.br/imovel/aluguel-andar-laje-corporativa-leblon-rio-de-janeiro-182m2-id-2884963589/
duplicata de conteúdo (mesmo imóvel),Leblon,Avenida Ataulfo de Paiva,20000.0,,33.0,,2884823118,https://www.zapimoveis.com.br/imovel/aluguel-loja-salao-leblon-rio-de-janeiro-33m2-id-2884823118/
duplicata de conteúdo (mesmo imóvel),Leblon,Avenida Ataulfo de Paiva,145000.0,6500.0,348.0,,2884427998,https://www.zapimoveis.com.br/imovel/aluguel-andar-laje-corporativa-leblon-rio-de-janeiro-348m2-id-2884427998/
duplicata de conteúdo (mesmo imóvel),Leblon,Rua Dias Ferreira,15000.0,1937.0,180.0,3,2884075036,https://www.zapimoveis.com.br/imovel/aluguel-apartamento-3-quartos-com-interfone-leblon-rio-de-janeiro-180m2-id-2884075036/
duplicata de conteúdo (mesmo imóvel),Leblon,Avenida Ataulfo de Paiva,15000.0,0.0,33.0,,2883342496,https://www.zapimoveis.com.br/imovel/aluguel-loja-salao-leblon-rio-de-janeiro-33m2-id-2883342496/
duplicata de conteúdo (mesmo imóvel),Leblon,Avenida Ataulfo de Paiva,145000.0,6500.0,348.0,,2882637384,https://www.zapimoveis.com.br/imovel/aluguel-conjunto-comercial-sala-mobiliado-leblon-rio-de-janeiro-348m2-id-2882637384/
duplicata de conteúdo (mesmo imóvel),Leblon,Avenida Bartolomeu Mitre,16900.0,1626.0,71.0,2,,
duplicata de conteúdo (mesmo imóvel),Leblon,Avenida Ataulfo de Paiva,95000.0,0.0,245.0,,2880851615,https://www.zapimoveis.com.br/imovel/aluguel-conjunto-comercial-sala-com-cozinha-leblon-rio-de-janeiro-245m2-id-2880851615/
duplicata de conteúdo (mesmo imóvel),Leblon,Rua Almirante Guilhem,35000.0,2450.0,140.0,,2878770613,https://www.zapimoveis.com.br/imovel/aluguel-conjunto-comercial-sala-leblon-rio-de-janeiro-140m2-id-2878770613/
duplicata de conteúdo (mesmo imóvel),Leblon,Avenida Ataulfo de Paiva,19000.0,,33.0,,2877307862,https://www.zapimoveis.com.br/imovel/aluguel-loja-salao-com-acesso-24-horas-leblon-rio-de-janeiro-33m2-id-2877307862/
duplicata de conteúdo (mesmo imóvel),Leblon,Rua Timóteo da Costa,15500.0,3468.0,160.0,4,,
duplicata de conteúdo (mesmo imóvel),Leblon,Rua Almirante Guilhem,45000.0,4900.0,182.0,,2875839804,https://www.zapimoveis.com.br/imovel/aluguel-conjunto-comercial-sala-mobiliado-leblon-rio-de-janeiro-182m2-id-2875839804/
duplicata de conteúdo (mesmo imóvel),Leblon,Rua Almirante Guilhem,45000.0,4900.0,182.0,,2875843978,https://www.zapimoveis.com.br/imovel/aluguel-conjunto-comercial-sala-mobiliado-leblon-rio-de-janeiro-182m2-id-2875843978/
duplicata de conteúdo (mesmo imóvel),Leblon,Rua Almirante Guilhem,45000.0,4900.0,182.0,,2875766891,https://www.zapimoveis.com.br/imovel/aluguel-conjunto-comercial-sala-com-acesso-24-horas-leblon-rio-de-janeiro-182m2-id-2875766891/
duplicata de conteúdo (mesmo imóvel),Leblon,Rua Almirante Guilhem,45000.0,4900.0,182.0,,2875768380,https://www.zapimoveis.com.br/imovel/aluguel-conjunto-comercial-sala-leblon-rio-de-janeiro-182m2-id-2875768380/
duplicata de conteúdo (mesmo imóvel),Leblon,Avenida Ataulfo de Paiva,20000.0,,30.0,,2875328899,https://www.zapimoveis.com.br/imovel/aluguel-loja-salao-leblon-rio-de-janeiro-30m2-id-2875328899/
duplicata de conteúdo (mesmo imóvel),Leblon,Avenida Ataulfo de Paiva,20000.0,,33.0,,2875235089,https://www.zapimoveis.com.br/imovel/aluguel-loja-salao-leblon-rio-de-janeiro-33m2-id-2875235089/
duplicata de conteúdo (mesmo imóvel),Leblon,Rua Almirante Guilhem,40000.0,4900.0,182.0,,2874983987,https://www.zapimoveis.com.br/imovel/aluguel-conjunto-comercial-sala-com-churrasqueira-leblon-rio-de-janeiro-182m2-id-2874983987/
duplicata de conteúdo (mesmo imóvel),Leblon,Avenida Ataulfo de Paiva,15000.0,0.0,33.0,,2874788762,https://www.zapimoveis.com.br/imovel/aluguel-loja-salao-com-entrada-de-serv.-independente-leblon-rio-de-janeiro-33m2-id-2874788762/
duplicata de conteúdo (mesmo imóvel),Leblon,Avenida General San Martin,9000.0,1412.0,96.0,2,2874492490,https://www.zapimoveis.com.br/imovel/aluguel-apartamento-2-quartos-com-area-de-servico-leblon-rio-de-janeiro-96m2-id-2874492490/
duplicata de conteúdo (mesmo imóvel),Leblon,Rua General Urquiza,20000.0,2400.0,120.0,2,2873645821,https://www.zapimoveis.com.br/imovel/aluguel-apartamento-2-quartos-mobiliado-leblon-rio-de-janeiro-120m2-id-2873645821/
duplicata de conteúdo (mesmo imóvel),Leblon,Rua Almirante Guilhem,45000.0,4900.0,182.0,,2872558074,https://www.zapimoveis.com.br/imovel/aluguel-conjunto-comercial-sala-leblon-rio-de-janeiro-182m2-id-2872558074/
duplicata de conteúdo (mesmo imóvel),Leblon,Avenida General San Martin,9000.0,1412.0,96.0,2,2871992011,https://www.zapimoveis.com.br/imovel/aluguel-apartamento-2-quartos-com-elevador-leblon-rio-de-janeiro-96m2-id-2871992011/
duplicata de conteúdo (mesmo imóvel),Leblon,Avenida General San Martin,9000.0,1412.0,96.0,2,,
duplicata de conteúdo (mesmo imóvel),Leblon,Rua Timóteo da Costa,15500.0,3467.0,160.0,4,2871110136,https://www.zapimoveis.com.br/imovel/aluguel-apartamento-4-quartos-com-acesso-24-horas-leblon-rio-de-janeiro-160m2-id-2871110136/
duplicata de conteúdo (mesmo imóvel),Leblon,Rua Almirante Guilhem,40000.0,4900.0,182.0,,2870350058,https://www.zapimoveis.com.br/imovel/aluguel-conjunto-comercial-sala-leblon-rio-de-janeiro-182m2-id-2870350058/
duplicata de conteúdo (mesmo imóvel),Leblon,Avenida Ataulfo de Paiva,20000.0,0.0,33.0,,2870190647,https://www.zapimoveis.com.br/imovel/aluguel-loja-salao-com-cabine-seguranca-armada-leblon-rio-de-janeiro-33m2-id-2870190647/
duplicata de conteúdo (mesmo imóvel),Leblon,Rua Almirante Guilhem,45000.0,4900.0,182.0,,2870057494,https://www.zapimoveis.com.br/imovel/aluguel-conjunto-comercial-sala-leblon-rio-de-janeiro-182m2-id-2870057494/
duplicata de conteúdo (mesmo imóvel),Leblon,Rua Almirante Guilhem,40000.0,4900.0,182.0,,2869979132,https://www.zapimoveis.com.br/imovel/aluguel-conjunto-comercial-sala-leblon-rio-de-janeiro-182m2-id-2869979132/
duplicata de conteúdo (mesmo imóvel),Leblon,Rua Almirante Guilhem,45000.0,4900.0,182.0,,2868803874,https://www.zapimoveis.com.br/imovel/aluguel-andar-laje-corporativa-com-escritorio-leblon-rio-de-janeiro-182m2-id-2868803874/
duplicata de conteúdo (mesmo imóvel),Leblon,Rua Almirante Guilhem,50000.0,4900.0,182.0,,2868803279,https://www.zapimoveis.com.br/imovel/aluguel-andar-laje-corporativa-com-andar-inteiro-leblon-rio-de-janeiro-182m2-id-2868803279/
duplicata de conteúdo (mesmo imóvel),Leblon,Rua Almirante Guilhem,40000.0,2450.0,140.0,,2868581180,https://www.zapimoveis.com.br/imovel/aluguel-andar-laje-corporativa-leblon-rio-de-janeiro-140m2-id-2868581180/
duplicata de conteúdo (mesmo imóvel),Leblon,Rua Almirante Guilhem,45000.0,4900.0,182.0,,2863711963,https://www.zapimoveis.com.br/imovel/aluguel-loja-salao-leblon-rio-de-janeiro-182m2-id-2863711963/
duplicata de conteúdo (mesmo imóvel),Leblon,Rua Almirante Guilhem,40000.0,2450.0,140.0,,2863437370,https://www.zapimoveis.com.br/imovel/aluguel-loja-salao-com-interfone-leblon-rio-de-janeiro-140m2-id-2863437370/
duplicata de conteúdo (mesmo imóvel),Leblon,Rua Almirante Guilhem,40000.0,4900.0,182.0,,2860002961,https://www.zapimoveis.com.br/imovel/aluguel-conjunto-comercial-sala-leblon-rio-de-janeiro-182m2-id-2860002961/
duplicata de conteúdo (mesmo imóvel),Leblon,Avenida Ataulfo de Paiva,20000.0,,33.0,,2856126949,https://www.zapimoveis.com.br/imovel/aluguel-loja-salao-leblon-rio-de-janeiro-33m2-id-2856126949/
duplicata de conteúdo (mesmo imóvel),Leblon,,45000.0,4900.0,182.0,,2855534867,https://www.zapimoveis.com.br/imovel/aluguel-conjunto-comercial-sala-com-interfone-leblon-rio-de-janeiro-182m2-id-2855534867/
duplicata de conteúdo (mesmo imóvel),Leblon,Rua Almirante Guilhem,45000.0,4900.0,182.0,,2854772730,https://www.zapimoveis.com.br/imovel/aluguel-conjunto-comercial-sala-com-ar-condicionado-leblon-rio-de-janeiro-182m2-id-2854772730/
duplicata de conteúdo (mesmo imóvel),Leblon,,19990.0,2509.0,135.0,2,2851436513,https://www.zapimoveis.com.br/imovel/aluguel-apartamento-2-quartos-mobiliado-leblon-rio-de-janeiro-135m2-id-2851436513/
duplicata de conteúdo (mesmo imóvel),Leblon,Avenida Ataulfo de Paiva,20000.0,0.0,33.0,,2846536716,https://www.zapimoveis.com.br/imovel/aluguel-loja-salao-leblon-rio-de-janeiro-33m2-id-2846536716/
duplicata de conteúdo (mesmo imóvel),Leblon,Avenida Visconde de Albuquerque,30000.0,4700.0,460.0,4,,
duplicata de conteúdo (mesmo imóvel),Leblon,Rua Almirante Guilhem,40000.0,2450.0,140.0,,2836198987,https://www.zapimoveis.com.br/imovel/aluguel-conjunto-comercial-sala-com-acesso-24-horas-leblon-rio-de-janeiro-140m2-id-2836198987/
duplicata de conteúdo (mesmo imóvel),Leblon,Avenida Ataulfo de Paiva,15000.0,,33.0,,2836198528,https://www.zapimoveis.com.br/imovel/aluguel-loja-salao-leblon-rio-de-janeiro-33m2-id-2836198528/
duplicata de conteúdo (mesmo imóvel),Leblon,Rua Almirante Guilhem,45000.0,4900.0,182.0,,2835847215,https://www.zapimoveis.com.br/imovel/aluguel-conjunto-comercial-sala-leblon-rio-de-janeiro-182m2-id-2835847215/
duplicata de conteúdo (mesmo imóvel),Leblon,Avenida Ataulfo de Paiva,87400.0,,276.0,,2832405489,https://www.zapimoveis.com.br/imovel/aluguel-conjunto-comercial-sala-leblon-rio-de-janeiro-276m2-id-2832405489/
duplicata de conteúdo (mesmo imóvel),Leblon,Avenida Ataulfo de Paiva,15000.0,,33.0,,2829818119,https://www.zapimoveis.com.br/imovel/aluguel-loja-salao-leblon-rio-de-janeiro-33m2-id-2829818119/
duplicata de conteúdo (mesmo imóvel),Leblon,Avenida Ataulfo de Paiva,45000.0,8997.0,142.0,,2829155527,https://www.zapimoveis.com.br/imovel/aluguel-conjunto-comercial-sala-com-blindex-leblon-rio-de-janeiro-142m2-id-2829155527/
duplicata de conteúdo (mesmo imóvel),Leblon,Rua Almirante Guilhem,45000.0,4900.0,182.0,,2825371850,https://www.zapimoveis.com.br/imovel/aluguel-conjunto-comercial-sala-leblon-rio-de-janeiro-182m2-id-2825371850/
duplicata de conteúdo (mesmo imóvel),Leblon,Avenida Ataulfo de Paiva,15000.0,,33.0,,2825201930,https://www.zapimoveis.com.br/imovel/aluguel-loja-salao-com-ar-condicionado-leblon-rio-de-janeiro-33m2-id-2825201930/
duplicata de conteúdo (mesmo imóvel),Leblon,Avenida Visconde de Albuquerque,30000.0,4700.0,460.0,4,2824185852,https://www.zapimoveis.com.br/imovel/aluguel-cobertura-4-quartos-leblon-rio-de-janeiro-460m2-id-2824185852/
duplicata de conteúdo (mesmo imóvel),Leblon,Avenida Ataulfo de Paiva,120000.0,,395.0,,2823495837,https://www.zapimoveis.com.br/imovel/aluguel-conjunto-comercial-sala-com-acesso-24-horas-leblon-rio-de-janeiro-395m2-id-2823495837/
duplicata de conteúdo (mesmo imóvel),Leblon,Rua Aristides Espinola,12000.0,6029.0,315.0,4,2821702993,https://www.zapimoveis.com.br/imovel/aluguel-cobertura-4-quartos-mobiliado-leblon-rio-de-janeiro-315m2-id-2821702993/
duplicata de conteúdo (mesmo imóvel),Leblon,Rua Almirante Guilhem,40000.0,4900.0,182.0,,2820852514,https://www.zapimoveis.com.br/imovel/aluguel-conjunto-comercial-sala-leblon-rio-de-janeiro-182m2-id-2820852514/
duplicata de conteúdo (mesmo imóvel),Leblon,Avenida Ataulfo de Paiva,45000.0,8997.0,142.0,,2818547384,https://www.zapimoveis.com.br/imovel/aluguel-conjunto-comercial-sala-com-copa-leblon-rio-de-janeiro-142m2-id-2818547384/
duplicata de conteúdo (mesmo imóvel),Leblon,Avenida Ataulfo de Paiva,20000.0,2023.0,33.0,,2811270456,https://www.zapimoveis.com.br/imovel/aluguel-loja-salao-com-escritorio-leblon-rio-de-janeiro-33m2-id-2811270456/
duplicata de conteúdo (mesmo imóvel),Leblon,Avenida Ataulfo de Paiva,20000.0,0.0,33.0,,2811184548,https://www.zapimoveis.com.br/imovel/aluguel-loja-salao-com-ar-condicionado-leblon-rio-de-janeiro-33m2-id-2811184548/
duplicata de conteúdo (mesmo imóvel),Leblon,Avenida Ataulfo de Paiva,20000.0,0.0,33.0,,2811116665,https://www.zapimoveis.com.br/imovel/aluguel-loja-salao-com-elevador-leblon-rio-de-janeiro-33m2-id-2811116665/
duplicata de conteúdo (mesmo imóvel),Leblon,Rua Dias Ferreira,12000.0,1151.0,70.0,2,2807721889,https://www.zapimoveis.com.br/imovel/aluguel-apartamento-2-quartos-mobiliado-leblon-rio-de-janeiro-70m2-id-2807721889/
duplicata de conteúdo (mesmo imóvel),Leblon,Rua Almirante Guilhem,38000.0,4900.0,182.0,,2803459728,https://www.zapimoveis.com.br/imovel/aluguel-conjunto-comercial-sala-com-copa-leblon-rio-de-janeiro-182m2-id-2803459728/
duplicata de conteúdo (mesmo imóvel),Leblon,Rua Almirante Guilhem,40000.0,2450.0,140.0,,2803418844,https://www.zapimoveis.com.br/imovel/aluguel-loja-salao-leblon-rio-de-janeiro-140m2-id-2803418844/
duplicata de conteúdo (mesmo imóvel),Leblon,Avenida Ataulfo de Paiva,95000.0,,245.0,,2796614728,https://www.zapimoveis.com.br/imovel/aluguel-conjunto-comercial-sala-com-interfone-leblon-rio-de-janeiro-245m2-id-2796614728/
duplicata de conteúdo (mesmo imóvel),Leblon,Rua General Venâncio Flores,66000.0,4130.0,660.0,3,2793239183,https://www.zapimoveis.com.br/imovel/aluguel-apartamento-3-quartos-leblon-rio-de-janeiro-660m2-id-2793239183/
duplicata de conteúdo (mesmo imóvel),Leblon,Avenida Ataulfo de Paiva,111000.0,32000.0,370.0,,2792853414,https://www.zapimoveis.com.br/imovel/aluguel-conjunto-comercial-sala-com-interfone-leblon-rio-de-janeiro-370m2-id-2792853414/
duplicata de conteúdo (mesmo imóvel),Leblon,Avenida Ataulfo de Paiva,150000.0,6000.0,500.0,,2786644676,https://www.zapimoveis.com.br/imovel/aluguel-conjunto-comercial-sala-com-copa-leblon-rio-de-janeiro-500m2-id-2786644676/
duplicata de conteúdo (mesmo imóvel),Leblon,Avenida Ataulfo de Paiva,15000.0,0.0,33.0,,2778965415,https://www.zapimoveis.com.br/imovel/aluguel-loja-salao-com-ar-condicionado-leblon-rio-de-janeiro-33m2-id-2778965415/
duplicata de conteúdo (mesmo imóvel),Leblon,Avenida Ataulfo de Paiva,15000.0,,33.0,1,2777007062,https://www.zapimoveis.com.br/imovel/aluguel-loja-salao-1-quarto-com-blindex-leblon-rio-de-janeiro-33m2-id-2777007062/
duplicata de conteúdo (mesmo imóvel),Leblon,Rua Embaixador Graça Aranha,35000.0,5600.0,1250.0,5,2761081214,https://www.zapimoveis.com.br/imovel/aluguel-casa-de-condominio-5-quartos-com-piscina-leblon-rio-de-janeiro-1250m2-id-2761081214/
duplicata de conteúdo (mesmo imóvel),Leblon,Rua Almirante Guilhem,42000.0,4900.0,182.0,,2757046419,https://www.zapimoveis.com.br/imovel/aluguel-conjunto-comercial-sala-leblon-rio-de-janeiro-182m2-id-2757046419/
duplicata de conteúdo (mesmo imóvel),Leblon,Rua Almirante Guilhem,45000.0,4900.0,182.0,,2757046416,https://www.zapimoveis.com.br/imovel/aluguel-conjunto-comercial-sala-leblon-rio-de-janeiro-182m2-id-2757046416/
duplicata de conteúdo (mesmo imóvel),Leblon,Rua Almirante Guilhem,35000.0,4900.0,182.0,,2757046414,https://www.zapimoveis.com.br/imovel/aluguel-conjunto-comercial-sala-leblon-rio-de-janeiro-182m2-id-2757046414/
duplicata de conteúdo (mesmo imóvel),Leblon,Avenida Ataulfo de Paiva,15000.0,,33.0,,2755417000,https://www.zapimoveis.com.br/imovel/aluguel-loja-salao-leblon-rio-de-janeiro-33m2-id-2755417000/
duplicata de conteúdo (mesmo imóvel),Leblon,Rua Rita Ludolf,27000.0,4200.0,227.0,4,2753651527,https://www.zapimoveis.com.br/imovel/aluguel-apartamento-4-quartos-com-cozinha-leblon-rio-de-janeiro-227m2-id-2753651527/
duplicata de conteúdo (mesmo imóvel),Leblon,Avenida Ataulfo de Paiva,15000.0,0.0,33.0,,2750381568,https://www.zapimoveis.com.br/imovel/aluguel-loja-salao-com-ar-condicionado-leblon-rio-de-janeiro-33m2-id-2750381568/
duplicata de conteúdo (mesmo imóvel),Leblon,Rua Codajas,79000.0,4999.0,1100.0,3,2734954060,https://www.zapimoveis.com.br/imovel/aluguel-casa-de-condominio-3-quartos-com-piscina-leblon-rio-de-janeiro-1100m2-id-2734954060/
duplicata de conteúdo (mesmo imóvel),Leblon,Rua Almirante Guilhem,40000.0,2450.0,140.0,,2727461365,https://www.zapimoveis.com.br/imovel/aluguel-conjunto-comercial-sala-leblon-rio-de-janeiro-140m2-id-2727461365/
duplicata de conteúdo (mesmo imóvel),Leblon,Rua Almirante Guilhem,40000.0,2450.0,140.0,,2702348182,https://www.zapimoveis.com.br/imovel/aluguel-conjunto-comercial-sala-com-elevador-leblon-rio-de-janeiro-140m2-id-2702348182/
duplicata de conteúdo (mesmo imóvel),Leblon,Avenida Ataulfo de Paiva,20000.0,0.0,30.0,,2699661481,https://www.zapimoveis.com.br/imovel/aluguel-loja-salao-leblon-rio-de-janeiro-30m2-id-2699661481/
duplicata de conteúdo (mesmo imóvel),Leblon,Avenida Ataulfo de Paiva,20000.0,0.0,30.0,,2659905095,https://www.zapimoveis.com.br/imovel/aluguel-loja-salao-leblon-rio-de-janeiro-30m2-id-2659905095/
duplicata de conteúdo (mesmo imóvel),Leblon,Rua Almirante Guilhem,40000.0,2450.0,140.0,,2652337177,https://www.zapimoveis.com.br/imovel/aluguel-loja-salao-leblon-rio-de-janeiro-140m2-id-2652337177/
duplicata de conteúdo (mesmo imóvel),Leblon,Rua Almirante Guilhem,45000.0,4900.0,182.0,,2652335045,https://www.zapimoveis.com.br/imovel/aluguel-conjunto-comercial-sala-com-copa-leblon-rio-de-janeiro-182m2-id-2652335045/
duplicata de conteúdo (mesmo imóvel),Leblon,Rua Almirante Guilhem,30000.0,2450.0,140.0,,2620408715,https://www.zapimoveis.com.br/imovel/aluguel-loja-salao-com-elevador-leblon-rio-de-janeiro-140m2-id-2620408715/
duplicata de conteúdo (mesmo imóvel),Leblon,Avenida General San Martin,25000.0,2200.0,100.0,2,2582339043,https://www.zapimoveis.com.br/imovel/aluguel-apartamento-2-quartos-leblon-rio-de-janeiro-100m2-id-2582339043/
duplicata de conteúdo (mesmo imóvel),Leblon,Rua Almirante Guilhem,45000.0,4900.0,185.0,,2535871390,https://www.zapimoveis.com.br/imovel/aluguel-conjunto-comercial-sala-com-porcelanato-leblon-rio-de-janeiro-185m2-id-2535871390/
duplicata de conteúdo (mesmo imóvel),Leblon,Rua Almirante Guilhem,30000.0,4900.0,140.0,,2515932360,https://www.zapimoveis.com.br/imovel/aluguel-conjunto-comercial-sala-com-interfone-leblon-rio-de-janeiro-140m2-id-2515932360/
duplicata de conteúdo (mesmo imóvel),Leme,Rua Gustavo Sampaio,6500.0,850.0,59.0,2,2903841798,https://www.zapimoveis.com.br/imovel/aluguel-apartamento-2-quartos-mobiliado-leme-rio-de-janeiro-59m2-id-2903841798/
duplicata de conteúdo (mesmo imóvel),Leme,Rua Gustavo Sampaio,15000.0,,110.0,,2899275589,https://www.zapimoveis.com.br/imovel/aluguel-loja-salao-leme-rio-de-janeiro-110m2-id-2899275589/
duplicata de conteúdo (mesmo imóvel),Leme,Rua Gustavo Sampaio,6500.0,815.0,59.0,2,2893257392,https://www.zapimoveis.com.br/imovel/aluguel-apartamento-2-quartos-mobiliado-leme-rio-de-janeiro-59m2-id-2893257392/
duplicata de conteúdo (mesmo imóvel),Leme,Rua Gustavo Sampaio,15000.0,,110.0,,2872572881,https://www.zapimoveis.com.br/imovel/aluguel-loja-salao-leme-rio-de-janeiro-110m2-id-2872572881/
duplicata de conteúdo (mesmo imóvel),Leme,Rua Gustavo Sampaio,15000.0,,110.0,,2871210648,https://www.zapimoveis.com.br/imovel/aluguel-loja-salao-leme-rio-de-janeiro-110m2-id-2871210648/
duplicata de conteúdo (mesmo imóvel),Leme,Rua Gustavo Sampaio,15000.0,0.0,110.0,,2869223486,https://www.zapimoveis.com.br/imovel/aluguel-loja-salao-leme-rio-de-janeiro-110m2-id-2869223486/
duplicata de conteúdo (mesmo imóvel),São Conrado,Rua Gabriel Garcia Moreno,49000.0,1500.0,650.0,5,2897610189,https://www.zapimoveis.com.br/imovel/aluguel-casa-de-condominio-5-quartos-mobiliado-sao-conrado-rio-de-janeiro-650m2-id-2897610189/
duplicata de conteúdo (mesmo imóvel),São Conrado,,55000.0,9500.0,410.0,4,2894969115,https://www.zapimoveis.com.br/imovel/aluguel-apartamento-4-quartos-com-piscina-sao-conrado-rio-de-janeiro-410m2-id-2894969115/
duplicata de conteúdo (mesmo imóvel),São Conrado,Rua Gabriel Garcia Moreno,45000.0,1500.0,1000.0,6,2855030835,https://www.zapimoveis.com.br/imovel/aluguel-casa-de-condominio-6-quartos-mobiliado-sao-conrado-rio-de-janeiro-1000m2-id-2855030835/
duplicata de conteúdo (mesmo imóvel),Urca,Rua Almirante Gomes Pereira,7800.0,3000.0,180.0,3,2905478650,https://www.zapimoveis.com.br/imovel/aluguel-apartamento-3-quartos-urca-rio-de-janeiro-180m2-id-2905478650/
duplicata de conteúdo (mesmo imóvel),Urca,Avenida Portugal,18500.0,2700.0,130.0,3,2898863573,https://www.zapimoveis.com.br/imovel/aluguel-apartamento-3-quartos-mobiliado-urca-rio-de-janeiro-130m2-id-2898863573/
duplicata de conteúdo (mesmo imóvel),Urca,Rua Marechal Cantuária,6288.0,0.0,74.0,,2859634018,https://www.zapimoveis.com.br/imovel/aluguel-loja-salao-urca-rio-de-janeiro-74m2-id-2859634018/
duplicata de conteúdo (mesmo imóvel),Pavuna,Rua Benjamim da Silva,76195.0,13433.0,2822.0,,2825905342,https://www.zapimoveis.com.br/imovel/aluguel-galpao-deposito-armazem-mobiliado-pavuna-rio-de-janeiro-2822m2-id-2825905342/
duplicata de conteúdo (mesmo imóvel),Pavuna,Estrada Rio D'Ouro,62683.0,15582.0,2089.0,,2817969132,https://www.zapimoveis.com.br/imovel/aluguel-galpao-deposito-armazem-com-cozinha-pavuna-rio-de-janeiro-2089m2-id-2817969132/
duplicata de conteúdo (mesmo imóvel),Pavuna,Estrada Rio D'Ouro,31342.0,7791.0,1044.0,,2803487153,https://www.zapimoveis.com.br/imovel/aluguel-galpao-deposito-armazem-com-cozinha-pavuna-rio-de-janeiro-1044m2-id-2803487153/
duplicata de conteúdo (mesmo imóvel),Pavuna,Estrada Rio D'Ouro,31342.0,8044.0,1045.0,,2761528630,https://www.zapimoveis.com.br/imovel/aluguel-galpao-deposito-armazem-pavuna-rio-de-janeiro-1045m2-id-2761528630/
duplicata de conteúdo (mesmo imóvel),Pavuna,Rua Embau,157814.0,35508.0,7173.0,,2730507852,https://www.zapimoveis.com.br/imovel/aluguel-galpao-deposito-armazem-com-deposito-privativo-pavuna-rio-de-janeiro-7173m2-id-2730507852/
duplicata de conteúdo (mesmo imóvel),Pavuna,Rua Embau,157814.0,35508.0,7173.0,,2661170294,https://www.zapimoveis.com.br/imovel/aluguel-galpao-deposito-armazem-pavuna-rio-de-janeiro-7173m2-id-2661170294/
duplicata de conteúdo (mesmo imóvel),Pavuna,Rua Embau,315629.0,71016.0,14347.0,,2572655914,https://www.zapimoveis.com.br/imovel/aluguel-galpao-deposito-armazem-com-acesso-24-horas-pavuna-rio-de-janeiro-14347m2-id-2572655914/
duplicata de conteúdo (mesmo imóvel),Copacabana,Avenida Nossa Senhora de Copacabana,8000.0,3400.0,200.0,,2898797687,https://www.zapimoveis.com.br/imovel/aluguel-conjunto-comercial-sala-com-elevador-copacabana-rio-de-janeiro-200m2-id-2898797687/
duplicata de conteúdo (mesmo imóvel),Copacabana,Avenida Atlântica,42120.0,11370.0,234.0,,2898203609,https://www.zapimoveis.com.br/imovel/aluguel-conjunto-comercial-sala-mobiliado-copacabana-rio-de-janeiro-234m2-id-2898203609/
duplicata de conteúdo (mesmo imóvel),Copacabana,Rua Xavier da Silveira,11900.0,2750.0,190.0,3,2897466879,https://www.zapimoveis.com.br/imovel/aluguel-apartamento-3-quartos-mobiliado-copacabana-rio-de-janeiro-190m2-id-2897466879/
duplicata de conteúdo (mesmo imóvel),Copacabana,Rua Siqueira Campos,4500.0,1453.0,79.0,2,2896763492,https://www.zapimoveis.com.br/imovel/aluguel-apartamento-2-quartos-com-interfone-copacabana-rio-de-janeiro-79m2-id-2896763492/
duplicata de conteúdo (mesmo imóvel),Copacabana,Rua Belfort Roxo,11000.0,1528.0,110.0,3,2894784707,https://www.zapimoveis.com.br/imovel/aluguel-apartamento-3-quartos-mobiliado-copacabana-rio-de-janeiro-110m2-id-2894784707/
duplicata de conteúdo (mesmo imóvel),Copacabana,Rua Figueiredo Magalhães,95000.0,500.0,600.0,,2893788412,https://www.zapimoveis.com.br/imovel/aluguel-loja-salao-com-escritorio-copacabana-rio-de-janeiro-600m2-id-2893788412/
duplicata de conteúdo (mesmo imóvel),Copacabana,Rua Belfort Roxo,9000.0,1630.0,112.0,3,2893718399,https://www.zapimoveis.com.br/imovel/aluguel-apartamento-3-quartos-copacabana-rio-de-janeiro-112m2-id-2893718399/
duplicata de conteúdo (mesmo imóvel),Copacabana,Rua Belfort Roxo,9000.0,1630.0,112.0,3,2893672584,https://www.zapimoveis.com.br/imovel/aluguel-apartamento-3-quartos-mobiliado-copacabana-rio-de-janeiro-112m2-id-2893672584/
duplicata de conteúdo (mesmo imóvel),Copacabana,Rua Barata Ribeiro,13000.0,1156.0,210.0,4,2892461085,https://www.zapimoveis.com.br/imovel/aluguel-apartamento-4-quartos-com-ar-condicionado-copacabana-rio-de-janeiro-210m2-id-2892461085/
duplicata de conteúdo (mesmo imóvel),Copacabana,Rua Bulhões de Carvalho,25000.0,,110.0,3,2892033796,https://www.zapimoveis.com.br/imovel/aluguel-casa-de-vila-3-quartos-mobiliado-copacabana-rio-de-janeiro-110m2-id-2892033796/
duplicata de conteúdo (mesmo imóvel),Copacabana,Rua Francisco Otaviano,14000.0,3300.0,149.0,3,2892035585,https://www.zapimoveis.com.br/imovel/aluguel-apartamento-3-quartos-mobiliado-copacabana-rio-de-janeiro-149m2-id-2892035585/
duplicata de conteúdo (mesmo imóvel),Copacabana,Rua Figueiredo Magalhães,8500.0,2300.0,150.0,3,2891236186,https://www.zapimoveis.com.br/imovel/aluguel-apartamento-3-quartos-mobiliado-copacabana-rio-de-janeiro-150m2-id-2891236186/
duplicata de conteúdo (mesmo imóvel),Copacabana,Avenida Prado Júnior,4000.0,700.0,42.0,1,2890276134,https://www.zapimoveis.com.br/imovel/aluguel-studio-1-quarto-mobiliado-copacabana-rio-de-janeiro-42m2-id-2890276134/
duplicata de conteúdo (mesmo imóvel),Copacabana,Rua Bolivar,15800.0,3800.0,360.0,4,2889492329,https://www.zapimoveis.com.br/imovel/aluguel-apartamento-4-quartos-copacabana-rio-de-janeiro-360m2-id-2889492329/
duplicata de conteúdo (mesmo imóvel),Copacabana,Rua Paula Freitas,15000.0,3500.0,348.0,5,2887893557,https://www.zapimoveis.com.br/imovel/aluguel-apartamento-5-quartos-copacabana-rio-de-janeiro-348m2-id-2887893557/
duplicata de conteúdo (mesmo imóvel),Copacabana,Avenida Nossa Senhora de Copacabana,1300.0,750.0,30.0,,2886715777,https://www.zapimoveis.com.br/imovel/aluguel-conjunto-comercial-sala-com-tv-a-cabo-copacabana-rio-de-janeiro-30m2-id-2886715777/
duplicata de conteúdo (mesmo imóvel),Copacabana,Avenida Atlântica,36000.0,9718.0,200.0,,2886510188,https://www.zapimoveis.com.br/imovel/aluguel-loja-salao-com-churrasqueira-copacabana-rio-de-janeiro-200m2-id-2886510188/
duplicata de conteúdo (mesmo imóvel),Copacabana,Avenida Atlântica,55620.0,15014.0,309.0,,2886510678,https://www.zapimoveis.com.br/imovel/aluguel-loja-salao-com-churrasqueira-copacabana-rio-de-janeiro-309m2-id-2886510678/
duplicata de conteúdo (mesmo imóvel),Copacabana,Rua Joaquim Nabuco,13800.0,2030.0,210.0,5,2885682178,https://www.zapimoveis.com.br/imovel/aluguel-cobertura-5-quartos-copacabana-rio-de-janeiro-210m2-id-2885682178/
duplicata de conteúdo (mesmo imóvel),Copacabana,Rua Tonelero,10000.0,2717.0,230.0,4,2882257689,https://www.zapimoveis.com.br/imovel/aluguel-apartamento-4-quartos-copacabana-rio-de-janeiro-230m2-id-2882257689/
duplicata de conteúdo (mesmo imóvel),Copacabana,Rua Sá Ferreira,17000.0,2368.0,138.0,3,2880847604,https://www.zapimoveis.com.br/imovel/aluguel-apartamento-3-quartos-copacabana-rio-de-janeiro-138m2-id-2880847604/
duplicata de conteúdo (mesmo imóvel),Copacabana,Rua Joaquim Nabuco,8544.0,2030.0,210.0,5,2879949381,https://www.zapimoveis.com.br/imovel/aluguel-cobertura-5-quartos-com-sala-de-jantar-copacabana-rio-de-janeiro-210m2-id-2879949381/
duplicata de conteúdo (mesmo imóvel),Copacabana,Rua Hilário de Gouveia,7700.0,2028.0,142.0,3,2877430804,https://www.zapimoveis.com.br/imovel/aluguel-apartamento-3-quartos-copacabana-rio-de-janeiro-142m2-id-2877430804/
duplicata de conteúdo (mesmo imóvel),Copacabana,Avenida Atlântica,43200.0,11662.0,240.0,,2875566859,https://www.zapimoveis.com.br/imovel/aluguel-conjunto-comercial-sala-com-cozinha-copacabana-rio-de-janeiro-240m2-id-2875566859/
duplicata de conteúdo (mesmo imóvel),Copacabana,Avenida Nossa Senhora de Copacabana,42000.0,0.0,240.0,,2875134409,https://www.zapimoveis.com.br/imovel/aluguel-loja-salao-copacabana-rio-de-janeiro-240m2-id-2875134409/
duplicata de conteúdo (mesmo imóvel),Copacabana,Avenida Nossa Senhora de Copacabana,2000.0,773.0,29.0,,2875002205,https://www.zapimoveis.com.br/imovel/aluguel-conjunto-comercial-sala-copacabana-rio-de-janeiro-29m2-id-2875002205/
duplicata de conteúdo (mesmo imóvel),Copacabana,Avenida Henrique Dodsworth,16000.0,3000.0,300.0,4,2871145420,https://www.zapimoveis.com.br/imovel/aluguel-apartamento-4-quartos-com-janelas-de-aluminio-copacabana-rio-de-janeiro-300m2-id-2871145420/
duplicata de conteúdo (mesmo imóvel),Leme,Rua Roberto Dias Lópes,8700.0,1690.0,90.0,2,2885296008,https://www.zapimoveis.com.br/imovel/aluguel-apartamento-2-quartos-mobiliado-leme-rio-de-janeiro-90m2-id-2885296008/
duplicata de conteúdo (mesmo imóvel),Copacabana,Rua Francisco Otaviano,40000.0,4800.0,850.0,4,2867816859,https://www.zapimoveis.com.br/imovel/aluguel-cobertura-4-quartos-com-piscina-copacabana-rio-de-janeiro-850m2-id-2867816859/
